{
"type": "FeatureCollection",
"name": "polygon_selected",
"crs": { "type": "name", "properties": { "name": "urn:ogc:def:crs:OGC:1.3:CRS84" } },
"features": [
{ "type": "Feature", "properties": { "fid": 0, "class_id": 1, "class_name": "Sawah", "source": "Kementan", "source_class": "Banyuwangi", "kode": "VALID", "alasan": "", "n_valid": 231, "n_nodata": 0, "status_v5": "ok" }, "geometry": { "type": "Polygon", "coordinates": [ [ [ 114.313898085751276, -8.167554854643438 ], [ 114.314092635688965, -8.167625426796226 ], [ 114.314222336246317, -8.167646408276639 ], [ 114.314359665297061, -8.167636870658709 ], [ 114.314424514677427, -8.16760063191418 ], [ 114.314504622841184, -8.167673110319823 ], [ 114.314496994347806, -8.167743683406364 ], [ 114.314390181965592, -8.167873382092912 ], [ 114.314333181165864, -8.168002587589484 ], [ 114.314332962875241, -8.168003082647271 ], [ 114.314264296553247, -8.168062210089159 ], [ 114.314191817781165, -8.168163299638842 ], [ 114.31414222718422, -8.168319703283627 ], [ 114.314062119020463, -8.168300628930048 ], [ 114.314077377803855, -8.16839981137676 ], [ 114.314050673585413, -8.168443679753111 ], [ 114.31397819481333, -8.168487549960926 ], [ 114.313879012721131, -8.168638230414013 ], [ 114.31385231029931, -8.168710708089717 ], [ 114.313749313062104, -8.168804169144702 ], [ 114.313707351856877, -8.168861388624828 ], [ 114.313638687331519, -8.169034957018033 ], [ 114.313573837052814, -8.169128418146951 ], [ 114.313539505239277, -8.169113158999258 ], [ 114.31346321132223, -8.168964386449369 ], [ 114.313348771344891, -8.16886520477944 ], [ 114.313226700179243, -8.168815613040087 ], [ 114.313161849900581, -8.168745039769012 ], [ 114.313081740838498, -8.168586730626085 ], [ 114.313061934783121, -8.168494301753482 ], [ 114.313058852663389, -8.168479920398944 ], [ 114.313100813868601, -8.168308256661911 ], [ 114.313184738974044, -8.168191908876482 ], [ 114.313206038927746, -8.168129528830372 ], [ 114.31321144139585, -8.168113707984402 ], [ 114.313196181714119, -8.168004988893799 ], [ 114.313131333232064, -8.16789817790484 ], [ 114.313051223271671, -8.167871474933605 ], [ 114.312994003283009, -8.16782760570511 ], [ 114.312833786057126, -8.167686462255466 ], [ 114.312734603964927, -8.167572021804416 ], [ 114.312664281149551, -8.167523905345853 ], [ 114.312662124294548, -8.167522430221494 ], [ 114.31264686461283, -8.167451858999835 ], [ 114.31265631039804, -8.167441419870977 ], [ 114.312719344283195, -8.167371750178546 ], [ 114.312763989654528, -8.167353720786451 ], [ 114.31280205845961, -8.167338346617779 ], [ 114.312917709365934, -8.167291641372918 ], [ 114.313020484719289, -8.167144820482664 ], [ 114.313024520849851, -8.167139054258895 ], [ 114.313026300412432, -8.167140083648112 ], [ 114.313146591117146, -8.16720962542672 ], [ 114.313146591117146, -8.167282103763236 ], [ 114.313249588354395, -8.16746711717229 ], [ 114.313329697416492, -8.167510987275598 ], [ 114.313383103158429, -8.167430878442765 ], [ 114.313257217746084, -8.167217254965056 ], [ 114.313245774107685, -8.166988373443454 ], [ 114.313261059840571, -8.166948885833651 ], [ 114.313261813527092, -8.166946938489557 ], [ 114.313268662282795, -8.16692924615645 ], [ 114.313272475631209, -8.166843414146916 ], [ 114.313245774107685, -8.166801453096122 ], [ 114.313217025323652, -8.166779468758889 ], [ 114.313180922930684, -8.166751860693033 ], [ 114.313172489546815, -8.166714612733104 ], [ 114.313158034755574, -8.166650772404763 ], [ 114.31309318627352, -8.166587829946373 ], [ 114.313062668706678, -8.166522979431235 ], [ 114.313062667808396, -8.16637992927836 ], [ 114.313114084680294, -8.166354220171158 ], [ 114.313135146580436, -8.166343688818158 ], [ 114.313169480190609, -8.16635703979712 ], [ 114.313257217746084, -8.166500091768773 ], [ 114.313344955301588, -8.166528701803745 ], [ 114.313497544034064, -8.166719436334597 ], [ 114.313554764022712, -8.1667633063579 ], [ 114.313563140812747, -8.166810217054897 ], [ 114.313592910981257, -8.166976927772305 ], [ 114.313560285068434, -8.16706030827461 ], [ 114.313558579167719, -8.167064666965331 ], [ 114.313573837052814, -8.167163849113022 ], [ 114.313585246555249, -8.16718248498703 ], [ 114.313631057939801, -8.167257308901958 ], [ 114.313640514504769, -8.167275277092742 ], [ 114.313707350958552, -8.167402268344837 ], [ 114.31377601728056, -8.167427063214893 ], [ 114.313825606979194, -8.167499541589857 ], [ 114.313898085751276, -8.167554854643438 ] ], [ [ 114.31400489813349, -8.168251037258996 ], [ 114.314039229947014, -8.168163299638842 ], [ 114.313989639350041, -8.168071746803593 ], [ 114.313795089412352, -8.167957306244984 ], [ 114.313707350958552, -8.167816161837298 ], [ 114.313627242794794, -8.167779922163529 ], [ 114.313531875847602, -8.167694091802678 ], [ 114.313528060702552, -8.167745589651679 ], [ 114.313570021907807, -8.167766571138243 ], [ 114.31364250067989, -8.167881011643601 ], [ 114.31390571604129, -8.168165206799504 ], [ 114.31400489813349, -8.168251037258996 ] ] ] } },
{ "type": "Feature", "properties": { "fid": 20, "class_id": 1, "class_name": "Sawah", "source": "Kementan", "source_class": "Jember", "kode": "VALID", "alasan": "", "n_valid": 282, "n_nodata": 0, "status_v5": "ok" }, "geometry": { "type": "Polygon", "coordinates": [ [ [ 113.8816987749464, -8.158675889778005 ], [ 113.881763183253952, -8.158625234281329 ], [ 113.88176410941702, -8.158754307166232 ], [ 113.881902282884113, -8.158954114245942 ], [ 113.881910097328799, -8.159040111751551 ], [ 113.881867586354588, -8.159133638192364 ], [ 113.881788834646912, -8.159191567839493 ], [ 113.881839930820249, -8.159291599345618 ], [ 113.881948598223531, -8.159391219858913 ], [ 113.882078290696043, -8.159411810908436 ], [ 113.882345127166374, -8.159488791703433 ], [ 113.882517946857362, -8.159501904982607 ], [ 113.882597519625236, -8.159558706667346 ], [ 113.882821024061158, -8.159614483556478 ], [ 113.882886409735775, -8.159700071096326 ], [ 113.882958735794247, -8.159749753984086 ], [ 113.883009112417042, -8.159749395028737 ], [ 113.88307429237743, -8.159806299045458 ], [ 113.882995849690175, -8.159907254121256 ], [ 113.882851713206236, -8.159879596282451 ], [ 113.882700895053176, -8.159923695744165 ], [ 113.882607700232342, -8.159974556910015 ], [ 113.882485513184037, -8.159996940939875 ], [ 113.882132008153405, -8.159877550327668 ], [ 113.882066776090753, -8.159813473586571 ], [ 113.881505445819158, -8.159817469591385 ], [ 113.881418522137324, -8.15973920727331 ], [ 113.881302040289398, -8.15955358813093 ], [ 113.881293918620898, -8.159424566143464 ], [ 113.881214397057008, -8.159374934443878 ], [ 113.881070466287227, -8.15937595833339 ], [ 113.880933886431436, -8.159398443714846 ], [ 113.880882483034256, -8.159255387826157 ], [ 113.880924890702161, -8.15914751960524 ], [ 113.880923966335757, -8.159018445683293 ], [ 113.880866238798973, -8.158997344079289 ], [ 113.880787436785596, -8.159048102832788 ], [ 113.880716705236765, -8.159220711686878 ], [ 113.880659852659065, -8.159321512258854 ], [ 113.88062402425227, -8.159343280640714 ], [ 113.880573289201649, -8.159293444355779 ], [ 113.880622842069343, -8.159178353186045 ], [ 113.88062243064094, -8.159120987090681 ], [ 113.88059318329195, -8.159056655637249 ], [ 113.880592205026602, -8.15892041087174 ], [ 113.880534067858051, -8.158841943216407 ], [ 113.880468991203912, -8.158799379246355 ], [ 113.880267127183174, -8.158750618064142 ], [ 113.880194699615046, -8.158686592647717 ], [ 113.880079299338732, -8.15865155760212 ], [ 113.880061155166615, -8.158128196960943 ], [ 113.880190538618663, -8.158105763711097 ], [ 113.880579357321409, -8.158131680549456 ], [ 113.880953626011475, -8.15813618985116 ], [ 113.881335710044539, -8.158226693747981 ], [ 113.881451316933394, -8.158290412200625 ], [ 113.8815025146164, -8.158404785213008 ], [ 113.881625730235712, -8.158525816722037 ], [ 113.881626604296486, -8.158647718708281 ], [ 113.8816987749464, -8.158675889778005 ] ] ] } },
{ "type": "Feature", "properties": { "fid": 45, "class_id": 1, "class_name": "Sawah", "source": "Kementan", "source_class": "Malang", "kode": "VALID", "alasan": "", "n_valid": 625, "n_nodata": 0, "status_v5": "ok" }, "geometry": { "type": "Polygon", "coordinates": [ [ [ 112.443116642933305, -8.29813296380747 ], [ 112.442997670057082, -8.298144859961559 ], [ 112.442807314353416, -8.298251937242018 ], [ 112.442772541467107, -8.298292504785495 ], [ 112.442700237866518, -8.298376857878473 ], [ 112.442611009107651, -8.29848393430683 ], [ 112.442497983976921, -8.29850772754974 ], [ 112.442373063355177, -8.298591009849925 ], [ 112.44231952376424, -8.298692137336191 ], [ 112.44220650043016, -8.298704034420453 ], [ 112.442022091573676, -8.29890033955933 ], [ 112.442039936606818, -8.298941980747792 ], [ 112.442123219416786, -8.298965774017722 ], [ 112.442045886148932, -8.299352436550778 ], [ 112.442069680724174, -8.299447616131559 ], [ 112.442093476197726, -8.299530896798418 ], [ 112.4419863997108, -8.299715305225266 ], [ 112.441861479089098, -8.299762893685129 ], [ 112.441813889040262, -8.299852124346724 ], [ 112.441837682717221, -8.300250683031983 ], [ 112.441903117799129, -8.300292324359866 ], [ 112.442010194286055, -8.300387503248746 ], [ 112.442105371688726, -8.300536218822858 ], [ 112.442113132234482, -8.300585366132426 ], [ 112.442141065348224, -8.300762268172081 ], [ 112.442129167162307, -8.300887189586017 ], [ 112.442045886148932, -8.301077545839661 ], [ 112.441968553779404, -8.301107290097415 ], [ 112.441596351214457, -8.301048132339767 ], [ 112.441070306767216, -8.300964522431386 ], [ 112.440713388138533, -8.300774166231093 ], [ 112.441272560656827, -8.29931079714731 ], [ 112.44100487168528, -8.299185875307936 ], [ 112.441272560656827, -8.298448242160889 ], [ 112.441052460835778, -8.298382806872757 ], [ 112.441094332209502, -8.29827566468604 ], [ 112.441254714725375, -8.297865274850132 ], [ 112.441564046000195, -8.297948555190324 ], [ 112.441736555772394, -8.297377483819412 ], [ 112.441796043108866, -8.297312048704953 ], [ 112.44215296173752, -8.29728230564074 ], [ 112.442200550888018, -8.297246615428467 ], [ 112.442432548894971, -8.296830209141838 ], [ 112.442497983976921, -8.296794516228514 ], [ 112.442688339680558, -8.296800465199466 ], [ 112.442569367702632, -8.297068155277669 ], [ 112.442819210742741, -8.297163331578457 ], [ 112.442961979092502, -8.296871849202956 ], [ 112.443080951968767, -8.296889695205797 ], [ 112.443283205858322, -8.29688374623354 ], [ 112.44343787059745, -8.296842105257515 ], [ 112.443586587591042, -8.29676477320246 ], [ 112.443675816349895, -8.29672908212229 ], [ 112.443116642933305, -8.29813296380747 ] ] ] } },
{ "type": "Feature", "properties": { "fid": 48, "class_id": 1, "class_name": "Sawah", "source": "Kementan", "source_class": "Pasuruan", "kode": "VALID", "alasan": "", "n_valid": 590, "n_nodata": 0, "status_v5": "ok" }, "geometry": { "type": "Polygon", "coordinates": [ [ [ 112.720019430399716, -7.598517886064474 ], [ 112.72008605485108, -7.598517886064474 ], [ 112.720185992426437, -7.598479814016772 ], [ 112.72025737615219, -7.598375118182954 ], [ 112.720352555351496, -7.59820379678612 ], [ 112.720428696554976, -7.598051510547792 ], [ 112.720504839555076, -7.597951573587617 ], [ 112.720600018754368, -7.597942056043687 ], [ 112.721009285807924, -7.598084823785054 ], [ 112.720699956329725, -7.59882245709138 ], [ 112.72017171639996, -7.598617823152951 ], [ 112.719771966098534, -7.59937449158751 ], [ 112.719035226292974, -7.599097251490868 ], [ 112.718509701071966, -7.598899493349864 ], [ 112.718391878937638, -7.599193653143745 ], [ 112.717978131087449, -7.599112502040483 ], [ 112.717896951233527, -7.599107992278049 ], [ 112.716911854201399, -7.598760591113024 ], [ 112.718011164835389, -7.596728530739289 ], [ 112.719181860093428, -7.59708544965362 ], [ 112.718785886309448, -7.597943394191747 ], [ 112.718780114633759, -7.597986527804777 ], [ 112.718810484876869, -7.59805243822122 ], [ 112.718842456816176, -7.598078909296483 ], [ 112.719034490572753, -7.598149982590739 ], [ 112.71993852812524, -7.598484572794515 ], [ 112.720019430399716, -7.598517886064474 ] ] ] } },
{ "type": "Feature", "properties": { "fid": 50, "class_id": 1, "class_name": "Sawah", "source": "Kementan", "source_class": "Bondowoso", "kode": "VALID", "alasan": "", "n_valid": 11962, "n_nodata": 0, "status_v5": "ok" }, "geometry": { "type": "Polygon", "coordinates": [ [ [ 113.789438019648188, -7.952306461140831 ], [ 113.789759974947685, -7.952399919175441 ], [ 113.789761527236507, -7.952629403731486 ], [ 113.789560142017805, -7.952635537623727 ], [ 113.789556380771728, -7.95278855996018 ], [ 113.789537812594787, -7.952879525835691 ], [ 113.78956704018087, -7.952946265622125 ], [ 113.789711716552318, -7.953064820836924 ], [ 113.789680605199081, -7.953428397125974 ], [ 113.789200846446889, -7.953402933985521 ], [ 113.789164128707966, -7.953647019411518 ], [ 113.7895874076833, -7.953830637716314 ], [ 113.789537953630301, -7.954318646705595 ], [ 113.789173386745276, -7.954306754082724 ], [ 113.789165347721791, -7.95453630175644 ], [ 113.7894629928131, -7.954580917148454 ], [ 113.789392461588562, -7.955675077087975 ], [ 113.78932720886462, -7.955777113706347 ], [ 113.789243311606967, -7.956668165236266 ], [ 113.789260355342876, -7.957415102018492 ], [ 113.789165400722382, -7.958443684425228 ], [ 113.789148144984111, -7.958551376404725 ], [ 113.789110403165751, -7.95864366727448 ], [ 113.788981307174566, -7.958701908590688 ], [ 113.788916613202773, -7.958709515128478 ], [ 113.788779886023249, -7.958703263379697 ], [ 113.788628627695729, -7.958675593367114 ], [ 113.787243629445186, -7.958118337283903 ], [ 113.785281840917023, -7.957371313438645 ], [ 113.785180356442737, -7.957257246788558 ], [ 113.785113917942624, -7.957006682053197 ], [ 113.785084852951613, -7.956963848437293 ], [ 113.784954496624096, -7.95683563062296 ], [ 113.784795705922917, -7.95675780911955 ], [ 113.784715994814491, -7.956672283446305 ], [ 113.784607656194581, -7.956608464432679 ], [ 113.784360459591326, -7.956222849208369 ], [ 113.783986926621481, -7.956304244715807 ], [ 113.783850539903469, -7.956348191120766 ], [ 113.783786233105559, -7.956413167684639 ], [ 113.783607217734044, -7.956536289417905 ], [ 113.783557346862736, -7.956608341187666 ], [ 113.783507235242908, -7.956644535968502 ], [ 113.783436459676636, -7.956817131992737 ], [ 113.783408751141693, -7.956975095695932 ], [ 113.783351493423794, -7.957018509934516 ], [ 113.783107492127996, -7.957106208444674 ], [ 113.782654176184508, -7.957091320429227 ], [ 113.782199711295718, -7.957261709178018 ], [ 113.782008124001834, -7.957298852546759 ], [ 113.781918606883778, -7.957359218059607 ], [ 113.781877169396324, -7.95743719030729 ], [ 113.781781981213896, -7.957545404224138 ], [ 113.781543605168409, -7.957756179287704 ], [ 113.781466279985395, -7.957846343772064 ], [ 113.781383723912469, -7.958050096735003 ], [ 113.781258319997121, -7.958122656352583 ], [ 113.781000670597209, -7.958142312634629 ], [ 113.780731514676845, -7.95823376443241 ], [ 113.780618060151397, -7.958300264967035 ], [ 113.780529187125396, -7.958456249081494 ], [ 113.780446551102401, -7.958648050253685 ], [ 113.780351000000564, -7.958702479172312 ], [ 113.780297048082929, -7.958702839779898 ], [ 113.78012891400445, -7.958662131293614 ], [ 113.780020968846657, -7.958656879204432 ], [ 113.779883293046211, -7.958687684219329 ], [ 113.779811154735626, -7.958658285117402 ], [ 113.779744810558654, -7.958598964723525 ], [ 113.779477795323615, -7.958474451994389 ], [ 113.779371244351125, -7.958675975885009 ], [ 113.779315049340198, -7.958877162087651 ], [ 113.779315387106735, -7.958927361426182 ], [ 113.779373371561718, -7.958991518575938 ], [ 113.779395338963667, -7.959048744760632 ], [ 113.779374532185059, -7.959163632621726 ], [ 113.779118365903699, -7.959581311815496 ], [ 113.778894794094086, -7.95965837154217 ], [ 113.778630310311527, -7.959749533356719 ], [ 113.778603179393315, -7.959993554905396 ], [ 113.778337061575243, -7.960002508956249 ], [ 113.778336192006023, -7.959873422929762 ], [ 113.778418212683022, -7.959234586584326 ], [ 113.778373793687194, -7.959048417931211 ], [ 113.777125669041538, -7.95851889525995 ], [ 113.777018924032973, -7.958691732153472 ], [ 113.776643073409645, -7.959497487274377 ], [ 113.776586924212836, -7.959705844956614 ], [ 113.776500745234358, -7.959727937017364 ], [ 113.776112479893825, -7.959759224139226 ], [ 113.775990671036269, -7.959831756663475 ], [ 113.775933460030757, -7.95988234319953 ], [ 113.77581952041507, -7.960055227212617 ], [ 113.775682984576719, -7.960077657077131 ], [ 113.77566777609897, -7.95995583888965 ], [ 113.775609310147019, -7.959819965220417 ], [ 113.775515647303919, -7.959799077313432 ], [ 113.775256530056836, -7.959779295882194 ], [ 113.775105606800892, -7.959801821589961 ], [ 113.775077412277398, -7.959888070942191 ], [ 113.775078474086058, -7.96004584408189 ], [ 113.774762145833478, -7.960076648285531 ], [ 113.774667855966314, -7.959962528865039 ], [ 113.774559419430048, -7.959884366259413 ], [ 113.77451591761411, -7.959834455293576 ], [ 113.774458176602579, -7.959806154369914 ], [ 113.774401253956299, -7.959899768355039 ], [ 113.774346005769672, -7.96024199336993 ], [ 113.774333549729946, -7.96052894686254 ], [ 113.774133720393323, -7.960766954446882 ], [ 113.773983375652435, -7.960875536219903 ], [ 113.773862386956694, -7.961069984182492 ], [ 113.773843864593843, -7.961081013359226 ], [ 113.773740577200797, -7.961142516019756 ], [ 113.773510907627056, -7.961222942940531 ], [ 113.773389097871174, -7.961295474804156 ], [ 113.773282206437173, -7.961446797661869 ], [ 113.773117860554265, -7.961612848984919 ], [ 113.772995101279122, -7.961775727916502 ], [ 113.772947038716481, -7.961839498415087 ], [ 113.772889689370416, -7.961915589928571 ], [ 113.772796314886506, -7.961937729578096 ], [ 113.77240732191062, -7.961861441779067 ], [ 113.772362656776366, -7.961868598295789 ], [ 113.772313900714337, -7.961876410301755 ], [ 113.772264558052399, -7.96202734810866 ], [ 113.772236795618539, -7.962178140812546 ], [ 113.772165631081748, -7.962293366402363 ], [ 113.772093983251324, -7.962336875222269 ], [ 113.771850527232914, -7.962284627756212 ], [ 113.771717122921629, -7.962730211299172 ], [ 113.771636461395644, -7.962939948208437 ], [ 113.771640297201884, -7.962971175315125 ], [ 113.771667517951627, -7.96299628663961 ], [ 113.771864685580098, -7.963025942580779 ], [ 113.771922615237827, -7.963052958301446 ], [ 113.77192047275588, -7.963447462699326 ], [ 113.772078460363204, -7.963433136831098 ], [ 113.772117103191775, -7.963446107895051 ], [ 113.772130241052793, -7.963729692993079 ], [ 113.772263265376722, -7.963754586169821 ], [ 113.772386336367262, -7.963723477687362 ], [ 113.772595120110665, -7.963618210981928 ], [ 113.772773935157858, -7.9634704122081 ], [ 113.772866193035838, -7.963441075764895 ], [ 113.773026724672064, -7.963448769117745 ], [ 113.773082529814161, -7.963480143245707 ], [ 113.773161203368417, -7.96358853582724 ], [ 113.773230739259617, -7.96360861779525 ], [ 113.773316984713404, -7.963603674218454 ], [ 113.773383999033612, -7.963573159158924 ], [ 113.773455213876076, -7.963445100921254 ], [ 113.773497881157127, -7.963395142973012 ], [ 113.773552028009192, -7.963365455965834 ], [ 113.773768920844631, -7.963298071817142 ], [ 113.773884684040354, -7.963212392353601 ], [ 113.77394358298028, -7.963147016697949 ], [ 113.774029395446107, -7.962951151805691 ], [ 113.774036546934099, -7.962715574143062 ], [ 113.774072007929931, -7.962632178971848 ], [ 113.774081137508148, -7.962625355664898 ], [ 113.774156404650853, -7.962569103099666 ], [ 113.774269596868265, -7.962514288420675 ], [ 113.774348000029633, -7.962490352077205 ], [ 113.774406789375078, -7.962492480137587 ], [ 113.774442208150106, -7.96252057674363 ], [ 113.774521265285003, -7.962631646728336 ], [ 113.774527004621348, -7.962639710719669 ], [ 113.774556373242916, -7.962647299069859 ], [ 113.774613187193054, -7.962632960447737 ], [ 113.774641994367613, -7.962625689800613 ], [ 113.774652606166043, -7.962633523731173 ], [ 113.774701741317159, -7.96266980028182 ], [ 113.77479247026254, -7.963104953891447 ], [ 113.774830489660289, -7.96317078874953 ], [ 113.774910981404688, -7.963192279364529 ], [ 113.775132481699259, -7.963158970737615 ], [ 113.775204832012221, -7.963182605848825 ], [ 113.775286337056272, -7.963583710020097 ], [ 113.775309413877608, -7.963643706693339 ], [ 113.775343990931219, -7.963675527264169 ], [ 113.775428914963214, -7.963680177787618 ], [ 113.775804011001682, -7.963605138576193 ], [ 113.775857344878418, -7.963619226172617 ], [ 113.775957854680598, -7.963696086704707 ], [ 113.776023895227041, -7.963703962650505 ], [ 113.776098946774084, -7.963688260970826 ], [ 113.776203534029349, -7.963617074370061 ], [ 113.776263562151598, -7.96359520668863 ], [ 113.776546006849955, -7.963612491404957 ], [ 113.776569741238063, -7.963700024221121 ], [ 113.776550593647798, -7.963912483093761 ], [ 113.77652814115558, -7.963998567133254 ], [ 113.776424843881074, -7.9642313090018 ], [ 113.776428583567593, -7.964324246568053 ], [ 113.776350810125251, -7.964361372301395 ], [ 113.776214249134057, -7.964380215442763 ], [ 113.776153344256116, -7.964416482101684 ], [ 113.775992909637921, -7.96462912483788 ], [ 113.775796049233307, -7.964773878438466 ], [ 113.775709964577956, -7.964810314025939 ], [ 113.775597296976684, -7.96484095790033 ], [ 113.775480174629948, -7.964872813253615 ], [ 113.775196335746273, -7.964921329838647 ], [ 113.775041598243646, -7.96491160881008 ], [ 113.774943934304275, -7.96489420353175 ], [ 113.774537406214009, -7.964821751386648 ], [ 113.774479929307191, -7.964832893866794 ], [ 113.774354496645742, -7.96490186495814 ], [ 113.774229354140161, -7.965013865861908 ], [ 113.774054362322801, -7.965201505169986 ], [ 113.773755290706831, -7.965658915362611 ], [ 113.773576958953285, -7.96588482474781 ], [ 113.773505439581925, -7.965947458338296 ], [ 113.773227957177156, -7.966049720206739 ], [ 113.77288796460509, -7.966128494719335 ], [ 113.772347158142793, -7.966299454981249 ], [ 113.772280241738969, -7.966333370966754 ], [ 113.772242389427831, -7.966410124267116 ], [ 113.771587864335402, -7.966787436435679 ], [ 113.771408062039697, -7.966839846052968 ], [ 113.771407530237056, -7.966760959114481 ], [ 113.77138680610345, -7.966677305689766 ], [ 113.771346371135891, -7.966596847598731 ], [ 113.771286952071421, -7.966531027724431 ], [ 113.771217694657963, -7.966493986703656 ], [ 113.771125663155431, -7.966468497210074 ], [ 113.770940673987283, -7.966457128275635 ], [ 113.770838329825267, -7.966498558744783 ], [ 113.770742539771575, -7.966574581717158 ], [ 113.770426559167035, -7.96690917078454 ], [ 113.77038216712063, -7.966929199047163 ], [ 113.770354633757165, -7.96691738914618 ], [ 113.770405484690457, -7.965998589725878 ], [ 113.770519347051035, -7.965527201969371 ], [ 113.770556059400064, -7.965310774622296 ], [ 113.770589671663032, -7.964248851194095 ], [ 113.770483548288624, -7.96415659926426 ], [ 113.770370459377531, -7.96411912571796 ], [ 113.768937103916912, -7.964043889232713 ], [ 113.768710467953895, -7.963998127095168 ], [ 113.768582846098127, -7.963939800142207 ], [ 113.768458017104564, -7.963858555619109 ], [ 113.76846629328324, -7.963306602333889 ], [ 113.768446274327133, -7.963182424173698 ], [ 113.768426770105691, -7.96313474221661 ], [ 113.768376105123693, -7.963077990205027 ], [ 113.768334364005696, -7.962944111213903 ], [ 113.768385897658575, -7.962762081099626 ], [ 113.768446268937254, -7.962655842354559 ], [ 113.768527331111855, -7.962397763658702 ], [ 113.768597661113787, -7.962247336964335 ], [ 113.768754933662166, -7.962067145808484 ], [ 113.768975249078835, -7.961964463131144 ], [ 113.769435651831614, -7.9616051867055 ], [ 113.769574153183811, -7.961518201174317 ], [ 113.769693856390361, -7.961488714232719 ], [ 113.769724355990903, -7.961471773780747 ], [ 113.769730823860925, -7.961468181375221 ], [ 113.769841979597572, -7.961406443129477 ], [ 113.770057727081038, -7.961395438593507 ], [ 113.770273478157748, -7.961412529676915 ], [ 113.770336045817288, -7.96141748600907 ], [ 113.770367770719886, -7.961407188998566 ], [ 113.770441329266902, -7.96138331479777 ], [ 113.770458528411339, -7.961292452072334 ], [ 113.770461019439622, -7.961279289358197 ], [ 113.770483012892726, -7.961163100898707 ], [ 113.770490757268803, -7.961024677010403 ], [ 113.770496927796501, -7.960914385270901 ], [ 113.770526673710492, -7.960839962784088 ], [ 113.770588903603482, -7.960684270838199 ], [ 113.770589643815285, -7.960657703520641 ], [ 113.770594698635392, -7.960476249544312 ], [ 113.770564959907915, -7.960333013806125 ], [ 113.7704256824113, -7.960125961308528 ], [ 113.770437029031669, -7.960030261220091 ], [ 113.770513796360888, -7.959856429592705 ], [ 113.770518947300715, -7.959730887616248 ], [ 113.770464713312094, -7.959689414905817 ], [ 113.770350571575463, -7.959654318121134 ], [ 113.77024274679188, -7.959666991452524 ], [ 113.770098349796513, -7.959590262205844 ], [ 113.770008228112232, -7.959560980809154 ], [ 113.769960511400981, -7.959597159411106 ], [ 113.769853729561476, -7.959765213891947 ], [ 113.769788189376669, -7.959825417256459 ], [ 113.769686479425232, -7.959855978603755 ], [ 113.769590562709098, -7.959856620395721 ], [ 113.769482456752868, -7.959827458574726 ], [ 113.769444970056043, -7.959803631023138 ], [ 113.769444572102401, -7.959803378140696 ], [ 113.769380105404338, -7.959762401145687 ], [ 113.769307483800148, -7.959661285623261 ], [ 113.769322823431949, -7.959582068636541 ], [ 113.769323274386181, -7.95957973791986 ], [ 113.769342247703321, -7.959481757450781 ], [ 113.769407347713653, -7.959355815721873 ], [ 113.769430803624033, -7.95927796545162 ], [ 113.769441629221504, -7.95910457416795 ], [ 113.769428875839409, -7.958991104105168 ], [ 113.769392506646838, -7.958931582819534 ], [ 113.769169174687434, -7.958705965654277 ], [ 113.769168412916059, -7.958592417186942 ], [ 113.769251215127383, -7.958424521111298 ], [ 113.769340814890455, -7.958376112088254 ], [ 113.76958020333727, -7.95831474768442 ], [ 113.769681753388539, -7.958260281385815 ], [ 113.769776062120314, -7.958020590864898 ], [ 113.769835808171578, -7.957990309007161 ], [ 113.770039669147181, -7.957994923863541 ], [ 113.770458576920376, -7.957884549841537 ], [ 113.770512167715282, -7.957830404036575 ], [ 113.770636451431486, -7.95759051291625 ], [ 113.770738280858836, -7.957577878903288 ], [ 113.770834679071953, -7.957648954018034 ], [ 113.77098675576471, -7.957976646111201 ], [ 113.771054104258198, -7.958185373689895 ], [ 113.771090474349123, -7.95824489578292 ], [ 113.771138712083228, -7.958286409432839 ], [ 113.771258807853556, -7.95831548989631 ], [ 113.771420263856214, -7.958254644958273 ], [ 113.771623321737977, -7.958139735434996 ], [ 113.77179020895484, -7.957995183135396 ], [ 113.771855066420045, -7.957833383835874 ], [ 113.771950498944236, -7.957761028764157 ], [ 113.772069991945003, -7.957700466001151 ], [ 113.772165746964404, -7.957675920095357 ], [ 113.772291916244384, -7.957716912407011 ], [ 113.772370773054988, -7.957853845307576 ], [ 113.772401428962368, -7.957955239752039 ], [ 113.773121238219744, -7.958016169549201 ], [ 113.773768665723111, -7.958011840439395 ], [ 113.774274426211221, -7.958157870777439 ], [ 113.774447315970804, -7.958192573051791 ], [ 113.774627108385047, -7.958184198749661 ], [ 113.774806515422, -7.958118453225927 ], [ 113.774906887781938, -7.958067579329186 ], [ 113.775042651069143, -7.957930406258775 ], [ 113.775120429003067, -7.957729076265967 ], [ 113.775140898913463, -7.957563987788681 ], [ 113.775125063411622, -7.957348941232799 ], [ 113.77506640432189, -7.957184382402432 ], [ 113.774965354632201, -7.957134855186194 ], [ 113.774864548385978, -7.957121186840434 ], [ 113.774360898040456, -7.957110210717252 ], [ 113.774188106197258, -7.957089852442455 ], [ 113.773718975413175, -7.956863491316259 ], [ 113.77362492809111, -7.956785229777155 ], [ 113.773779907240566, -7.956296512237779 ], [ 113.773851361034886, -7.956224316279206 ], [ 113.774383351431013, -7.956170555942171 ], [ 113.774483772299973, -7.956126855132578 ], [ 113.774526692905923, -7.956090707868345 ], [ 113.774596698616023, -7.955803367582802 ], [ 113.774660957803221, -7.955731221919619 ], [ 113.774754088843679, -7.9556732238522 ], [ 113.774854558221691, -7.955636693198848 ], [ 113.775061466282779, -7.955586696008904 ], [ 113.77509628228826, -7.955578283415808 ], [ 113.775098755350243, -7.955577685450701 ], [ 113.775234852810712, -7.955490713946159 ], [ 113.775363567017862, -7.955375104052155 ], [ 113.775478566645589, -7.955359990605859 ], [ 113.775629825871448, -7.95538766679098 ], [ 113.776142731559332, -7.955519352361442 ], [ 113.776364875945973, -7.955576387273035 ], [ 113.776623989599784, -7.955596167593839 ], [ 113.776706964287612, -7.95561160239782 ], [ 113.777070572670226, -7.955679240934501 ], [ 113.777304827245189, -7.955677673443928 ], [ 113.777401477884908, -7.955677027093713 ], [ 113.777415114310912, -7.955565373760257 ], [ 113.777398604174323, -7.955536209497775 ], [ 113.777378710982362, -7.95550107106488 ], [ 113.777384385639991, -7.955288500497501 ], [ 113.777384455708614, -7.955285880407943 ], [ 113.777439790133471, -7.955065601229773 ], [ 113.777503558840536, -7.954811745801411 ], [ 113.777602772373768, -7.954588757319737 ], [ 113.777659884564599, -7.954523827596407 ], [ 113.777745821896247, -7.954465878993049 ], [ 113.777982725602968, -7.954392575974873 ], [ 113.778068711443666, -7.954341796559229 ], [ 113.778226582270008, -7.954283366871547 ], [ 113.778304938718961, -7.954168094176787 ], [ 113.778448472433382, -7.954116930448621 ], [ 113.778728586003581, -7.954050509085927 ], [ 113.779261004896085, -7.954061287025588 ], [ 113.779369151276526, -7.954096421686654 ], [ 113.779434423763348, -7.954174874439356 ], [ 113.779499841777323, -7.954274840189371 ], [ 113.779734191573681, -7.954890041664742 ], [ 113.77980033722298, -7.955097579087651 ], [ 113.779716478592903, -7.955463901379969 ], [ 113.780227706227848, -7.955532195372154 ], [ 113.780349079402512, -7.955395117158981 ], [ 113.78046412664095, -7.955387173812345 ], [ 113.780716627795954, -7.955493058334048 ], [ 113.780810288842417, -7.955513946027358 ], [ 113.780961304624839, -7.955505761666636 ], [ 113.781040241385455, -7.955476546284563 ], [ 113.781097208049218, -7.955390103383565 ], [ 113.781154466665413, -7.9553466893129 ], [ 113.78156532283873, -7.955465855036415 ], [ 113.781648418799136, -7.955520280804836 ], [ 113.781564780256289, -7.955737661686635 ], [ 113.781542369984891, -7.955795908078342 ], [ 113.781752908138031, -7.955902072970662 ], [ 113.781753431855833, -7.95597976376767 ], [ 113.781707450689694, -7.956272918594962 ], [ 113.782033983803913, -7.956689081288593 ], [ 113.782214185849895, -7.956741661278076 ], [ 113.782304187159923, -7.956753009865603 ], [ 113.782411728075814, -7.95669849994861 ], [ 113.782494683899046, -7.956554508680448 ], [ 113.782751616443377, -7.9564284756219 ], [ 113.782744652703272, -7.956285087889754 ], [ 113.782598966625457, -7.956017124299398 ], [ 113.782509047062135, -7.956017726829753 ], [ 113.782287568327149, -7.956067024770422 ], [ 113.782209637679628, -7.956067546963451 ], [ 113.782113522435822, -7.95603830871928 ], [ 113.782035188444723, -7.955979069944902 ], [ 113.781974677927167, -7.955895804830937 ], [ 113.781943937578163, -7.955782459790798 ], [ 113.782133669850978, -7.955470412350935 ], [ 113.782192245397411, -7.955266820398076 ], [ 113.782239477018408, -7.955158925677007 ], [ 113.782309678561248, -7.954901467800766 ], [ 113.782670714168859, -7.954211754614571 ], [ 113.782753872113048, -7.954097645000267 ], [ 113.783034045870366, -7.95386268486234 ], [ 113.783117123864486, -7.953736621570215 ], [ 113.783170187348318, -7.953604784099682 ], [ 113.783181516900683, -7.953524215306087 ], [ 113.783198788808633, -7.953401392978075 ], [ 113.78326971708853, -7.95325150629496 ], [ 113.783376894186759, -7.953143211318992 ], [ 113.783520077558222, -7.953040651323707 ], [ 113.783657429066821, -7.952962037195778 ], [ 113.784668093050271, -7.952596670165448 ], [ 113.784770082377761, -7.952607939217454 ], [ 113.784909329331612, -7.952810203415304 ], [ 113.784946056053712, -7.952839093613632 ], [ 113.784969597304041, -7.952857611240376 ], [ 113.785131409937847, -7.952850548907385 ], [ 113.785932261606916, -7.952486587866115 ], [ 113.786321505212769, -7.952424210982755 ], [ 113.786500776604129, -7.952339337099342 ], [ 113.786685598685651, -7.952188685770165 ], [ 113.786775396976395, -7.95217015265325 ], [ 113.786811646693025, -7.95221174512799 ], [ 113.786842508314621, -7.952343018892807 ], [ 113.786831082642536, -7.952426765324489 ], [ 113.786760602621968, -7.952642390895014 ], [ 113.786665819579724, -7.952810366827596 ], [ 113.786457907202134, -7.953092655719006 ], [ 113.786345220736266, -7.953272705182417 ], [ 113.786268624086958, -7.953470441619993 ], [ 113.786269269975648, -7.953566059880308 ], [ 113.78635416256661, -7.953708923583533 ], [ 113.786875811557138, -7.95372335228072 ], [ 113.787282677413941, -7.953607067311472 ], [ 113.787150225316893, -7.952991187586218 ], [ 113.787158653310883, -7.952819012159442 ], [ 113.787267112305003, -7.952545757680412 ], [ 113.787527836638148, -7.952094577786037 ], [ 113.787584447569031, -7.951955547051593 ], [ 113.787675436127543, -7.951935810721739 ], [ 113.787897037033403, -7.952082538246446 ], [ 113.788283091620016, -7.951726139547559 ], [ 113.788363810638174, -7.951606070183209 ], [ 113.788391743751944, -7.951481572302688 ], [ 113.788434420016117, -7.951409568881638 ], [ 113.788879831683445, -7.951320515879627 ], [ 113.789028496574772, -7.951319517151063 ], [ 113.78909116304898, -7.951366908375904 ], [ 113.789106874583325, -7.951562828130659 ], [ 113.789515377170574, -7.951689173775937 ], [ 113.789438019648188, -7.952306461140831 ] ], [ [ 113.787680604135375, -7.955582649930462 ], [ 113.787704937699786, -7.955413893255454 ], [ 113.787680190910351, -7.955300508176424 ], [ 113.787319667342402, -7.955177424234374 ], [ 113.78730119798017, -7.955105830996732 ], [ 113.787306586973571, -7.955016148209506 ], [ 113.787270093813447, -7.954938700427678 ], [ 113.787197675228512, -7.954867468747846 ], [ 113.787155591852411, -7.954849821960546 ], [ 113.786980858749871, -7.954719515111631 ], [ 113.786860644401884, -7.954672509675501 ], [ 113.786758655972747, -7.954661243307013 ], [ 113.786662863224109, -7.95467981487627 ], [ 113.786585780586194, -7.954805838282165 ], [ 113.786514129162498, -7.954848154964537 ], [ 113.786334573903531, -7.954891194685643 ], [ 113.786278059990707, -7.95539957131239 ], [ 113.787680604135375, -7.955582649930462 ] ], [ [ 113.777963917575875, -7.95637746772934 ], [ 113.777496374114889, -7.95638657598769 ], [ 113.777503816657031, -7.956601678653374 ], [ 113.777968709189594, -7.956593582825325 ], [ 113.777963917575875, -7.95637746772934 ] ], [ [ 113.778562343777125, -7.955507470659742 ], [ 113.7786266990841, -7.955449666162929 ], [ 113.778907346253547, -7.95546213030824 ], [ 113.778950120434104, -7.955404470059555 ], [ 113.779020074940249, -7.95510995923364 ], [ 113.779048414990839, -7.955045222969551 ], [ 113.779105672708738, -7.955001808934446 ], [ 113.779096401196668, -7.954693484968615 ], [ 113.778707611240023, -7.954645886136226 ], [ 113.778741113908538, -7.954279901423397 ], [ 113.778554034360738, -7.954273983869479 ], [ 113.778388871909243, -7.954318119037208 ], [ 113.778170316292176, -7.954979385730843 ], [ 113.777947320302701, -7.955487034863943 ], [ 113.778548198904673, -7.955543425246989 ], [ 113.778562343777125, -7.955507470659742 ] ], [ [ 113.778990182600865, -7.957790604911569 ], [ 113.778960572332451, -7.957844591861818 ], [ 113.778900785857061, -7.957868897677173 ], [ 113.778792760749198, -7.957851692621578 ], [ 113.778666590570907, -7.957810702122661 ], [ 113.778642410618389, -7.957780981731117 ], [ 113.778558323816227, -7.95775763906045 ], [ 113.778444504574779, -7.957770355242365 ], [ 113.778372971728714, -7.957830599403315 ], [ 113.778385243613798, -7.957872352199721 ], [ 113.778463777929204, -7.957961472318198 ], [ 113.778464262121147, -7.958033186548113 ], [ 113.778422983635522, -7.958135063975408 ], [ 113.778426396335291, -7.958325522994461 ], [ 113.77848434126436, -7.958343829062776 ], [ 113.778562271911895, -7.958343305953997 ], [ 113.778735673711182, -7.958276403723515 ], [ 113.778903364920225, -7.958251374844364 ], [ 113.779028044793435, -7.958071245652942 ], [ 113.779057575111779, -7.958005305692966 ], [ 113.779080587254427, -7.957861716579384 ], [ 113.77914918171119, -7.957772566355383 ], [ 113.779163787419407, -7.957753583831866 ], [ 113.779223693370739, -7.957747206113141 ], [ 113.779325765343231, -7.957770428276657 ], [ 113.779506167713535, -7.957852890384106 ], [ 113.779590135039768, -7.957858303138718 ], [ 113.779638010752848, -7.957846028811649 ], [ 113.779667580597021, -7.957786065830502 ], [ 113.779673172609691, -7.957726264446242 ], [ 113.779660056308202, -7.957559012330418 ], [ 113.779587877573462, -7.957523636367403 ], [ 113.779190859048796, -7.957508838717066 ], [ 113.779180118791274, -7.9575084388546 ], [ 113.779090440874754, -7.957544899374905 ], [ 113.779066622943319, -7.957568964159928 ], [ 113.77902506418333, -7.957629007447836 ], [ 113.778989901428176, -7.957748771785562 ], [ 113.778990182600865, -7.957790604911569 ] ], [ [ 113.769936123937654, -7.963836224150727 ], [ 113.769980081199449, -7.963416199039651 ], [ 113.769812098936285, -7.963398196759924 ], [ 113.769778977153436, -7.963465355428248 ], [ 113.769678167313927, -7.963451685050976 ], [ 113.76954352961576, -7.963399991601515 ], [ 113.769505002669888, -7.963376341871045 ], [ 113.76944156364452, -7.963214206366139 ], [ 113.76942151324738, -7.963085247165864 ], [ 113.769373393192552, -7.963061662271837 ], [ 113.769186419645919, -7.963072474221041 ], [ 113.769147159674773, -7.963118156832081 ], [ 113.769135933428643, -7.963231785946569 ], [ 113.769088256243265, -7.963273940972752 ], [ 113.768854617912595, -7.963299405623309 ], [ 113.768801187916097, -7.963377459310509 ], [ 113.768820658001601, -7.963598460411122 ], [ 113.768880927770638, -7.963645870364266 ], [ 113.769697387667762, -7.963813733831666 ], [ 113.769936123937654, -7.963836224150727 ] ] ] } },
{ "type": "Feature", "properties": { "fid": 66, "class_id": 1, "class_name": "Sawah", "source": "Kementan", "source_class": "Banyuwangi", "kode": "VALID", "alasan": "", "n_valid": 138, "n_nodata": 0, "status_v5": "ok" }, "geometry": { "type": "Polygon", "coordinates": [ [ [ 114.418268264030047, -7.981242192152796 ], [ 114.417606477855216, -7.981207046093169 ], [ 114.417493239823727, -7.981144776332202 ], [ 114.417490906898934, -7.981143493596224 ], [ 114.417493772524708, -7.981127790351792 ], [ 114.417545920625273, -7.980842001448697 ], [ 114.417572772167418, -7.98061241658672 ], [ 114.417640137728881, -7.980067125197049 ], [ 114.417761348308503, -7.979944275029544 ], [ 114.417788795433694, -7.979786361125219 ], [ 114.417844404743036, -7.979556538553948 ], [ 114.417848881946412, -7.979230378043196 ], [ 114.417905206314728, -7.979086560739192 ], [ 114.41804145199724, -7.979042429362244 ], [ 114.418185840009471, -7.979112911933694 ], [ 114.418229633777898, -7.979191393091727 ], [ 114.418224112732176, -7.979392130800465 ], [ 114.418233389634096, -7.979642918863898 ], [ 114.418250213282732, -7.979936649847914 ], [ 114.418224525058875, -7.980305992003115 ], [ 114.418244029280316, -7.980723467616382 ], [ 114.418257230023443, -7.98100602266698 ], [ 114.418268264030047, -7.981242192152796 ] ] ] } },
{ "type": "Feature", "properties": { "fid": 68, "class_id": 1, "class_name": "Sawah", "source": "Kementan", "source_class": "Gresik", "kode": "VALID", "alasan": "", "n_valid": 244, "n_nodata": 0, "status_v5": "ok" }, "geometry": { "type": "Polygon", "coordinates": [ [ [ 112.651336609040101, -7.336586795273436 ], [ 112.651328563728413, -7.336704789183853 ], [ 112.651300992635711, -7.3366081384844 ], [ 112.651240985174738, -7.336397783188136 ], [ 112.651188115726995, -7.336419108157574 ], [ 112.651205029207162, -7.336482536090678 ], [ 112.651219306131978, -7.336568196086215 ], [ 112.651210096603663, -7.33660963812488 ], [ 112.651190675027252, -7.336646109929847 ], [ 112.651151699822023, -7.336685081442821 ], [ 112.651104360403181, -7.336700347694538 ], [ 112.651054334123316, -7.336709019173707 ], [ 112.651034952971045, -7.336749053659416 ], [ 112.651052020063133, -7.336763503087545 ], [ 112.651064365610083, -7.336773954992791 ], [ 112.651104340640245, -7.336811074984035 ], [ 112.651132893591523, -7.336837724838635 ], [ 112.651161448339451, -7.336858664206547 ], [ 112.651194177558537, -7.336891392853496 ], [ 112.651198567625315, -7.336895783293038 ], [ 112.651201423369614, -7.336936710286949 ], [ 112.65118619423059, -7.336976684624611 ], [ 112.651170965989891, -7.337012852883959 ], [ 112.651150027158948, -7.337037600165151 ], [ 112.651119568880944, -7.337050924643044 ], [ 112.65052200955391, -7.336779859658416 ], [ 112.65048925158878, -7.336764999993632 ], [ 112.650385629124131, -7.336716863799406 ], [ 112.650305679063834, -7.33667498507753 ], [ 112.65026379960527, -7.336648335232417 ], [ 112.650227631635303, -7.336619781893779 ], [ 112.65020479017258, -7.33658932506197 ], [ 112.650166717774226, -7.336543639362248 ], [ 112.650134356864427, -7.336503664150833 ], [ 112.650098215843897, -7.336465715508099 ], [ 112.650096286262695, -7.336463688942912 ], [ 112.650060118292728, -7.33644274959309 ], [ 112.649985878822704, -7.336395161325517 ], [ 112.649896411111982, -7.336353281721474 ], [ 112.649827883130499, -7.336330438882845 ], [ 112.649772490315158, -7.336309337268109 ], [ 112.649707958040096, -7.336284754120634 ], [ 112.649679405088776, -7.336275235740707 ], [ 112.649635622100149, -7.336256199893075 ], [ 112.649608971780623, -7.336225743085494 ], [ 112.649594309478545, -7.336195020994241 ], [ 112.649588985163874, -7.336183864408619 ], [ 112.649568997648785, -7.336134371763309 ], [ 112.649553531354528, -7.336083294702582 ], [ 112.649525214660159, -7.33599160433686 ], [ 112.649511889949537, -7.335963051039247 ], [ 112.649483908326758, -7.335915080846896 ], [ 112.649454976286407, -7.33585351181435 ], [ 112.649454012394116, -7.335850123270622 ], [ 112.649439135394687, -7.335797800038076 ], [ 112.649435148671472, -7.335489522011446 ], [ 112.649435148671472, -7.33543812595116 ], [ 112.649452281340544, -7.335397199091429 ], [ 112.649486544882137, -7.335369596664246 ], [ 112.649520810220324, -7.335361982704842 ], [ 112.649558880822042, -7.335354368745564 ], [ 112.649602662912386, -7.335352465255761 ], [ 112.649654059123051, -7.335348658276183 ], [ 112.649695937683262, -7.335350561765969 ], [ 112.64974543126219, -7.335352465255761 ], [ 112.649906627651703, -7.335366265556993 ], [ 112.649985005660227, -7.335372976088078 ], [ 112.650082124322225, -7.335391012749026 ], [ 112.650160170852416, -7.335400530198915 ], [ 112.65020966443133, -7.335413854629079 ], [ 112.650262964172086, -7.3354176616092 ], [ 112.650308648894168, -7.335413854629079 ], [ 112.650376225559725, -7.335392916238987 ], [ 112.650424766924417, -7.335360555087462 ], [ 112.65047723123196, -7.335328927802794 ], [ 112.650533924807846, -7.335326838339969 ], [ 112.650561056624369, -7.335349051190025 ], [ 112.650571460911991, -7.335378122256875 ], [ 112.650493294905857, -7.335499516247618 ], [ 112.650628449135326, -7.33559659791531 ], [ 112.650785589631326, -7.335439456935654 ], [ 112.650806853652426, -7.335469075899857 ], [ 112.650842600312515, -7.335542250885578 ], [ 112.65085211796297, -7.335570805068536 ], [ 112.650874961222328, -7.335639332562343 ], [ 112.650902800911311, -7.335722852795374 ], [ 112.650953959068403, -7.335881086010096 ], [ 112.650966331564788, -7.335922964659233 ], [ 112.650992981884357, -7.33594580838914 ], [ 112.65102153573396, -7.335964843312206 ], [ 112.651050088685267, -7.335978167758825 ], [ 112.651078643433195, -7.335987686132571 ], [ 112.651127759719671, -7.336002180206716 ], [ 112.650943885360817, -7.335387209415659 ], [ 112.650727551277456, -7.33466367595827 ], [ 112.650709065745545, -7.334549072020415 ], [ 112.650871198179587, -7.335048045557913 ], [ 112.651336609040101, -7.336586795273436 ] ] ] } },
{ "type": "Feature", "properties": { "fid": 72, "class_id": 1, "class_name": "Sawah", "source": "Kementan", "source_class": "Malang", "kode": "VALID", "alasan": "", "n_valid": 168, "n_nodata": 0, "status_v5": "ok" }, "geometry": { "type": "Polygon", "coordinates": [ [ [ 112.417617751591166, -8.173195752987066 ], [ 112.417611608012947, -8.173378273649533 ], [ 112.41745860246219, -8.173611786954149 ], [ 112.417325095742953, -8.173685475769075 ], [ 112.417078052751606, -8.173806158301369 ], [ 112.416693549555518, -8.173823047136077 ], [ 112.416391739874555, -8.173960139925562 ], [ 112.4163947106032, -8.173857273288846 ], [ 112.416374556899811, -8.173814209955037 ], [ 112.416354483146478, -8.17379437356704 ], [ 112.416181923068592, -8.174020597230056 ], [ 112.416175431842333, -8.174070389634885 ], [ 112.416262355524182, -8.174139761782897 ], [ 112.416419381934134, -8.174235429948411 ], [ 112.416426119298762, -8.174255314768208 ], [ 112.416436647553923, -8.174404584304659 ], [ 112.41641349796906, -8.174457751788188 ], [ 112.41635691847921, -8.174484494465041 ], [ 112.416207249271395, -8.174584557104577 ], [ 112.416194195852015, -8.174664232554822 ], [ 112.416194522838751, -8.174757133223189 ], [ 112.416011235978061, -8.174777682114378 ], [ 112.415987209637493, -8.174582008703428 ], [ 112.416019891245838, -8.174396090551362 ], [ 112.416098976228511, -8.174133696777455 ], [ 112.416105527641861, -8.174100495441268 ], [ 112.416088730044379, -8.174064056089613 ], [ 112.416028629158603, -8.174037723558699 ], [ 112.416028382121894, -8.173968048177818 ], [ 112.416071384474563, -8.173876877675314 ], [ 112.416037649142382, -8.173764186490239 ], [ 112.415997398329452, -8.173694650906612 ], [ 112.415950431711437, -8.173611866420236 ], [ 112.415890319147564, -8.173582215524549 ], [ 112.415843728025365, -8.1736056041275 ], [ 112.415770571923588, -8.173658947794168 ], [ 112.415673917690569, -8.173665921628952 ], [ 112.415677145337384, -8.173636049685761 ], [ 112.415699989495067, -8.17349661686622 ], [ 112.415806319481973, -8.173396706117304 ], [ 112.415999175197072, -8.173253359449644 ], [ 112.416152036119101, -8.173113470972687 ], [ 112.416248563689606, -8.173070000339745 ], [ 112.416342223837788, -8.17315925617155 ], [ 112.41636309260015, -8.173404710265977 ], [ 112.416549714007161, -8.17338414956942 ], [ 112.416542531976461, -8.173238185094784 ], [ 112.416691484328652, -8.173237663541999 ], [ 112.416835415098433, -8.173251745467496 ], [ 112.416862003434218, -8.173205056903369 ], [ 112.416888592668315, -8.173158370171363 ], [ 112.417189584882337, -8.173163971154013 ], [ 112.417188528463583, -8.172864433778269 ], [ 112.417395818308648, -8.172850393882554 ], [ 112.417563211277013, -8.172903059706837 ], [ 112.417596887320371, -8.172969506031095 ], [ 112.417617751591166, -8.173195752987066 ] ] ] } },
{ "type": "Feature", "properties": { "fid": 81, "class_id": 1, "class_name": "Sawah", "source": "Kementan", "source_class": "Bondowoso", "kode": "VALID", "alasan": "", "n_valid": 913, "n_nodata": 0, "status_v5": "ok" }, "geometry": { "type": "Polygon", "coordinates": [ [ [ 113.856230728157868, -7.975697517663715 ], [ 113.856544987590325, -7.975678823741579 ], [ 113.856703141385978, -7.975645085030433 ], [ 113.856794719239304, -7.975803305960276 ], [ 113.856878601225617, -7.975876939553133 ], [ 113.856974803606008, -7.975918108929226 ], [ 113.857145166404692, -7.975914443362803 ], [ 113.857174273616522, -7.975927143660457 ], [ 113.857198625147248, -7.976004922150496 ], [ 113.857207062124388, -7.976167740925369 ], [ 113.857237584182798, -7.97629278659073 ], [ 113.857604476806102, -7.976639258391386 ], [ 113.857634742844652, -7.976713365049139 ], [ 113.857629849721292, -7.976839878019737 ], [ 113.857611165661694, -7.976911718720993 ], [ 113.857617716176762, -7.976946403371046 ], [ 113.857649893830214, -7.976979892945852 ], [ 113.857745974938084, -7.976987281614463 ], [ 113.857763701393566, -7.977015335366935 ], [ 113.857776768287721, -7.97718169138215 ], [ 113.857768414853879, -7.977455652075611 ], [ 113.857827188927956, -7.977774925572561 ], [ 113.857852365112109, -7.977804074031176 ], [ 113.857900453725904, -7.977822865735946 ], [ 113.857969105674854, -7.977831413894011 ], [ 113.858005925821743, -7.977817356862195 ], [ 113.858047998418073, -7.97755245261025 ], [ 113.858071378869965, -7.977526744245617 ], [ 113.858129970586049, -7.977524611544241 ], [ 113.858309989375726, -7.977617338415143 ], [ 113.858379221636355, -7.977704817544208 ], [ 113.858481127420532, -7.977876226220946 ], [ 113.858562776195015, -7.978087764680669 ], [ 113.858609070873158, -7.978343863643238 ], [ 113.858609703287115, -7.978434697188135 ], [ 113.858663618373839, -7.978601653589529 ], [ 113.858730790797537, -7.978605971042729 ], [ 113.858767362111067, -7.97857893514973 ], [ 113.858748377115845, -7.978376369144266 ], [ 113.858708982397374, -7.978228433711583 ], [ 113.858693531374499, -7.978075553671017 ], [ 113.858650122983349, -7.977941229849308 ], [ 113.858513666196714, -7.977727795220741 ], [ 113.858472776681637, -7.977637532436112 ], [ 113.858448036180377, -7.977473934326764 ], [ 113.858458048802561, -7.97737519100762 ], [ 113.858522030410327, -7.977346177698499 ], [ 113.858760299556295, -7.977380603100622 ], [ 113.859345227672108, -7.977415590895858 ], [ 113.859363299978966, -7.977421553511043 ], [ 113.859389240629426, -7.977430111703621 ], [ 113.859437630178832, -7.977491928992717 ], [ 113.859457676982728, -7.977616093121778 ], [ 113.859486815635606, -7.97766848126555 ], [ 113.859606674250713, -7.97766287105396 ], [ 113.85965476286448, -7.977681661839431 ], [ 113.859687969987263, -7.977719332884142 ], [ 113.859694692080538, -7.977906086804985 ], [ 113.859644204964937, -7.978079305988707 ], [ 113.859685920930119, -7.978354288884963 ], [ 113.859793730442306, -7.97835480197595 ], [ 113.859928175002665, -7.978377776949133 ], [ 113.859952386396202, -7.978411075826661 ], [ 113.85996689778132, -7.978469654943079 ], [ 113.859948720371548, -7.97857364994463 ], [ 113.859484122486379, -7.978674855836434 ], [ 113.859268735227317, -7.978721775397559 ], [ 113.858197099890603, -7.979102086790117 ], [ 113.85778023129312, -7.979271396194215 ], [ 113.857665722145541, -7.979303014355025 ], [ 113.857508716396822, -7.979324060263102 ], [ 113.857482641897363, -7.979327555132902 ], [ 113.857450438192743, -7.979317601875269 ], [ 113.857426127984525, -7.979269961910059 ], [ 113.857451376033922, -7.979000601425064 ], [ 113.85743900802909, -7.978889412992065 ], [ 113.857412216674049, -7.978648545753261 ], [ 113.857391983918887, -7.978596200396969 ], [ 113.857382171621055, -7.978570815161127 ], [ 113.857349466656501, -7.978538016580504 ], [ 113.85732023457885, -7.978524878889496 ], [ 113.856962363735974, -7.978486737591117 ], [ 113.856941079053612, -7.978484468851806 ], [ 113.856762146327128, -7.978498201800333 ], [ 113.856710654895039, -7.978452594207097 ], [ 113.856660499257757, -7.978317391071574 ], [ 113.856639284644046, -7.978296988860031 ], [ 113.856082413609514, -7.978336348960447 ], [ 113.85602474805647, -7.978145617025601 ], [ 113.855977363721877, -7.977831363680543 ], [ 113.855725565049426, -7.975584220238059 ], [ 113.855808133698744, -7.975561619734279 ], [ 113.855867558153093, -7.975568020547407 ], [ 113.856230728157868, -7.975697517663715 ] ] ] } },
{ "type": "Feature", "properties": { "fid": 90, "class_id": 1, "class_name": "Sawah", "source": "Kementan", "source_class": "Banyuwangi", "kode": "VALID", "alasan": "", "n_valid": 20, "n_nodata": 0, "status_v5": "ok" }, "geometry": { "type": "Polygon", "coordinates": [ [ [ 114.331296921177071, -8.223588943698539 ], [ 114.33139610326927, -8.223552703644621 ], [ 114.331426619937815, -8.22358703627912 ], [ 114.33146095264965, -8.223701476892504 ], [ 114.331590653207002, -8.223730087279259 ], [ 114.33165168744236, -8.223722457598987 ], [ 114.33165168744236, -8.223800659087967 ], [ 114.33157157927856, -8.223909378412102 ], [ 114.331415177197712, -8.223917007182358 ], [ 114.331190109693168, -8.223819733292567 ], [ 114.331117630022788, -8.223775864450351 ], [ 114.331052779744127, -8.223712921412368 ], [ 114.331060410034141, -8.223634719940248 ], [ 114.331094741847679, -8.223526000689459 ], [ 114.331159591228044, -8.22348976064114 ], [ 114.331224442405031, -8.22348976064114 ], [ 114.331232070000084, -8.223583221440308 ], [ 114.331296921177071, -8.223588943698539 ] ] ] } },
{ "type": "Feature", "properties": { "fid": 99, "class_id": 1, "class_name": "Sawah", "source": "Kementan", "source_class": "Banyuwangi", "kode": "VALID", "alasan": "", "n_valid": 103, "n_nodata": 0, "status_v5": "ok" }, "geometry": { "type": "Polygon", "coordinates": [ [ [ 114.352865218722201, -8.252737044396545 ], [ 114.352933883247587, -8.252687454332545 ], [ 114.352899551434049, -8.252866745451088 ], [ 114.35286521962054, -8.252923964851803 ], [ 114.35285377418549, -8.253074646360858 ], [ 114.352788924805111, -8.253196716376102 ], [ 114.35278892570345, -8.253274918055634 ], [ 114.352804183588546, -8.253318787341655 ], [ 114.352827071763656, -8.253396988131147 ], [ 114.352754592991573, -8.25354194713581 ], [ 114.352743149353188, -8.253641129305951 ], [ 114.352697372104629, -8.253648757720802 ], [ 114.352613448795836, -8.253606796872996 ], [ 114.352533340632078, -8.253650665281329 ], [ 114.352296828590795, -8.253566741762487 ], [ 114.352201461643602, -8.253509521357524 ], [ 114.351949691717223, -8.253404617454986 ], [ 114.35186958355348, -8.253334045986541 ], [ 114.351773402732647, -8.253290173958121 ], [ 114.351652146338921, -8.253234862977907 ], [ 114.351667404224031, -8.253149031986911 ], [ 114.351778029954659, -8.252803801561598 ], [ 114.351915359903728, -8.252801894918633 ], [ 114.352106661533341, -8.252911458841783 ], [ 114.352125167726513, -8.252922058208272 ], [ 114.352254867385582, -8.252950667911522 ], [ 114.352346420086064, -8.252920149737593 ], [ 114.35242271400314, -8.252676009910282 ], [ 114.352468491251699, -8.25257682797611 ], [ 114.352529526385354, -8.252504349096538 ], [ 114.35271263178636, -8.252616882075289 ], [ 114.352731704816478, -8.252658843734281 ], [ 114.352865218722201, -8.252737044396545 ] ] ] } },
{ "type": "Feature", "properties": { "fid": 100, "class_id": 1, "class_name": "Sawah", "source": "Kementan", "source_class": "Banyuwangi", "kode": "VALID", "alasan": "", "n_valid": 42, "n_nodata": 0, "status_v5": "ok" }, "geometry": { "type": "Polygon", "coordinates": [ [ [ 114.319185256899857, -8.263715743742363 ], [ 114.319276809600368, -8.263685225671622 ], [ 114.319317453875371, -8.263699741945612 ], [ 114.319356917764139, -8.263713837048074 ], [ 114.319368568015065, -8.263742963699981 ], [ 114.319379805939249, -8.263771057979833 ], [ 114.319391337612558, -8.263762217020105 ], [ 114.319437025927897, -8.263727189389888 ], [ 114.319478988031477, -8.263755798028486 ], [ 114.319514754454516, -8.263836271141258 ], [ 114.319517135888319, -8.263841629438053 ], [ 114.319608688588801, -8.263898848560643 ], [ 114.319654464040767, -8.263961792345658 ], [ 114.319768904916359, -8.264032363837092 ], [ 114.319776535206401, -8.264133454356644 ], [ 114.319662094330766, -8.264320372757982 ], [ 114.319562912238581, -8.264192582044203 ], [ 114.319257735671926, -8.264015198093807 ], [ 114.319093705097657, -8.263895035170362 ], [ 114.318819046097886, -8.263769148544474 ], [ 114.31869315978723, -8.263641357090965 ], [ 114.318742752180796, -8.263605118030879 ], [ 114.318773268849327, -8.263475417195144 ], [ 114.318807601561161, -8.26340293819429 ], [ 114.318874950952946, -8.263372472222578 ], [ 114.318887710623258, -8.263366700069144 ], [ 114.318958349645612, -8.263421538270935 ], [ 114.31903266906572, -8.263479233322293 ], [ 114.319147109941312, -8.263629913273078 ], [ 114.319185256899857, -8.263715743742363 ] ] ] } },
{ "type": "Feature", "properties": { "fid": 108, "class_id": 1, "class_name": "Sawah", "source": "Kementan", "source_class": "Jember", "kode": "VALID", "alasan": "", "n_valid": 2636, "n_nodata": 0, "status_v5": "ok" }, "geometry": { "type": "Polygon", "coordinates": [ [ [ 113.757447324446289, -8.109085075774052 ], [ 113.757453729434246, -8.109144798414563 ], [ 113.757520022407263, -8.109192161913047 ], [ 113.757622052158922, -8.109203424238164 ], [ 113.75783260019351, -8.109297623389487 ], [ 113.757952661827886, -8.109314738803874 ], [ 113.75805452988277, -8.109302097452437 ], [ 113.758120008083836, -8.109229936183741 ], [ 113.758167332231324, -8.109133989981311 ], [ 113.758244926010619, -8.109079674754581 ], [ 113.758575250913637, -8.109149155578564 ], [ 113.75907357155458, -8.109229453069041 ], [ 113.759265517276276, -8.109234128961784 ], [ 113.759373342059817, -8.109215469227619 ], [ 113.759480919806663, -8.109160951246427 ], [ 113.759609714862208, -8.108699885726914 ], [ 113.759615100262337, -8.108610200950789 ], [ 113.759686655566313, -8.10854995143726 ], [ 113.759884434049169, -8.108530680763911 ], [ 113.759956643326618, -8.108566051276847 ], [ 113.759986955179272, -8.108613657635837 ], [ 113.760005597916347, -8.108709156220399 ], [ 113.759993930597446, -8.108757046619507 ], [ 113.760033021685359, -8.108861012065793 ], [ 113.760086024083748, -8.108894122289621 ], [ 113.760139221416566, -8.10895591800201 ], [ 113.760177923533945, -8.10897104158277 ], [ 113.760235433678417, -8.108993515078692 ], [ 113.760278939087655, -8.109041031987488 ], [ 113.760307322257376, -8.10910841961298 ], [ 113.760313076865074, -8.109122081983237 ], [ 113.760266177620707, -8.109280180115315 ], [ 113.760161054969544, -8.109343048966613 ], [ 113.760104691075355, -8.109520336621708 ], [ 113.759971793413897, -8.109731609548247 ], [ 113.759881062671894, -8.109794380749294 ], [ 113.75965237675338, -8.110030211432305 ], [ 113.759485113142418, -8.110126967906609 ], [ 113.759349997540554, -8.110249469274141 ], [ 113.759299148403883, -8.110295571683613 ], [ 113.759296864886423, -8.110348253243171 ], [ 113.759295001780515, -8.110391224998558 ], [ 113.759339127027275, -8.110529580692845 ], [ 113.759470000784418, -8.1107247240737 ], [ 113.759523579901185, -8.111152655875159 ], [ 113.759626385797276, -8.111277466280484 ], [ 113.759681093198083, -8.111384672625798 ], [ 113.759687743426127, -8.111480252218586 ], [ 113.759718502639771, -8.11159359667411 ], [ 113.759719197037469, -8.111695193823254 ], [ 113.75969622891229, -8.111844763035309 ], [ 113.759666692305757, -8.111910705417952 ], [ 113.759583426563751, -8.112012869783602 ], [ 113.759416243801169, -8.112121581383402 ], [ 113.759226215084269, -8.112397788941298 ], [ 113.759089098035943, -8.112518249829597 ], [ 113.758870061820204, -8.112938091017979 ], [ 113.758794017634784, -8.113219503842929 ], [ 113.75878283810107, -8.113339110150894 ], [ 113.758783369005414, -8.113416801984977 ], [ 113.758849824573488, -8.113488068981177 ], [ 113.759144498037855, -8.113605603157385 ], [ 113.759228987285255, -8.113682725161059 ], [ 113.759290426660797, -8.113897463339985 ], [ 113.759303115364162, -8.113998977948528 ], [ 113.75931674011207, -8.114237948120717 ], [ 113.759305114115676, -8.114291814696537 ], [ 113.75926341881177, -8.11433393386678 ], [ 113.758929116168659, -8.114336199693602 ], [ 113.758855617808777, -8.114336698339898 ], [ 113.758724620084152, -8.114475046223877 ], [ 113.758504767299812, -8.114775363011933 ], [ 113.758483877876216, -8.11481771420279 ], [ 113.758475190269067, -8.114835327579664 ], [ 113.758451336405059, -8.114850838603461 ], [ 113.758224413879432, -8.114998394278684 ], [ 113.758138593328766, -8.115077866394669 ], [ 113.758009497337611, -8.115143287814766 ], [ 113.757790697378766, -8.115070661582182 ], [ 113.757675094981508, -8.115004507728587 ], [ 113.757588738136633, -8.115005093136629 ], [ 113.756821867938129, -8.114677677563346 ], [ 113.756803224302729, -8.114582180337928 ], [ 113.756748516901922, -8.114474973162121 ], [ 113.75672917976712, -8.114277879087027 ], [ 113.756754885957278, -8.11365016708158 ], [ 113.756670560203261, -8.11359694992445 ], [ 113.756526589907608, -8.11359194794492 ], [ 113.756454136288383, -8.113520719288118 ], [ 113.756541442652505, -8.113131652842311 ], [ 113.756611858892697, -8.112904068114688 ], [ 113.75668268296802, -8.112736245029827 ], [ 113.75669353641328, -8.112568828417317 ], [ 113.756674649334414, -8.112437472234117 ], [ 113.756632017087654, -8.112342137175315 ], [ 113.756655394844614, -8.112252330143534 ], [ 113.756750166208775, -8.112078368345529 ], [ 113.756981645887834, -8.111724185445507 ], [ 113.757022688116535, -8.111586446718375 ], [ 113.757076050739343, -8.111496438019362 ], [ 113.757147323073994, -8.111394353235585 ], [ 113.757248619800379, -8.111298042137523 ], [ 113.757373091264469, -8.111082044092722 ], [ 113.757556186783958, -8.110668423202922 ], [ 113.75763912643751, -8.110518448014927 ], [ 113.757668175258857, -8.110380790970449 ], [ 113.757367425589933, -8.110251343288899 ], [ 113.757313453011065, -8.110251708593923 ], [ 113.757271596010384, -8.110269921789504 ], [ 113.757232751060897, -8.110352659736062 ], [ 113.75721248237312, -8.110395829669949 ], [ 113.75714716586883, -8.110491895803042 ], [ 113.756986062005765, -8.110612517782847 ], [ 113.756926092274043, -8.110612924185041 ], [ 113.756842743887006, -8.110703137262476 ], [ 113.756759804233454, -8.110853111604287 ], [ 113.756707623793559, -8.11111643397817 ], [ 113.756666295900601, -8.111212336804551 ], [ 113.756618767835533, -8.111278400550397 ], [ 113.756564999174202, -8.111308647882611 ], [ 113.756480997711989, -8.111303240441204 ], [ 113.756445576242029, -8.111292272130108 ], [ 113.756243926918614, -8.111229834042966 ], [ 113.756084336716839, -8.111180418205148 ], [ 113.755939716040913, -8.11107979472253 ], [ 113.755897329932537, -8.111020316556965 ], [ 113.756015435934529, -8.110623950926955 ], [ 113.756020456618629, -8.110607102131194 ], [ 113.756006766293737, -8.110600961348513 ], [ 113.75529857225294, -8.11028327734194 ], [ 113.755422271165898, -8.109953729394309 ], [ 113.754899797521929, -8.109724478803248 ], [ 113.75457977449858, -8.109584059408682 ], [ 113.754080861867905, -8.109365147132676 ], [ 113.754038597032093, -8.109323598343931 ], [ 113.754014080211334, -8.109246068927209 ], [ 113.75401342893278, -8.109150447841634 ], [ 113.754074781171752, -8.109000619326538 ], [ 113.754437349305249, -8.10855012495643 ], [ 113.754643136268825, -8.108624499846053 ], [ 113.754826931575963, -8.108690926654996 ], [ 113.755577559335819, -8.109008582951983 ], [ 113.755671110787802, -8.109007950976197 ], [ 113.755764519407691, -8.108985802599971 ], [ 113.755829041801277, -8.108949506005763 ], [ 113.755936842330343, -8.108927261740405 ], [ 113.756151414817396, -8.108732170351507 ], [ 113.756294805699682, -8.108652308582274 ], [ 113.756521426391345, -8.108112886101623 ], [ 113.756563235781286, -8.107911791343335 ], [ 113.756788193691392, -8.107128535978681 ], [ 113.756935114952753, -8.1065107637425 ], [ 113.757731953847411, -8.106745116730769 ], [ 113.757793242305993, -8.106763141641208 ], [ 113.757882006635853, -8.107044132900068 ], [ 113.757885722067869, -8.107589168686875 ], [ 113.757943411875416, -8.107958128199007 ], [ 113.757937782133524, -8.108011954685415 ], [ 113.757908735108828, -8.108149611853511 ], [ 113.757879157179744, -8.108209578198643 ], [ 113.757873566963752, -8.108269381079266 ], [ 113.757802336849934, -8.108377441453479 ], [ 113.757767168704873, -8.108497209832043 ], [ 113.757767577438315, -8.108556972570929 ], [ 113.757738121680148, -8.108634868075134 ], [ 113.757709195928015, -8.10879045273102 ], [ 113.757643758151147, -8.108868591206301 ], [ 113.757620178273243, -8.108928515645879 ], [ 113.757548580748477, -8.108982789756041 ], [ 113.757447324446289, -8.109085075774052 ] ] ] } },
{ "type": "Feature", "properties": { "fid": 109, "class_id": 1, "class_name": "Sawah", "source": "Kementan", "source_class": "Bondowoso", "kode": "VALID", "alasan": "", "n_valid": 107, "n_nodata": 0, "status_v5": "ok" }, "geometry": { "type": "Polygon", "coordinates": [ [ [ 113.762066911693154, -8.034364061743517 ], [ 113.761900348768137, -8.034328369754256 ], [ 113.761745684927348, -8.034245089979693 ], [ 113.761674301201637, -8.034030938151092 ], [ 113.761662403914002, -8.033662121066461 ], [ 113.761776382157223, -8.033510431529994 ], [ 113.761855682735572, -8.033404893439954 ], [ 113.76301533051226, -8.033717493828531 ], [ 113.763030593787249, -8.033721608230584 ], [ 113.76318033486028, -8.033781505382509 ], [ 113.762459522184741, -8.034221293804809 ], [ 113.762197781857012, -8.03432837066735 ], [ 113.762066911693154, -8.034364061743517 ] ] ] } },
{ "type": "Feature", "properties": { "fid": 111, "class_id": 1, "class_name": "Sawah", "source": "Kementan", "source_class": "Gresik", "kode": "VALID", "alasan": "", "n_valid": 8871, "n_nodata": 0, "status_v5": "ok" }, "geometry": { "type": "Polygon", "coordinates": [ [ [ 112.591207505391651, -7.294816970715435 ], [ 112.591192245709919, -7.294858933122149 ], [ 112.591173116085926, -7.294917233290271 ], [ 112.591172218668959, -7.294919967036629 ], [ 112.591168955089543, -7.294926896659841 ], [ 112.591153374709251, -7.294959973260611 ], [ 112.591151554722487, -7.294963837332598 ], [ 112.591149658378924, -7.29496540155708 ], [ 112.591119766937837, -7.29499006179374 ], [ 112.591096859898116, -7.294997792672919 ], [ 112.591081619979292, -7.295002936565362 ], [ 112.591041049366154, -7.295014032897777 ], [ 112.591015844435887, -7.295020926971855 ], [ 112.591007233185579, -7.295023282424396 ], [ 112.591002003193978, -7.295025425485139 ], [ 112.590961456835316, -7.295042037624551 ], [ 112.59094047578354, -7.295064925806425 ], [ 112.590925217000148, -7.295098305052714 ], [ 112.590894699433321, -7.295185088552062 ], [ 112.590879439751561, -7.29523658766257 ], [ 112.59085273732974, -7.295310974061421 ], [ 112.590806960979506, -7.29543876657552 ], [ 112.590797425362751, -7.295475959789795 ], [ 112.590789795072737, -7.295504569816433 ], [ 112.590784072804368, -7.295541763947587 ], [ 112.590768814020976, -7.295684814119063 ], [ 112.590753556135866, -7.29580116308318 ], [ 112.590749740990859, -7.29585456832316 ], [ 112.590738297352431, -7.29593658544597 ], [ 112.590736145887362, -7.295965094318711 ], [ 112.590735754221882, -7.295970281065054 ], [ 112.590749740990859, -7.296007156189713 ], [ 112.590785026815226, -7.296028614190101 ], [ 112.590864180968168, -7.296060562365179 ], [ 112.590898513679988, -7.296073913910009 ], [ 112.59095573366865, -7.296096802143262 ], [ 112.591054916659175, -7.296136855870539 ], [ 112.591131210576265, -7.296167372911603 ], [ 112.591201159692474, -7.296196825258255 ], [ 112.591203690246644, -7.296197890866257 ], [ 112.591229436860985, -7.296206949901658 ], [ 112.591238022060182, -7.296209970795577 ], [ 112.591278077040357, -7.296204566184837 ], [ 112.591293334925453, -7.296166420336518 ], [ 112.591306685687215, -7.29608917333976 ], [ 112.591314315977229, -7.296045302936377 ], [ 112.591351645468876, -7.295861527130207 ], [ 112.591363906574202, -7.29580116308318 ], [ 112.591371535965905, -7.295766831211593 ], [ 112.591382979604305, -7.295725822207722 ], [ 112.591394424141029, -7.295690536856092 ], [ 112.591436386244567, -7.295560836389663 ], [ 112.591463088666401, -7.295467376599836 ], [ 112.59148025457317, -7.295422552770702 ], [ 112.591495515153198, -7.295390128809008 ], [ 112.59150886591496, -7.295360565304523 ], [ 112.591527938945063, -7.295330048317017 ], [ 112.591648102089067, -7.295117378387942 ], [ 112.591665267995793, -7.29507954893871 ], [ 112.591672897387525, -7.295042991108868 ], [ 112.591674565558989, -7.295028807346223 ], [ 112.591676711634221, -7.295010566262399 ], [ 112.591682432105955, -7.294948597082823 ], [ 112.591688156170946, -7.294886588714842 ], [ 112.59169030224615, -7.29486834945976 ], [ 112.591691971315953, -7.294854163879401 ], [ 112.591699599809331, -7.294821739046248 ], [ 112.59171008764028, -7.294799809829611 ], [ 112.591720580861107, -7.29477786967538 ], [ 112.591721423480863, -7.294776453123022 ], [ 112.591741561912883, -7.294742585308075 ], [ 112.591758727819652, -7.294713020022126 ], [ 112.59176686026791, -7.294702327514606 ], [ 112.591784478027293, -7.294679164973586 ], [ 112.591815948706639, -7.294659614003231 ], [ 112.591844559150132, -7.294658661431261 ], [ 112.591875076716946, -7.294662476276902 ], [ 112.591928481560601, -7.294666291122581 ], [ 112.59197425791082, -7.294670105056737 ], [ 112.592096329076469, -7.294681548682495 ], [ 112.592134476035014, -7.294686317011904 ], [ 112.592180252385276, -7.294694900187269 ], [ 112.592340469611116, -7.294733046825032 ], [ 112.592443465950041, -7.294757842870521 ], [ 112.592496871692006, -7.294769287410015 ], [ 112.592527117069281, -7.294776279016522 ], [ 112.59258001705976, -7.294788508403073 ], [ 112.592585564156636, -7.294789790957275 ], [ 112.592588969669862, -7.294791193836394 ], [ 112.592625300234914, -7.294806162438334 ], [ 112.592631219234306, -7.294836944652825 ], [ 112.592631657612174, -7.294839222622466 ], [ 112.592630387394365, -7.294843940818122 ], [ 112.592622757104323, -7.294872283720533 ], [ 112.59260523187146, -7.294944136855496 ], [ 112.592603683175881, -7.294950484908455 ], [ 112.592580795000771, -7.295028687021247 ], [ 112.592564691801002, -7.295093525780399 ], [ 112.592562675981483, -7.295101642248236 ], [ 112.592562089381616, -7.295105233767063 ], [ 112.592555046589794, -7.295148372103585 ], [ 112.592583657033259, -7.295187949005909 ], [ 112.592619765714417, -7.295208388763112 ], [ 112.592634200742751, -7.295216559926175 ], [ 112.592671486216915, -7.295234392642309 ], [ 112.592678069969637, -7.295237541147289 ], [ 112.592718124051515, -7.295251846152962 ], [ 112.592760086155067, -7.295265197674309 ], [ 112.592798233113612, -7.295272827375699 ], [ 112.592831611814631, -7.295275211087686 ], [ 112.592855454000585, -7.295248032213983 ], [ 112.592863083392317, -7.29521942129176 ], [ 112.592868108567998, -7.295202668766744 ], [ 112.592885970669087, -7.295143127027127 ], [ 112.59291648913424, -7.295040130655925 ], [ 112.592931747917675, -7.294981002782313 ], [ 112.592943191556074, -7.294950484908455 ], [ 112.59297561714456, -7.294916628930875 ], [ 112.593023299719832, -7.294919013552566 ], [ 112.593114853318653, -7.294940948244209 ], [ 112.593249322133531, -7.294970034979627 ], [ 112.593300500951898, -7.294976551670202 ], [ 112.593336104779866, -7.2949695591491 ], [ 112.593357175663172, -7.294961532015762 ], [ 112.593383580742625, -7.294951473031584 ], [ 112.593389511420142, -7.294949214203995 ], [ 112.59339369217949, -7.294948394718121 ], [ 112.593421936110332, -7.294942856123975 ], [ 112.593450545655486, -7.294945399355975 ], [ 112.593456658691011, -7.294946800412458 ], [ 112.593481064120652, -7.294952392788262 ], [ 112.593584061357845, -7.294984817630628 ], [ 112.593614578924686, -7.294994354295794 ], [ 112.593642553360965, -7.295017241563734 ], [ 112.593645095593217, -7.295052527775231 ], [ 112.593641758351936, -7.295074225469483 ], [ 112.593639374223159, -7.295089721869807 ], [ 112.593616486048063, -7.29520893113727 ], [ 112.593610763779679, -7.29524707781769 ], [ 112.593614578924686, -7.295276642226437 ], [ 112.593638738215958, -7.295298894155717 ], [ 112.593671798913334, -7.295311927546288 ], [ 112.593843459777617, -7.29537391682902 ], [ 112.593870163097762, -7.295385361383851 ], [ 112.5938768259022, -7.295392394019648 ], [ 112.59389591330536, -7.295412540265676 ], [ 112.593885421881168, -7.295462130608184 ], [ 112.593851090067631, -7.295541763947587 ], [ 112.593832016139217, -7.295591354304037 ], [ 112.593770767206522, -7.295745610227533 ], [ 112.593729018901982, -7.295850754379178 ], [ 112.593683242551762, -7.295968055959974 ], [ 112.593675777551752, -7.295996985061419 ], [ 112.593675614058341, -7.295997620415095 ], [ 112.593663216409141, -7.296033381621929 ], [ 112.593656540129928, -7.296070099052655 ], [ 112.593643846036656, -7.296141726309206 ], [ 112.593632352092584, -7.296206585279582 ], [ 112.593629836809782, -7.29622078001724 ], [ 112.593603134387962, -7.296371460119675 ], [ 112.593595504996244, -7.296432495146543 ], [ 112.593578339089518, -7.296516895179367 ], [ 112.593577703082261, -7.296560923326929 ], [ 112.593603135286301, -7.29659700271062 ], [ 112.593641281346507, -7.296617508162519 ], [ 112.59369850223348, -7.296642303398111 ], [ 112.593740463438706, -7.296661376797402 ], [ 112.593847274922624, -7.296709061210665 ], [ 112.593938826724795, -7.296751022878563 ], [ 112.593969345189961, -7.296766281419232 ], [ 112.594026566076906, -7.296792983638738 ], [ 112.594057083643776, -7.296804427317351 ], [ 112.594093322580648, -7.296800135709946 ], [ 112.594111443396542, -7.296757220549688 ], [ 112.594133376662526, -7.29667663624665 ], [ 112.594175337867753, -7.296531676968555 ], [ 112.594184864501329, -7.296497654971361 ], [ 112.594202042086195, -7.296436310006913 ], [ 112.594211578601261, -7.296409606896576 ], [ 112.594235419888918, -7.296383379619784 ], [ 112.594244401245135, -7.296384543676203 ], [ 112.594285459643501, -7.296389866249064 ], [ 112.594286919405818, -7.296390055852612 ], [ 112.594358444167085, -7.296415328731074 ], [ 112.594400406270637, -7.296430588172154 ], [ 112.594621657731849, -7.296508788713651 ], [ 112.594663619835401, -7.296524048157832 ], [ 112.594720839824049, -7.296545027615524 ], [ 112.595243453605192, -7.296743393152638 ], [ 112.595270156925338, -7.296752929854288 ], [ 112.595302581615499, -7.296763420044017 ], [ 112.595302618446425, -7.296763430982691 ], [ 112.595338822349007, -7.296773910233984 ], [ 112.595483779893172, -7.296815871907803 ], [ 112.595525741098399, -7.296829224386139 ], [ 112.595605850160496, -7.296853065233518 ], [ 112.595643997119041, -7.296859106118309 ], [ 112.595670700439157, -7.296844482017851 ], [ 112.595684052099244, -7.296813964931824 ], [ 112.595684792311019, -7.296811621320336 ], [ 112.595706938477733, -7.296741488911624 ], [ 112.595709085451261, -7.296734689613595 ], [ 112.595712661644399, -7.296723366262138 ], [ 112.59571959933335, -7.296704723114789 ], [ 112.59572792132613, -7.296682358084474 ], [ 112.595739364964516, -7.296652793585315 ], [ 112.596029281849439, -7.296012878930752 ], [ 112.596097946374812, -7.295858383178724 ], [ 112.596113206056543, -7.295825003877241 ], [ 112.596128463941639, -7.295795440344778 ], [ 112.596143721826735, -7.295770645154877 ], [ 112.596208572105425, -7.295665740760299 ], [ 112.596222195955008, -7.295646667402317 ], [ 112.596227646033824, -7.295639037694726 ], [ 112.59625911761151, -7.295612811373462 ], [ 112.596292496312529, -7.295606612806206 ], [ 112.596300125704246, -7.295606612806206 ], [ 112.596323012981017, -7.295606612806206 ], [ 112.596359252816228, -7.295607566291696 ], [ 112.596368789331294, -7.295608519777183 ], [ 112.596387863259721, -7.295610427659724 ], [ 112.596418380826549, -7.295615195998765 ], [ 112.596540451093858, -7.295637129812075 ], [ 112.596639634084397, -7.295654297110038 ], [ 112.596681595289652, -7.295661925906322 ], [ 112.596746443771679, -7.295671462585537 ], [ 112.596788406773555, -7.295679569036483 ], [ 112.596817652325925, -7.295703252125358 ], [ 112.596818924340383, -7.295753002021222 ], [ 112.59681129405034, -7.295827866158175 ], [ 112.596799851310294, -7.295915604192945 ], [ 112.596794518012416, -7.295985376411499 ], [ 112.596794129041911, -7.295990467444822 ], [ 112.596793493034696, -7.296034494630403 ], [ 112.596822738587065, -7.296069144654653 ], [ 112.596860886443935, -7.296087265455234 ], [ 112.596929550070982, -7.296113967635288 ], [ 112.596986770957969, -7.296134948897369 ], [ 112.597028732163167, -7.296152115302373 ], [ 112.597093583340168, -7.296178818397748 ], [ 112.59712409911036, -7.296190898326575 ], [ 112.59716033984391, -7.296193599264519 ], [ 112.597185135142354, -7.296170235194669 ], [ 112.597192763635746, -7.29614257770164 ], [ 112.597227097245906, -7.296060562365179 ], [ 112.597280502089546, -7.295927046938151 ], [ 112.597314834801395, -7.295845031640149 ], [ 112.597324372214757, -7.295818328564165 ], [ 112.597345353266533, -7.295789240863513 ], [ 112.597375869935064, -7.295778273953095 ], [ 112.597410201748573, -7.295784950177143 ], [ 112.597482681418995, -7.29580116308318 ], [ 112.597558975336042, -7.295818328564165 ], [ 112.597589492902898, -7.295825003877241 ], [ 112.597620011368022, -7.295837401929269 ], [ 112.597637179071427, -7.295846939523667 ], [ 112.59765434318156, -7.295856476206709 ], [ 112.597745893187124, -7.295913694486035 ], [ 112.597749711027092, -7.295916080936006 ], [ 112.597752180495775, -7.295918410869605 ], [ 112.597791672232304, -7.295955657904422 ], [ 112.597787145621595, -7.296002729679644 ], [ 112.59778690307644, -7.296005249217087 ], [ 112.59778564004516, -7.296009505266426 ], [ 112.597768784057195, -7.296066284195331 ], [ 112.597757252383886, -7.296108420823101 ], [ 112.597756386407951, -7.296111583918949 ], [ 112.597751516640784, -7.296122906343772 ], [ 112.597737311581227, -7.296155929248854 ], [ 112.597702667153953, -7.296204033836613 ], [ 112.597698848415689, -7.296209335441609 ], [ 112.597686767871721, -7.296241760372644 ], [ 112.597684859850091, -7.296272278332228 ], [ 112.597690583016771, -7.296304703267715 ], [ 112.597698650786327, -7.296338443579994 ], [ 112.597701072644355, -7.296348571872743 ], [ 112.597701970959605, -7.296351179832949 ], [ 112.597711672764689, -7.296379362394527 ], [ 112.597721099685259, -7.296406746435128 ], [ 112.597726821953643, -7.296452522024376 ], [ 112.597724567182254, -7.296477320897284 ], [ 112.597723006808607, -7.29649448366885 ], [ 112.59771499922617, -7.296533190151248 ], [ 112.597714424304399, -7.296535967661898 ], [ 112.59771346849692, -7.2965393121603 ], [ 112.597709654250252, -7.296552662807492 ], [ 112.597702026655156, -7.296579359545252 ], [ 112.59768389146619, -7.296622065031016 ], [ 112.597682316719514, -7.296625773240899 ], [ 112.597680296408441, -7.296628919020741 ], [ 112.597660064551604, -7.296660423309728 ], [ 112.597637170986587, -7.29668903979099 ], [ 112.597625732738067, -7.296703337549393 ], [ 112.597608566831298, -7.296728133701171 ], [ 112.597589492902898, -7.296758651693062 ], [ 112.597583328663418, -7.296772741618788 ], [ 112.597574929415501, -7.296791939906711 ], [ 112.597569465861952, -7.296804428228905 ], [ 112.597562789582739, -7.296834838662197 ], [ 112.59756088156108, -7.296843527618242 ], [ 112.597558975336042, -7.296883583233705 ], [ 112.597560652490685, -7.296922603324348 ], [ 112.59756088156108, -7.296927928638097 ], [ 112.597562789582739, -7.296939796193911 ], [ 112.597569465861952, -7.296981334009007 ], [ 112.597581981190473, -7.297021117992547 ], [ 112.597582816623714, -7.297023772445973 ], [ 112.597584739916726, -7.29702594377431 ], [ 112.597609837947431, -7.297054291369051 ], [ 112.597651482047382, -7.297080992693735 ], [ 112.597682337380789, -7.297093924040465 ], [ 112.597684859850091, -7.297094981446524 ], [ 112.597691651113621, -7.297096608575693 ], [ 112.597731806705141, -7.297106227324791 ], [ 112.597745895882042, -7.297109602820287 ], [ 112.597776413448884, -7.297122955307158 ], [ 112.597808838139073, -7.297142982215068 ], [ 112.597837447684242, -7.297161103057992 ], [ 112.597864151004387, -7.297181129056013 ], [ 112.597898482817897, -7.297208785699987 ], [ 112.597927094159715, -7.297230719589349 ], [ 112.597967148241594, -7.297246932546392 ], [ 112.59800815633433, -7.297256946002943 ], [ 112.598054885797069, -7.297262192015089 ], [ 112.598124505231581, -7.297265529226315 ], [ 112.5981731409194, -7.297281265440107 ], [ 112.598213195899589, -7.297305107222503 ], [ 112.598218918167959, -7.297309875579129 ], [ 112.598241806343069, -7.297328949006126 ], [ 112.598252435209531, -7.297344359796083 ], [ 112.598260880271511, -7.297356604747443 ], [ 112.598276139054917, -7.29738235442364 ], [ 112.598289489816679, -7.297410964568954 ], [ 112.598295212085048, -7.297449112343698 ], [ 112.598295212085048, -7.297462463017312 ], [ 112.598295212085048, -7.297489165277266 ], [ 112.598295212085048, -7.297502517775166 ], [ 112.598287582693345, -7.297543525114462 ], [ 112.598279953301613, -7.297578812431465 ], [ 112.598266601641569, -7.297620773267233 ], [ 112.598260171500741, -7.297639259663764 ], [ 112.598256890853349, -7.297648691554825 ], [ 112.59824371256812, -7.297686575909009 ], [ 112.598235844224533, -7.297718767585376 ], [ 112.59823322294055, -7.297729492067613 ], [ 112.598226547559676, -7.297769545937188 ], [ 112.598224941371939, -7.297787621226894 ], [ 112.598222733312966, -7.297812461191985 ], [ 112.598224641334639, -7.297852515980345 ], [ 112.598226548457973, -7.297873498233358 ], [ 112.598227868083143, -7.297888018448897 ], [ 112.598228454683024, -7.2978944768411 ], [ 112.598230361806358, -7.297900572433094 ], [ 112.598243076560905, -7.297941207891984 ], [ 112.598266601641569, -7.297974586435616 ], [ 112.598298074117537, -7.298007488236436 ], [ 112.5983371741886, -7.298027991928157 ], [ 112.598360092906447, -7.298037541418288 ], [ 112.598379123715716, -7.298045471068551 ], [ 112.598386764785545, -7.298048655143583 ], [ 112.598417282352358, -7.298063278370816 ], [ 112.598460521860261, -7.298087441974082 ], [ 112.598465919836769, -7.298090458322558 ], [ 112.59850883505284, -7.298107147143718 ], [ 112.598543166866378, -7.298114140624116 ], [ 112.598582267835752, -7.298113345744691 ], [ 112.598611422658308, -7.298092707138438 ], [ 112.598614375420638, -7.298090616933814 ], [ 112.598617922867703, -7.298085796610223 ], [ 112.598636888099989, -7.298060025017206 ], [ 112.598652972435161, -7.298038169482313 ], [ 112.598653794393641, -7.2980370519112 ], [ 112.59865655940807, -7.298033984515772 ], [ 112.598675591115679, -7.298012869167848 ], [ 112.598684311062129, -7.298003195706237 ], [ 112.59872055089734, -7.297971725052868 ], [ 112.598760604979219, -7.297952650687624 ], [ 112.598769297077894, -7.2979504246614 ], [ 112.598799705948622, -7.297942638127479 ], [ 112.59884262116465, -7.29793739301912 ], [ 112.598871247777822, -7.297938453161798 ], [ 112.598894119783282, -7.297939299999768 ], [ 112.598924637350123, -7.297935486038488 ], [ 112.598963738319469, -7.297914503782637 ], [ 112.598997116122163, -7.297885893605971 ], [ 112.599000930368874, -7.297882079645131 ], [ 112.599004536206422, -7.297878473519668 ], [ 112.599018097173939, -7.297864914087065 ], [ 112.599058152154157, -7.297819137445581 ], [ 112.599079132307622, -7.297795294724959 ], [ 112.599111556997798, -7.297763824997384 ], [ 112.599134446071233, -7.297743797150849 ], [ 112.599140165644656, -7.29773617014312 ], [ 112.599151611079677, -7.297720908835566 ], [ 112.59916496363806, -7.29769012460481 ], [ 112.599168777884771, -7.297681330803575 ], [ 112.599171610272862, -7.297672327344145 ], [ 112.599182128646504, -7.29763889321743 ], [ 112.599186127946155, -7.297623695722169 ], [ 112.599191666059895, -7.297602653317739 ], [ 112.599206924843315, -7.297535896286933 ], [ 112.599220275605049, -7.297489166188823 ], [ 112.599229336012996, -7.297466515802784 ], [ 112.599235057383055, -7.297452212551292 ], [ 112.599237442410143, -7.29744625096422 ], [ 112.599256516338556, -7.297409057590498 ], [ 112.599271775121977, -7.297389984160165 ], [ 112.59927940361537, -7.297380448356857 ], [ 112.599316596563085, -7.297346114544174 ], [ 112.599349976162415, -7.297326087627408 ], [ 112.599380493729228, -7.297312736046191 ], [ 112.599411011296056, -7.297307967689536 ], [ 112.599439620841252, -7.297315597424836 ], [ 112.599478721810613, -7.297339915953549 ], [ 112.59949302658319, -7.297351837301887 ], [ 112.599510193388298, -7.297366142373376 ], [ 112.599534988686742, -7.297398567386032 ], [ 112.599556604847436, -7.29744338958477 ], [ 112.599550649017118, -7.297482239261648 ], [ 112.599550247470177, -7.297484857255433 ], [ 112.599549294357658, -7.297491073167612 ], [ 112.599531174440074, -7.297536848864867 ], [ 112.599512101409928, -7.297568321311565 ], [ 112.599458693871355, -7.297641753686547 ], [ 112.599441528862926, -7.297670363848011 ], [ 112.599418640687773, -7.297714232583404 ], [ 112.59940624303853, -7.297761440360932 ], [ 112.599405289027715, -7.297772978865726 ], [ 112.599401473882708, -7.297819137445581 ], [ 112.599397658737701, -7.297852515980345 ], [ 112.599391937367656, -7.297893524262424 ], [ 112.59939003024428, -7.297907010771183 ], [ 112.599385493752109, -7.297939093075955 ], [ 112.599385261986754, -7.297940730235258 ], [ 112.599384884694345, -7.297942139504904 ], [ 112.599378086244272, -7.297967501801468 ], [ 112.599372864337553, -7.29798698363407 ], [ 112.599369896303841, -7.29799588865132 ], [ 112.599365870054712, -7.29800796589323 ], [ 112.599361419800829, -7.298021315671527 ], [ 112.599346161017394, -7.298053740730412 ], [ 112.599334248458419, -7.298072177008624 ], [ 112.599306106037176, -7.298115730382971 ], [ 112.599294808824183, -7.298136784661169 ], [ 112.599285125883753, -7.298154830795439 ], [ 112.599265745629793, -7.298199128009882 ], [ 112.599265098842778, -7.298200606558809 ], [ 112.599252701193549, -7.298238754399114 ], [ 112.599233627265136, -7.29829597479816 ], [ 112.599219321594219, -7.298342228232735 ], [ 112.599215026748837, -7.298354040219951 ], [ 112.599207929159803, -7.29837355853133 ], [ 112.599196243874559, -7.298405693739134 ], [ 112.599186419898643, -7.298432708718845 ], [ 112.599183082657348, -7.298441887212621 ], [ 112.599170685906444, -7.298491471501107 ], [ 112.599169730997289, -7.298495291847921 ], [ 112.599169773218094, -7.298495579900797 ], [ 112.599177361287303, -7.298547743909391 ], [ 112.599178652166373, -7.298549596198984 ], [ 112.599180738054457, -7.298552590673063 ], [ 112.59920278540649, -7.29858424094352 ], [ 112.599206924843315, -7.298590183402595 ], [ 112.599211872763902, -7.298595501443201 ], [ 112.599231866567166, -7.298616994203725 ], [ 112.599236893539484, -7.298622398842839 ], [ 112.59924507180186, -7.298631190838959 ], [ 112.599273647211021, -7.29865358422248 ], [ 112.59927813160094, -7.298657099198026 ], [ 112.599282796552203, -7.298659855755635 ], [ 112.599306106935515, -7.298673630339869 ], [ 112.599313736327233, -7.298675537323566 ], [ 112.599328995110639, -7.298679351290999 ], [ 112.599344254792356, -7.298683166170014 ], [ 112.599348069039067, -7.298684119661887 ], [ 112.599384694251526, -7.298690414896013 ], [ 112.599409104172722, -7.298694609895701 ], [ 112.599443459342453, -7.298700971673868 ], [ 112.599460601893028, -7.29870414663784 ], [ 112.599496841728197, -7.298707008025151 ], [ 112.599527359295024, -7.298699379178305 ], [ 112.599555968840221, -7.298682211766587 ], [ 112.599584580181997, -7.298656939675016 ], [ 112.599601746088766, -7.298618315965691 ], [ 112.599603653212114, -7.29861068620876 ], [ 112.599609374582172, -7.298587798761853 ], [ 112.599611281705492, -7.298556009934051 ], [ 112.599611281705492, -7.298555373665278 ], [ 112.599611281705492, -7.298543929031501 ], [ 112.599611281705492, -7.298526764360275 ], [ 112.59960556033549, -7.298475264881067 ], [ 112.599603653212114, -7.298433779801389 ], [ 112.599605694184447, -7.298416600549315 ], [ 112.599609374582172, -7.298385620286649 ], [ 112.599618911995535, -7.298355102186716 ], [ 112.599647523337325, -7.298317431993866 ], [ 112.599656426540136, -7.298307971830738 ], [ 112.599662739899927, -7.298301264577021 ], [ 112.599685669397587, -7.298276901331024 ], [ 112.599708556674358, -7.298251151604697 ], [ 112.599735896001732, -7.298215229790876 ], [ 112.599740770260482, -7.298204951049726 ], [ 112.599741118806776, -7.298204216333048 ], [ 112.59975051877791, -7.298184395391242 ], [ 112.599752425901286, -7.298145294064702 ], [ 112.59975010375625, -7.29812148870107 ], [ 112.599748611654576, -7.298106193653045 ], [ 112.599743134626308, -7.298082228768629 ], [ 112.599740983161183, -7.298072815099854 ], [ 112.599729535031202, -7.298048965073592 ], [ 112.599718094087748, -7.298025130545076 ], [ 112.599713006928283, -7.297993978024206 ], [ 112.59973233597826, -7.297957738096505 ], [ 112.599733352871169, -7.297955831115788 ], [ 112.599736046918707, -7.297952425532639 ], [ 112.599756241046293, -7.297926901891036 ], [ 112.599780400337522, -7.297904331700571 ], [ 112.599821091324955, -7.297876994060213 ], [ 112.599855423138493, -7.297863006195175 ], [ 112.599884033581972, -7.297862051793451 ], [ 112.59992504167468, -7.297869682449506 ], [ 112.599929596133194, -7.297871482777527 ], [ 112.599932689032698, -7.297872705177463 ], [ 112.599966049767403, -7.297885893605971 ], [ 112.600000381580941, -7.297905922370255 ], [ 112.600032807169441, -7.297927856292894 ], [ 112.600107193963154, -7.297980308289592 ], [ 112.600147247146751, -7.297991752909338 ], [ 112.600186348116097, -7.297983168760837 ], [ 112.600227356208833, -7.297966003198991 ], [ 112.600250244383943, -7.297946929745551 ], [ 112.600269595891817, -7.297922393322207 ], [ 112.600275847267852, -7.297914468231852 ], [ 112.600276946805764, -7.297913073547232 ], [ 112.60029506672339, -7.297866821067413 ], [ 112.60029792785754, -7.29782581278771 ], [ 112.60029792785754, -7.297817229553873 ], [ 112.60029792785754, -7.297796249126545 ], [ 112.60029792785754, -7.297784805423233 ], [ 112.60029792785754, -7.297773359897092 ], [ 112.60029792785754, -7.297739028789723 ], [ 112.600294112712533, -7.29770946513414 ], [ 112.600296384551896, -7.297694839183499 ], [ 112.60029792785754, -7.29768490228829 ], [ 112.600299198973673, -7.297676721965764 ], [ 112.600309372394264, -7.297647476447946 ], [ 112.600317001785982, -7.297617911886686 ], [ 112.60032717879983, -7.297591832213324 ], [ 112.60033224529802, -7.297578850716898 ], [ 112.600332260569417, -7.29757881060835 ], [ 112.600347519352809, -7.297546387406089 ], [ 112.600366592382912, -7.297513962383005 ], [ 112.60038375918802, -7.297485352231276 ], [ 112.600400925094775, -7.297462463928869 ], [ 112.600421906146551, -7.29743671424819 ], [ 112.60044479432166, -7.297416687327474 ], [ 112.600473404765154, -7.297413825948201 ], [ 112.600516319082899, -7.297425747298464 ], [ 112.60054842576946, -7.297454834191137 ], [ 112.600549697783919, -7.29746413663722 ], [ 112.600550459555279, -7.297469702608483 ], [ 112.600553512928926, -7.297492026657011 ], [ 112.600551366853722, -7.297508122943881 ], [ 112.600549697783919, -7.297520636809153 ], [ 112.600539208156349, -7.297555923212841 ], [ 112.600521728737561, -7.29758664362556 ], [ 112.600507735680367, -7.297611235636013 ], [ 112.600494384918605, -7.297641752774991 ], [ 112.600488662650264, -7.297673225228875 ], [ 112.600488663548546, -7.297673253487179 ], [ 112.600489616661079, -7.297719955345702 ], [ 112.600503922331981, -7.297761916194351 ], [ 112.600509339173144, -7.297773953321538 ], [ 112.60052108823875, -7.297800063998229 ], [ 112.600524905180393, -7.297806743897882 ], [ 112.60053634612386, -7.297826764454689 ], [ 112.60054397641386, -7.297840117873955 ], [ 112.600581059767109, -7.29789133014103 ], [ 112.600584029597456, -7.297895431242891 ], [ 112.600612640939246, -7.297941207891984 ], [ 112.600633621092712, -7.297979354799188 ], [ 112.600648880774443, -7.298013686836064 ], [ 112.600668976087348, -7.298069787812775 ], [ 112.600671768051257, -7.298077582552888 ], [ 112.60069656424804, -7.298133850352695 ], [ 112.600728988938201, -7.298196791683801 ], [ 112.60074154109769, -7.298219311752874 ], [ 112.600746515069403, -7.298228236828927 ], [ 112.600750605098895, -7.298235575792119 ], [ 112.600752866158459, -7.298237905737478 ], [ 112.600781441567662, -7.298267363686186 ], [ 112.600826640301193, -7.298291319464663 ], [ 112.600829124142933, -7.298292635756328 ], [ 112.600836368157388, -7.298294351310986 ], [ 112.600883483895714, -7.298305510620469 ], [ 112.600933075390984, -7.298306941768663 ], [ 112.600975989708729, -7.298296450632141 ], [ 112.601007462184697, -7.298266410195186 ], [ 112.601028443236473, -7.29822778743024 ], [ 112.601037978853228, -7.29818248658646 ], [ 112.601037978853228, -7.29817581123914 ], [ 112.601037978853228, -7.298158645670099 ], [ 112.601037978853228, -7.298147201046205 ], [ 112.601032256584887, -7.298098563904619 ], [ 112.601028062350807, -7.298062908277905 ], [ 112.601025581203984, -7.298041819363863 ], [ 112.601024628091466, -7.298033713782806 ], [ 112.601022720968132, -7.29800343909243 ], [ 112.601020813844784, -7.297973156200015 ], [ 112.601021036626975, -7.297969868207812 ], [ 112.601024628989791, -7.297916888419884 ], [ 112.601030090746718, -7.297895949008139 ], [ 112.601031063622173, -7.297892220733716 ], [ 112.601036644855029, -7.297870823720735 ], [ 112.601038932864057, -7.297862051793451 ], [ 112.601039422445893, -7.297861046344456 ], [ 112.60105705278167, -7.297824859297629 ], [ 112.601068271841243, -7.297808590715128 ], [ 112.601076125811772, -7.297797202616576 ], [ 112.601109505411088, -7.297764300830806 ], [ 112.601148606380491, -7.297737120898345 ], [ 112.601183571506269, -7.297727982527216 ], [ 112.601190566687407, -7.297726153941452 ], [ 112.601196051800514, -7.297725259702855 ], [ 112.601234435914293, -7.297719001855832 ], [ 112.60126220912791, -7.297716551587423 ], [ 112.601266860604454, -7.297716141386232 ], [ 112.60130310133799, -7.297719955345702 ], [ 112.601339340274862, -7.297727584176277 ], [ 112.601378345124502, -7.297736912151519 ], [ 112.601383210400087, -7.297738075299811 ], [ 112.601434708120365, -7.297751425981829 ], [ 112.60146808682137, -7.297770977083704 ], [ 112.601493835232375, -7.297805785850039 ], [ 112.601498033958023, -7.297820290566939 ], [ 112.601504325758242, -7.297842024854192 ], [ 112.601501464624064, -7.297882078733576 ], [ 112.601488112964006, -7.297910689821561 ], [ 112.601480714439333, -7.297925488063645 ], [ 112.601476670223917, -7.297933578146298 ], [ 112.601470947955562, -7.297945022764869 ], [ 112.601457219003066, -7.297969810779619 ], [ 112.601439362291856, -7.298002051700002 ], [ 112.601436615243699, -7.298007010579649 ], [ 112.60143302557583, -7.298016210030763 ], [ 112.60142865617027, -7.298027404884283 ], [ 112.601421355561968, -7.298046111894422 ], [ 112.601428985852024, -7.298089027175047 ], [ 112.601442336613744, -7.298128126673677 ], [ 112.601457596295504, -7.29815196941157 ], [ 112.601467138200434, -7.298163418593379 ], [ 112.601476670223917, -7.298174857748324 ], [ 112.601509094015782, -7.298206806072609 ], [ 112.601513723932754, -7.298209597266757 ], [ 112.601515100151772, -7.298210426785595 ], [ 112.601541519604268, -7.298226356282301 ], [ 112.601570129149422, -7.298233986032851 ], [ 112.601591756988213, -7.298236530194619 ], [ 112.601602554737923, -7.298237799996611 ], [ 112.60163307230475, -7.298240661381007 ], [ 112.601652164199507, -7.298241616695076 ], [ 112.601671219263295, -7.298242569274473 ], [ 112.60171508938852, -7.298241138126488 ], [ 112.601762771963806, -7.298230171157555 ], [ 112.601797103777329, -7.298213004674928 ], [ 112.601811411244853, -7.298204896356175 ], [ 112.601825714220809, -7.298196791683801 ], [ 112.601854324664302, -7.298174857748324 ], [ 112.601865387417035, -7.298164919931178 ], [ 112.60191059243877, -7.298124312710828 ], [ 112.601915843091589, -7.298120175144565 ], [ 112.601942062219777, -7.298099518306834 ], [ 112.601972105476136, -7.298080204196292 ], [ 112.601982117199995, -7.298073767678892 ], [ 112.602018356136867, -7.298052788151407 ], [ 112.602048873703694, -7.298042297020687 ], [ 112.602087020662239, -7.298028946330227 ], [ 112.602117539127391, -7.298017501709563 ], [ 112.60215377896256, -7.297998428253976 ], [ 112.602170936784489, -7.297988895172721 ], [ 112.602188109877815, -7.297979353887623 ], [ 112.602215449205147, -7.297960281345187 ], [ 112.602241515619752, -7.297935486038488 ], [ 112.602247238786418, -7.297929763273504 ], [ 112.602266311816521, -7.297910689821561 ], [ 112.602289199991674, -7.297889709389965 ], [ 112.602304862118643, -7.297868325138914 ], [ 112.602313996188457, -7.297855854107423 ], [ 112.602321935498935, -7.297844111411457 ], [ 112.602326934623491, -7.2978367159379 ], [ 112.602336884363567, -7.297821998827369 ], [ 112.602344512856959, -7.297789573784837 ], [ 112.602346419980336, -7.297762301783501 ], [ 112.60234928201281, -7.297721385580508 ], [ 112.60235138047733, -7.297712131441795 ], [ 112.60235977164038, -7.297675132208428 ], [ 112.602367401930394, -7.297641753686547 ], [ 112.60237312509706, -7.29762839936149 ], [ 112.602378845568822, -7.297615051417726 ], [ 112.60238959480948, -7.297600487456027 ], [ 112.602393003916021, -7.297595867680333 ], [ 112.602398553707843, -7.297588348238889 ], [ 112.602447510094194, -7.297541618135454 ], [ 112.602470398269318, -7.29751491587245 ], [ 112.602519988866248, -7.297450064921443 ], [ 112.60254096991801, -7.297422409174512 ], [ 112.602579116876555, -7.297376631665544 ], [ 112.602611541566759, -7.2973356252527 ], [ 112.602634429741869, -7.297312736046191 ], [ 112.602657317916993, -7.297295569597837 ], [ 112.602689742607183, -7.297291438419945 ], [ 112.60272026017401, -7.297296523998384 ], [ 112.602731704710735, -7.297298430976372 ], [ 112.602766037422569, -7.297307967689536 ], [ 112.602796554989396, -7.297318457891936 ], [ 112.602867126638145, -7.297343729909888 ], [ 112.602869934771704, -7.297344859329567 ], [ 112.602910995865031, -7.297361374016167 ], [ 112.602931940085895, -7.297370894322602 ], [ 112.602952957968583, -7.297380447445301 ], [ 112.602967127993864, -7.297388622293211 ], [ 112.602977753267055, -7.297394751606118 ], [ 112.602994923665378, -7.297407631002888 ], [ 112.603004455688875, -7.297414780348995 ], [ 112.603033066132369, -7.297439097971401 ], [ 112.603053093173301, -7.297483444340965 ], [ 112.603060534817118, -7.297526947523822 ], [ 112.60306549082253, -7.297555923212841 ], [ 112.603067397945864, -7.297572610191468 ], [ 112.603069305967537, -7.297589301728488 ], [ 112.603078841584292, -7.297622681158114 ], [ 112.603084563852633, -7.297656058767052 ], [ 112.6030911035879, -7.297678539612626 ], [ 112.603099822636068, -7.297708510732734 ], [ 112.603105544904409, -7.297743798062414 ], [ 112.603101729759402, -7.297779082660128 ], [ 112.603097690933893, -7.297791536369929 ], [ 112.603090286121017, -7.297814369083669 ], [ 112.603079606948924, -7.297830196472099 ], [ 112.603072483308708, -7.297840755053294 ], [ 112.603063583699196, -7.297853946215565 ], [ 112.603036880379051, -7.297885895429095 ], [ 112.603003522339293, -7.297916546585419 ], [ 112.603001594554684, -7.297918318655311 ], [ 112.602994146622649, -7.297926721402433 ], [ 112.602964400708657, -7.297960282256743 ], [ 112.602949142823576, -7.29797553901445 ], [ 112.602943419656881, -7.297981261780003 ], [ 112.602920533278407, -7.298000335234877 ], [ 112.602891922834928, -7.29801559381703 ], [ 112.602861405268087, -7.298027991928157 ], [ 112.602817536041172, -7.298032760292284 ], [ 112.602798254601936, -7.298029370205073 ], [ 112.602763293967698, -7.29802322356408 ], [ 112.602759679146985, -7.298022588207601 ], [ 112.602756961743253, -7.298022982912559 ], [ 112.602721479187835, -7.298028133219769 ], [ 112.602720261072335, -7.298028310062175 ], [ 112.602717756569305, -7.298030196988908 ], [ 112.602676391845421, -7.298061371389653 ], [ 112.602666381019901, -7.298070309224456 ], [ 112.602649689423586, -7.298085212300958 ], [ 112.602607728218388, -7.298130034566674 ], [ 112.602571488383177, -7.29814815544852 ], [ 112.60253048029044, -7.298145770810073 ], [ 112.602506558154431, -7.298139929539794 ], [ 112.602489471299407, -7.298135757334153 ], [ 112.602460861754253, -7.298128127585243 ], [ 112.602409363135649, -7.298110007615745 ], [ 112.602401865796281, -7.298108611107405 ], [ 112.60237693844546, -7.298103967626068 ], [ 112.602337307470066, -7.298106369583922 ], [ 112.602334976341908, -7.298106510875559 ], [ 112.602331024652969, -7.298107805289285 ], [ 112.602298101397821, -7.29811859085505 ], [ 112.602275849229912, -7.298136710824886 ], [ 112.602275820483797, -7.29813678101493 ], [ 112.602273742680552, -7.298141877541441 ], [ 112.602263104830968, -7.298167962715385 ], [ 112.602262496671514, -7.298169454026041 ], [ 112.60226183730812, -7.298172068377502 ], [ 112.602252960156477, -7.298207282818046 ], [ 112.602251052134804, -7.298225408260735 ], [ 112.60224978191701, -7.298237480039324 ], [ 112.602248191898951, -7.298252581841165 ], [ 112.602249077637808, -7.29830043779269 ], [ 112.60224914501147, -7.298304081295403 ], [ 112.602251052134804, -7.298343657557918 ], [ 112.602258682424846, -7.298397064004924 ], [ 112.602258682424846, -7.298414230494431 ], [ 112.602258682424846, -7.29843139607302 ], [ 112.602258682424846, -7.298435687695648 ], [ 112.602252960156477, -7.298477171863942 ], [ 112.602247237888122, -7.298505782988983 ], [ 112.602237702271367, -7.298535346695808 ], [ 112.602228164857976, -7.298568725282602 ], [ 112.602221871261122, -7.2985850303544 ], [ 112.602208585178047, -7.298619453592538 ], [ 112.602207183806215, -7.298623085247503 ], [ 112.602197587104044, -7.298647420253492 ], [ 112.602180481384394, -7.29869079592815 ], [ 112.602173615560673, -7.298710248621495 ], [ 112.60216903684767, -7.298723221034283 ], [ 112.602163314579315, -7.298768520108259 ], [ 112.602163314579315, -7.29878044149366 ], [ 112.602163314579315, -7.298807143830209 ], [ 112.602163314579315, -7.298904418268557 ], [ 112.602163314579315, -7.298913002434262 ], [ 112.602163314579315, -7.298921583865459 ], [ 112.602163314579315, -7.298944473152113 ], [ 112.602163314579315, -7.298953057318567 ], [ 112.602158676577517, -7.29898591816923 ], [ 112.602157594107609, -7.298993587129496 ], [ 112.602155686085936, -7.299001821257555 ], [ 112.602148538191202, -7.299032672120139 ], [ 112.602148055795894, -7.299034755036566 ], [ 112.602147756656933, -7.299035167062046 ], [ 112.602127074744118, -7.299063681596385 ], [ 112.602094650952239, -7.299095154147669 ], [ 112.602072398784344, -7.299137115121915 ], [ 112.60206482329157, -7.299183281131299 ], [ 112.602062226262078, -7.299199104009076 ], [ 112.60206220470252, -7.299199197899873 ], [ 112.602054595972078, -7.299232481732532 ], [ 112.602041245210302, -7.299262999890751 ], [ 112.602025986426881, -7.299291610153163 ], [ 112.601996422870897, -7.299316883191204 ], [ 112.601953505858205, -7.299338023211223 ], [ 112.601942063118102, -7.299341201825847 ], [ 112.601924897211333, -7.299345970203603 ], [ 112.601892470724508, -7.29933865856952 ], [ 112.601870350608991, -7.29932670799966 ], [ 112.601837158757533, -7.29930877576453 ], [ 112.601795327808034, -7.299302714793186 ], [ 112.601793288632322, -7.299302419447316 ], [ 112.601788091878404, -7.299303054805562 ], [ 112.601764679087154, -7.299305916196603 ], [ 112.601728440150282, -7.299321173910553 ], [ 112.601705551975172, -7.299366473955049 ], [ 112.601687416786206, -7.299429947806985 ], [ 112.601677706896297, -7.299463932647276 ], [ 112.601675034408345, -7.299473286181489 ], [ 112.601667404118288, -7.299516677430666 ], [ 112.601668676132761, -7.299554189110075 ], [ 112.601677894644197, -7.299596786396463 ], [ 112.601700464815707, -7.299638112057806 ], [ 112.601707768118985, -7.299646952386155 ], [ 112.601724624106936, -7.299667357702336 ], [ 112.601750374314577, -7.299692154014072 ], [ 112.601830483376673, -7.299746036453297 ], [ 112.601832907929591, -7.299747910625211 ], [ 112.601861954056019, -7.299770355110652 ], [ 112.601917266921319, -7.299814224046554 ], [ 112.601959544333525, -7.299846131464531 ], [ 112.601967812427404, -7.299852371109283 ], [ 112.601977434282418, -7.299859132167822 ], [ 112.602003098251771, -7.299877167430996 ], [ 112.602054595972078, -7.299910545203719 ], [ 112.602081949672453, -7.299930907688166 ], [ 112.602083207313854, -7.29993184386294 ], [ 112.602083572029883, -7.299932843847093 ], [ 112.602099419209807, -7.299976348173444 ], [ 112.602103232558193, -7.300032137635339 ], [ 112.602102529177301, -7.300036507667336 ], [ 112.60210227944566, -7.300038062793454 ], [ 112.602096558075615, -7.300073622859349 ], [ 112.602086068448045, -7.300108908547564 ], [ 112.602085690257297, -7.300109467335634 ], [ 112.602066039610463, -7.300138473269106 ], [ 112.602034568931117, -7.300161360793266 ], [ 112.601995468860054, -7.300180435250212 ], [ 112.601951599633168, -7.300185203636679 ], [ 112.601909638427912, -7.300179480843673 ], [ 112.601877211941115, -7.300171533836875 ], [ 112.601861952259398, -7.300165556717949 ], [ 112.601839065880895, -7.300156593318611 ], [ 112.601797103777329, -7.300138473269106 ], [ 112.601716994715261, -7.300101279677438 ], [ 112.601699815333731, -7.300094597921299 ], [ 112.60168266380002, -7.300087928015583 ], [ 112.601671857965471, -7.300083478677127 ], [ 112.601650238211519, -7.300074577265668 ], [ 112.601639818652558, -7.300071362183458 ], [ 112.601609496020146, -7.300062007725502 ], [ 112.601605415872115, -7.300060748857221 ], [ 112.601604080077308, -7.300060653143124 ], [ 112.60157203717111, -7.300058365120409 ], [ 112.601537705357572, -7.300061225604582 ], [ 112.601507186892448, -7.300068855385601 ], [ 112.601479211557859, -7.300086339161464 ], [ 112.601471529165551, -7.300092530496634 ], [ 112.601425170707017, -7.300129889992063 ], [ 112.601381302378414, -7.300143241655146 ], [ 112.601346968768254, -7.30014610305141 ], [ 112.601312637853042, -7.300144196061609 ], [ 112.601280212264541, -7.300135611872889 ], [ 112.601244011955217, -7.300122274795036 ], [ 112.601243974225966, -7.300122261121589 ], [ 112.601213455760842, -7.300107001557908 ], [ 112.601196298837223, -7.300097470256024 ], [ 112.601179123048979, -7.300087928015583 ], [ 112.601170215354628, -7.300082413971681 ], [ 112.6011390689671, -7.300063132594047 ], [ 112.601106644276939, -7.300043105558849 ], [ 112.601053237636663, -7.300006866381072 ], [ 112.601031620577643, -7.299994149169604 ], [ 112.601020812946459, -7.299987791931342 ], [ 112.600990295379646, -7.299971579789145 ], [ 112.60094706215996, -7.299958547177974 ], [ 112.600914000564245, -7.299969672800058 ], [ 112.600872994268144, -7.300002097084894 ], [ 112.600831986175407, -7.300024986425384 ], [ 112.600791932093529, -7.300038337173855 ], [ 112.600763320751739, -7.300041198569467 ], [ 112.600726829388279, -7.300033712815826 ], [ 112.600726127804023, -7.300033568788906 ], [ 112.600715631888264, -7.300029752075552 ], [ 112.600694656226381, -7.300022125029874 ], [ 112.600656509267836, -7.300005911974893 ], [ 112.600625991701008, -7.299993514721959 ], [ 112.600597381257515, -7.299983023546925 ], [ 112.600561143218968, -7.299973487689789 ], [ 112.600522995362084, -7.299971579789145 ], [ 112.600484848403553, -7.299972534195252 ], [ 112.600450515691719, -7.299977301667999 ], [ 112.600416183878181, -7.299980163063228 ], [ 112.60027503968243, -7.299998283106487 ], [ 112.600237845836403, -7.300001145413419 ], [ 112.60019874576534, -7.299997329611889 ], [ 112.600145676891614, -7.29998328151916 ], [ 112.600133896384989, -7.299980163063228 ], [ 112.60009956367314, -7.299976348173444 ], [ 112.600091934281437, -7.299976348173444 ], [ 112.600069046106327, -7.299976348173444 ], [ 112.600042344582789, -7.299976348173444 ], [ 112.600030900046107, -7.299976348173444 ], [ 112.599988937942513, -7.299979208657106 ], [ 112.5999584203757, -7.299983977953055 ], [ 112.599771498931389, -7.300010681271119 ], [ 112.599740983161183, -7.300015448744262 ], [ 112.599710463797734, -7.300020218040579 ], [ 112.599679946230907, -7.300027846909357 ], [ 112.599641800170659, -7.300038338085418 ], [ 112.599534987788445, -7.300065994901381 ], [ 112.599512101409928, -7.30007171586985 ], [ 112.599504472018253, -7.300073622859349 ], [ 112.599458694769652, -7.300072670276164 ], [ 112.599426270079491, -7.300057410714123 ], [ 112.599409092494625, -7.300044050849474 ], [ 112.599391937367656, -7.300030708304903 ], [ 112.599369765149802, -7.300012051349916 ], [ 112.599365870054712, -7.300008774281872 ], [ 112.599363044853177, -7.300005357744764 ], [ 112.599337070066738, -7.29997395440988 ], [ 112.599323272842284, -7.299957274636537 ], [ 112.599300384667146, -7.299940109000943 ], [ 112.599273682245325, -7.299925803849312 ], [ 112.599267960875267, -7.299922943365981 ], [ 112.599252701193549, -7.299915313587384 ], [ 112.59924507180186, -7.299911498698138 ], [ 112.59920310969828, -7.299894808899873 ], [ 112.599157333348046, -7.299879074419698 ], [ 112.598924635553487, -7.299804688192931 ], [ 112.598892211761623, -7.299794197022207 ], [ 112.598847389422218, -7.299775600239935 ], [ 112.598831780295811, -7.299768079851257 ], [ 112.598794936792757, -7.299750328088217 ], [ 112.598758697855885, -7.299733638295818 ], [ 112.598722458918999, -7.299724579190878 ], [ 112.598714828628985, -7.299722671291257 ], [ 112.598675985476092, -7.299715735214787 ], [ 112.598674775445417, -7.299715519174558 ], [ 112.598673720823257, -7.299715508235814 ], [ 112.598627090175185, -7.299715042427557 ], [ 112.598587990104136, -7.299717902909592 ], [ 112.59854211853245, -7.299730693949953 ], [ 112.598538398608852, -7.299731731307721 ], [ 112.598529506185869, -7.299735424046145 ], [ 112.598482131732723, -7.299755095558659 ], [ 112.598447799919185, -7.299766540222608 ], [ 112.598429260488359, -7.299772538302273 ], [ 112.598415375229024, -7.2997770313927 ], [ 112.598384856763872, -7.299784660257439 ], [ 112.598379135393827, -7.299785613751597 ], [ 112.598339081311934, -7.299792290033867 ], [ 112.59832668186607, -7.299793243528032 ], [ 112.598289489816679, -7.299796104010563 ], [ 112.598253249981482, -7.299797058416305 ], [ 112.598222733312966, -7.299796104010563 ], [ 112.59818922076299, -7.299793243528032 ], [ 112.59818363234362, -7.299792766780948 ], [ 112.598138810004173, -7.299785612840028 ], [ 112.598108290640724, -7.299779891875129 ], [ 112.598070144580504, -7.299765109981435 ], [ 112.598029137386106, -7.299742698312486 ], [ 112.598022831212802, -7.299737921726557 ], [ 112.597997665808421, -7.299718857315172 ], [ 112.597937583787285, -7.299666880955387 ], [ 112.59790423832392, -7.299644492080281 ], [ 112.597904205984563, -7.299644470202789 ], [ 112.597867966149394, -7.299635886934975 ], [ 112.597820281777459, -7.299635886934975 ], [ 112.597696305285112, -7.29964256321507 ], [ 112.597616196223015, -7.299646377190523 ], [ 112.597608566831298, -7.299646377190523 ], [ 112.59759330714958, -7.299646377190523 ], [ 112.597585677757863, -7.299646377190523 ], [ 112.597547213694043, -7.299631435777777 ], [ 112.597518004074246, -7.299584935180143 ], [ 112.597507476717439, -7.299568176115041 ], [ 112.597474098914759, -7.299535750949271 ], [ 112.59744072021374, -7.29951477044347 ], [ 112.597406386603566, -7.299501418798651 ], [ 112.597377777058412, -7.299499511811527 ], [ 112.597345352368251, -7.299502373203782 ], [ 112.597306252297187, -7.299520492316632 ], [ 112.597275878460792, -7.299546999621968 ], [ 112.59725379876943, -7.299566269127638 ], [ 112.597246170276009, -7.299571990089875 ], [ 112.597230912390913, -7.299583434749262 ], [ 112.597191811421553, -7.29960632315733 ], [ 112.597150803328816, -7.299615859006836 ], [ 112.597110749246937, -7.299599646877764 ], [ 112.59706401888586, -7.299561499836027 ], [ 112.597034454431551, -7.299529075582291 ], [ 112.597009022227539, -7.299494316821289 ], [ 112.597005844886397, -7.29948997505287 ], [ 112.596982955812962, -7.299451828020239 ], [ 112.596976415179341, -7.299433295972701 ], [ 112.59697008115829, -7.299415347325306 ], [ 112.59696865104037, -7.299411296345763 ], [ 112.596960066739513, -7.299356937199159 ], [ 112.596960066739513, -7.299345014887238 ], [ 112.596960066739513, -7.299325942288101 ], [ 112.596960066739513, -7.299317359937802 ], [ 112.596962462546358, -7.299300394869601 ], [ 112.596963882782845, -7.299290338525137 ], [ 112.596965789906193, -7.299276829186746 ], [ 112.596967156243736, -7.299267343480148 ], [ 112.59697008115829, -7.299247030249413 ], [ 112.596971714295464, -7.299235691339505 ], [ 112.596974373308711, -7.299217223109966 ], [ 112.596961974761186, -7.299177170025749 ], [ 112.596927642947648, -7.299149034693762 ], [ 112.59688758796743, -7.299131393253526 ], [ 112.596855164175565, -7.299130438849167 ], [ 112.596825280819303, -7.299135208136293 ], [ 112.596824590014876, -7.299135453346202 ], [ 112.596790313896904, -7.299147605366072 ], [ 112.596766878647756, -7.299165932300848 ], [ 112.596765517700121, -7.29916699700417 ], [ 112.596756526462428, -7.299176488178063 ], [ 112.596736908154924, -7.299197197023206 ], [ 112.596726639512937, -7.299213113792263 ], [ 112.596720217456948, -7.299223068040178 ], [ 112.596717835124821, -7.299226760774515 ], [ 112.596714402662144, -7.299232861853549 ], [ 112.596700668319741, -7.299257278020795 ], [ 112.596677780144603, -7.29930496088032 ], [ 112.596663794273951, -7.299327846539827 ], [ 112.596656799092827, -7.29933929392782 ], [ 112.596646702029048, -7.299353935427344 ], [ 112.596642040671043, -7.299360695566995 ], [ 112.596637726961049, -7.299366950701698 ], [ 112.596608163405037, -7.299400806095584 ], [ 112.596601487125852, -7.299406051220648 ], [ 112.596574782907396, -7.299427032633045 ], [ 112.596544266238908, -7.29944610614793 ], [ 112.596382140991338, -7.29955482538024 ], [ 112.59635162432285, -7.299577712875314 ], [ 112.596328736147697, -7.299601554776873 ], [ 112.596307755095921, -7.299634933441128 ], [ 112.596298072155491, -7.299652538438226 ], [ 112.596286774044145, -7.299673079577403 ], [ 112.596279418638616, -7.299690243379897 ], [ 112.59627533040576, -7.299699782877395 ], [ 112.596263208539327, -7.299739410307629 ], [ 112.59626293185822, -7.299740313665762 ], [ 112.596262856399733, -7.299741170534237 ], [ 112.596258163600695, -7.299794197022207 ], [ 112.596260326743874, -7.299829616688618 ], [ 112.596261977847362, -7.299856661833627 ], [ 112.596259691634998, -7.299903100472519 ], [ 112.596259434716828, -7.299908320079568 ], [ 112.596258164498991, -7.299912639974437 ], [ 112.596246719962267, -7.2999515536695 ], [ 112.596233368302208, -7.299987792842903 ], [ 112.596220016642164, -7.30001449616119 ], [ 112.596216202395439, -7.300022125029874 ], [ 112.596197127568701, -7.300052642328982 ], [ 112.596166610900184, -7.300113677844849 ], [ 112.596151352116777, -7.300137518862655 ], [ 112.596139907580067, -7.300165175684588 ], [ 112.596127509930824, -7.300198077642296 ], [ 112.596126784990389, -7.300200500577051 ], [ 112.596109390911536, -7.300258637341485 ], [ 112.596099854396471, -7.300292015141925 ], [ 112.596078873344695, -7.300350189292036 ], [ 112.596073151076325, -7.300379753117555 ], [ 112.596067432401227, -7.300397864060931 ], [ 112.596061707437926, -7.300415993236303 ], [ 112.596057274252033, -7.300447297240972 ], [ 112.596055167702659, -7.300462173047667 ], [ 112.596054077147912, -7.300469874848872 ], [ 112.596052169126253, -7.300477727058219 ], [ 112.596044997875325, -7.300507243490628 ], [ 112.596042918275444, -7.300515800339376 ], [ 112.596041680396979, -7.300520895980716 ], [ 112.596040456891558, -7.300526743662211 ], [ 112.596033096994447, -7.30056190541254 ], [ 112.596019745334374, -7.300590513932729 ], [ 112.595998764282598, -7.300638198753773 ], [ 112.595987319745888, -7.300668717005379 ], [ 112.595976829220021, -7.300713538611599 ], [ 112.595975875209163, -7.300718853942083 ], [ 112.595963927615912, -7.300785427299413 ], [ 112.595963479356541, -7.300787924985536 ], [ 112.595956533582793, -7.300826866101676 ], [ 112.595950126798186, -7.300862789031282 ], [ 112.595939637170616, -7.300912856710263 ], [ 112.595937729148943, -7.300937417905572 ], [ 112.595936334963625, -7.300955371170262 ], [ 112.595935822025581, -7.300961970898109 ], [ 112.595933914003936, -7.300977389102445 ], [ 112.595930098858915, -7.301008223689545 ], [ 112.595924932647733, -7.30107153186353 ], [ 112.595924378387181, -7.301078319375411 ], [ 112.595922470365522, -7.301094894359493 ], [ 112.595916748097167, -7.301144599260914 ], [ 112.595909118705464, -7.301184654339809 ], [ 112.595904027054416, -7.301205655887877 ], [ 112.595901489313746, -7.30121612521328 ], [ 112.595888137653688, -7.30126094778448 ], [ 112.595888126873888, -7.301260984247087 ], [ 112.595876694015288, -7.301300049376217 ], [ 112.595853804941854, -7.301357269245015 ], [ 112.595846175550136, -7.301382064736413 ], [ 112.595842361303426, -7.301394462026824 ], [ 112.595830870054328, -7.30143276874476 ], [ 112.595819474026612, -7.301470756417914 ], [ 112.59581565977993, -7.301483153710725 ], [ 112.595808030388227, -7.301507950120485 ], [ 112.595790863583147, -7.301565170015185 ], [ 112.595787684445355, -7.301576296587752 ], [ 112.595779419046437, -7.301605225130755 ], [ 112.595769881633046, -7.301641464434631 ], [ 112.595743180109565, -7.301763534073611 ], [ 112.59573459670699, -7.301821231660915 ], [ 112.595727158656459, -7.301868433479536 ], [ 112.595722199057789, -7.301899909869261 ], [ 112.595716476789406, -7.301929473794534 ], [ 112.595706940274354, -7.301959037721699 ], [ 112.595697402860964, -7.301992415645711 ], [ 112.595687866345912, -7.302024840984906 ], [ 112.595678328932578, -7.302062033820777 ], [ 112.595663071047468, -7.302099227571226 ], [ 112.595655441655751, -7.302127838010305 ], [ 112.595643998017323, -7.30215549495209 ], [ 112.595628739233931, -7.30218696589209 ], [ 112.595609665305503, -7.30222256987959 ], [ 112.595603651982984, -7.302230722024486 ], [ 112.595601487043155, -7.302233656359132 ], [ 112.595581054861995, -7.302261351593112 ], [ 112.595553399327684, -7.302299498859081 ], [ 112.595545507627904, -7.30231302742929 ], [ 112.595542279082792, -7.302318562466009 ], [ 112.595533371388413, -7.302333831218843 ], [ 112.595518111706681, -7.30236816358118 ], [ 112.595502853821571, -7.302410125765999 ], [ 112.595487595038179, -7.302461623863231 ], [ 112.59547964584624, -7.302483881609918 ], [ 112.595473290265602, -7.302501678145425 ], [ 112.595453262326316, -7.302538871931484 ], [ 112.595444544176488, -7.302553312076525 ], [ 112.595422744759475, -7.302589415631616 ], [ 112.595413204651166, -7.302604679835617 ], [ 112.595403670831075, -7.302619934012876 ], [ 112.595390320069313, -7.302648543572832 ], [ 112.59538300868121, -7.302665073946754 ], [ 112.595375696394797, -7.302681605232843 ], [ 112.595369339017537, -7.302720069759432 ], [ 112.595365523872545, -7.302749633737494 ], [ 112.595369339017537, -7.302803993285635 ], [ 112.595367801101787, -7.3028194954161 ], [ 112.595365523872545, -7.302842457822473 ], [ 112.595362671721475, -7.302867375544226 ], [ 112.595361710524159, -7.302875776558749 ], [ 112.59536075741164, -7.302884101001679 ], [ 112.595359040731125, -7.30289954570603 ], [ 112.595357895379124, -7.302909856457127 ], [ 112.595355988255776, -7.302927016734314 ], [ 112.595351494882735, -7.302944379380358 ], [ 112.595348119912217, -7.302957418457238 ], [ 112.595345497729909, -7.302967547807483 ], [ 112.595345148285233, -7.302968467580207 ], [ 112.595331192059007, -7.3030052183817 ], [ 112.595319748420607, -7.303039549882659 ], [ 112.59528541570873, -7.303115844547062 ], [ 112.595273018957826, -7.303152560720726 ], [ 112.595272476375385, -7.303154253504316 ], [ 112.595264623303194, -7.303178747363388 ], [ 112.595252991018569, -7.303215026900481 ], [ 112.595239639358525, -7.303249359328704 ], [ 112.595231263466786, -7.303265349163719 ], [ 112.595218659205031, -7.303289412768035 ], [ 112.59521293693669, -7.303300857520057 ], [ 112.595205308443269, -7.303316116278292 ], [ 112.595201493298262, -7.303323746113387 ], [ 112.595182419369834, -7.303352355717195 ], [ 112.595155716049717, -7.30339622499525 ], [ 112.595132827874593, -7.303435324945657 ], [ 112.595106124554448, -7.303474425810972 ], [ 112.595088958647679, -7.303498267914819 ], [ 112.595066071370866, -7.303524017023733 ], [ 112.595066049811308, -7.303524037989836 ], [ 112.595057283152457, -7.303532614037758 ], [ 112.595023890976719, -7.303565279228577 ], [ 112.595022202143966, -7.303566931904611 ], [ 112.595019758726409, -7.303570101432812 ], [ 112.594991683678828, -7.303606508620603 ], [ 112.594985572439967, -7.303618647085224 ], [ 112.594973984172768, -7.303641663314192 ], [ 112.594957351865318, -7.303674697698615 ], [ 112.594944634415839, -7.303693136937156 ], [ 112.594938277936876, -7.303702353821993 ], [ 112.594911576413381, -7.303745269631116 ], [ 112.594892501586628, -7.303775787177633 ], [ 112.5948696143098, -7.303813934569416 ], [ 112.59482669909373, -7.303893088958966 ], [ 112.594820657923449, -7.303907396968882 ], [ 112.594818936751381, -7.303911472600486 ], [ 112.59480857917616, -7.303936004785922 ], [ 112.59481793602815, -7.303979513137772 ], [ 112.594818115691197, -7.303980349959601 ], [ 112.594819799134058, -7.303983239638467 ], [ 112.594846725236394, -7.304029465387099 ], [ 112.594859122885609, -7.304069042142964 ], [ 112.594861984918126, -7.304088455866556 ], [ 112.594862044206934, -7.304088860604008 ], [ 112.594865799164793, -7.304114340832639 ], [ 112.594865799164793, -7.304122924184154 ], [ 112.594865799164793, -7.304149627742888 ], [ 112.594865799164793, -7.304161548356408 ], [ 112.594860234101603, -7.304214881642664 ], [ 112.594860076896452, -7.304216383911814 ], [ 112.594859299853738, -7.304218149625009 ], [ 112.594839095844677, -7.304264068197797 ], [ 112.59483906530194, -7.304264130184645 ], [ 112.594827050335027, -7.304288461843243 ], [ 112.594820929214677, -7.304300856477413 ], [ 112.594820022814574, -7.304302692381926 ], [ 112.594817271274835, -7.304306343224824 ], [ 112.594795226617762, -7.3043355937245 ], [ 112.594759261667065, -7.304382799447876 ], [ 112.594757080557542, -7.304385661782129 ], [ 112.594753047121912, -7.304392610691138 ], [ 112.594733556375189, -7.304426192984063 ], [ 112.594719886711516, -7.304472446124437 ], [ 112.594717979588182, -7.304520607189018 ], [ 112.594726562990715, -7.304558753731121 ], [ 112.594743728897484, -7.304605483636931 ], [ 112.594753266310846, -7.304635047736407 ], [ 112.594762801927601, -7.304664610926206 ], [ 112.594767041975729, -7.304691108501172 ], [ 112.594768524195928, -7.304700373719366 ], [ 112.594770431319304, -7.304714201355958 ], [ 112.594771818318094, -7.304724257819193 ], [ 112.594774245565986, -7.304741859365102 ], [ 112.594774245565986, -7.304748534807858 ], [ 112.594774245565986, -7.304765700623202 ], [ 112.594774245565986, -7.304779052421064 ], [ 112.594778060711022, -7.304815292887014 ], [ 112.594781738413772, -7.30484349237622 ], [ 112.59478187495769, -7.304844537949683 ], [ 112.594782756204992, -7.304846984609827 ], [ 112.594793320392753, -7.304876327212766 ], [ 112.594804764031153, -7.304906844834467 ], [ 112.594816207669538, -7.304937997824242 ], [ 112.59482198653177, -7.304961512749548 ], [ 112.59482529412864, -7.304974970295526 ], [ 112.594827653104588, -7.304984569155027 ], [ 112.594831467351298, -7.305002600973207 ], [ 112.594838142732158, -7.305034161442484 ], [ 112.594838201122641, -7.305034871557627 ], [ 112.594841956978868, -7.305080413732545 ], [ 112.594835281597966, -7.305118560321164 ], [ 112.594827897446336, -7.305142251189287 ], [ 112.594823837959581, -7.305155276654999 ], [ 112.594799041762798, -7.305197715847232 ], [ 112.594779973224249, -7.305222505165014 ], [ 112.594760894804253, -7.305247307246145 ], [ 112.594752631201956, -7.30525874931226 ], [ 112.594736100404091, -7.305281638914774 ], [ 112.59472274964233, -7.305303333445908 ], [ 112.594713211330657, -7.305318832014468 ], [ 112.59470367391728, -7.305362700568862 ], [ 112.594705454378158, -7.30538139420418 ], [ 112.594705581040614, -7.305382725101353 ], [ 112.594707489062287, -7.305402755104145 ], [ 112.594717025577339, -7.305431365749087 ], [ 112.594724654969056, -7.305459974572666 ], [ 112.594755173434208, -7.305542946005188 ], [ 112.594768524195928, -7.305588721593406 ], [ 112.594768533179106, -7.305588776287833 ], [ 112.594774245565986, -7.305622100692863 ], [ 112.594775470868058, -7.305633334929468 ], [ 112.594778060711022, -7.305657068668137 ], [ 112.594773895223057, -7.305696509739794 ], [ 112.594773293351793, -7.305702208900633 ], [ 112.594772240526297, -7.305705609983379 ], [ 112.594760894804253, -7.305742264377123 ], [ 112.594751359187498, -7.305768966206909 ], [ 112.594736098607441, -7.305797576874678 ], [ 112.594718932700715, -7.30582237169429 ], [ 112.594718830292734, -7.305822509342009 ], [ 112.59470148651954, -7.305845750840322 ], [ 112.594695092311369, -7.305854319639031 ], [ 112.594683466314962, -7.305867504650451 ], [ 112.594655991342009, -7.305898665909596 ], [ 112.594636917413567, -7.305935541831366 ], [ 112.594629287123553, -7.305977820658616 ], [ 112.594614029238457, -7.306078909733242 ], [ 112.594610214093422, -7.306105614317333 ], [ 112.594608306970088, -7.306118965242598 ], [ 112.594598769556697, -7.306154251395381 ], [ 112.594530105929664, -7.306476592609533 ], [ 112.594520570312895, -7.306516647242031 ], [ 112.594511032899547, -7.306569099308162 ], [ 112.594468386279743, -7.30681812364138 ], [ 112.594457627157581, -7.306880951304192 ], [ 112.594446182620842, -7.306941985904614 ], [ 112.594432830960798, -7.307030676837081 ], [ 112.594425201569081, -7.307063101620561 ], [ 112.594413121025141, -7.307091395140272 ], [ 112.594381332342195, -7.307112693221018 ], [ 112.594373703848802, -7.307115553749149 ], [ 112.594358444167085, -7.307121276628608 ], [ 112.594350814775368, -7.307124138068369 ], [ 112.594317438769295, -7.30713192475798 ], [ 112.594307899559297, -7.307134150828714 ], [ 112.594306896141092, -7.307134163590795 ], [ 112.594270706611567, -7.307134627583419 ], [ 112.594237896544143, -7.307125852744448 ], [ 112.59422969941717, -7.307123660402091 ], [ 112.594224036437637, -7.307121389664142 ], [ 112.594133376662526, -7.307085036892168 ], [ 112.594022750931899, -7.307043075191598 ], [ 112.593985557984212, -7.307029246573273 ], [ 112.593981308054623, -7.307028011386884 ], [ 112.593978004050996, -7.307027050585078 ], [ 112.593944548993179, -7.307017325885286 ], [ 112.593905448922129, -7.307016373287694 ], [ 112.593857080033942, -7.307017530990032 ], [ 112.59385236118375, -7.307017644025539 ], [ 112.593847821996647, -7.307018279394464 ], [ 112.593820571602507, -7.307022095254333 ], [ 112.593790054933976, -7.307041644927761 ], [ 112.593770248878599, -7.307070361417767 ], [ 112.593761443592186, -7.307083128961964 ], [ 112.593713760118575, -7.307168961216374 ], [ 112.59366416862332, -7.307254790752112 ], [ 112.593618393171383, -7.307332993136776 ], [ 112.593580246212838, -7.307401656788622 ], [ 112.593565371908369, -7.307427685970782 ], [ 112.593564987429417, -7.307428358714955 ], [ 112.593553542892693, -7.307472228382559 ], [ 112.593572616821135, -7.30750751463938 ], [ 112.593591689851237, -7.307531356952715 ], [ 112.593626022563114, -7.307571410765697 ], [ 112.593700409356813, -7.307653427246278 ], [ 112.59375190707712, -7.307706832952957 ], [ 112.59378051841891, -7.307734489319281 ], [ 112.593798637438198, -7.30777645108307 ], [ 112.593799591449027, -7.307822226894061 ], [ 112.593793869180672, -7.307864327225778 ], [ 112.593792916068153, -7.307871340909508 ], [ 112.593773842139726, -7.307920137700917 ], [ 112.593725203756989, -7.307930468619515 ], [ 112.593633651056493, -7.307920455841797 ], [ 112.593578339089518, -7.307913780352906 ], [ 112.593557346359646, -7.30791206202757 ], [ 112.593525887358396, -7.307909487730101 ], [ 112.59348487926566, -7.307909011886169 ], [ 112.593439102017101, -7.307910918908229 ], [ 112.593433302493608, -7.307911317267995 ], [ 112.593244552977708, -7.307924270797591 ], [ 112.593090731756647, -7.307933389316923 ], [ 112.591024399092348, -7.308055877220487 ], [ 112.590978622742085, -7.308029175257639 ], [ 112.590950012298606, -7.308015823365218 ], [ 112.590922672971274, -7.307994207101626 ], [ 112.590903282835853, -7.307953834199268 ], [ 112.590902329723335, -7.307944872471027 ], [ 112.590898513679988, -7.307909011886169 ], [ 112.590898513679988, -7.307847977157117 ], [ 112.590894699433321, -7.307804108365176 ], [ 112.59089088518661, -7.307706832952957 ], [ 112.590871811258182, -7.307275771611591 ], [ 112.590867996113175, -7.307209014086149 ], [ 112.590864180968168, -7.307159424298426 ], [ 112.590826034907948, -7.306695937799858 ], [ 112.590822219762899, -7.306659699008579 ], [ 112.590820312639565, -7.306624411905361 ], [ 112.590818404617906, -7.30657958972211 ], [ 112.590803145834514, -7.305723189689137 ], [ 112.590803145834514, -7.305686950974662 ], [ 112.590803145834514, -7.30567359915039 ], [ 112.59080123781284, -7.305646889121983 ], [ 112.590799331587789, -7.30562019276874 ], [ 112.590768814020976, -7.305322646948638 ], [ 112.590766906897628, -7.305273054630015 ], [ 112.590700148597264, -7.304101944380359 ], [ 112.590636118480461, -7.302956907067262 ], [ 112.590635300115224, -7.302942276391692 ], [ 112.590631484970217, -7.302885055413837 ], [ 112.590631484970217, -7.302844046686126 ], [ 112.590631484970217, -7.302585601631716 ], [ 112.590631484970217, -7.30253028860958 ], [ 112.590628623836039, -7.30244636513339 ], [ 112.590636571231357, -7.302407581581114 ], [ 112.590677262218776, -7.302417754674465 ], [ 112.590761183730962, -7.302469253684128 ], [ 112.590791702196086, -7.302488327325348 ], [ 112.590822220661252, -7.302507400055802 ], [ 112.59085273732974, -7.30252456669892 ], [ 112.59089088518661, -7.302543640342437 ], [ 112.591066360297575, -7.302631377836645 ], [ 112.591187478350719, -7.302693843033931 ], [ 112.591220855255074, -7.302713394346167 ], [ 112.591243744328523, -7.302735329409933 ], [ 112.591262818256965, -7.302768707390369 ], [ 112.591325759615657, -7.302875517673313 ], [ 112.591342926420722, -7.302907943074866 ], [ 112.59136009322583, -7.302938460565735 ], [ 112.591384887625978, -7.30299568063868 ], [ 112.591400147307695, -7.303026199046949 ], [ 112.591427803740345, -7.303053855131265 ], [ 112.591462642203709, -7.303073052770136 ], [ 112.591474534101422, -7.303079605126833 ], [ 112.591547011975194, -7.303113936633353 ], [ 112.591577530440318, -7.303127289294754 ], [ 112.591627121037291, -7.303150176967865 ], [ 112.591680525880903, -7.303176879558457 ], [ 112.59172248888278, -7.303194681590234 ], [ 112.591762542964659, -7.303199768145607 ], [ 112.591808320213218, -7.303186416393665 ], [ 112.591875076716946, -7.303157805888628 ], [ 112.591919383423402, -7.303137235423387 ], [ 112.591928481560601, -7.303133011212925 ], [ 112.591959000025724, -7.303118387824303 ], [ 112.591976757023957, -7.303104145471932 ], [ 112.591989516694255, -7.303093910376687 ], [ 112.592002869252653, -7.303066254289948 ], [ 112.592010497746031, -7.303034782378121 ], [ 112.592044829559569, -7.302905081661394 ], [ 112.59205055182791, -7.302872658083179 ], [ 112.592054366972917, -7.302831650268141 ], [ 112.592058181219627, -7.302782059130165 ], [ 112.592061996364635, -7.302745818824706 ], [ 112.592061996364635, -7.302714347846405 ], [ 112.592060089241301, -7.30268001454662 ], [ 112.5920467375812, -7.302643776072356 ], [ 112.592028542205128, -7.302591007229093 ], [ 112.592027664551097, -7.302588463043205 ], [ 112.592009861738816, -7.302543640342437 ], [ 112.591993331839262, -7.302518843876765 ], [ 112.591987240363309, -7.302514717209731 ], [ 112.59196376828325, -7.302498816734478 ], [ 112.591830254377527, -7.302414894175614 ], [ 112.591783524016435, -7.302387872580723 ], [ 112.591749191304601, -7.302374839900989 ], [ 112.591676711634221, -7.302347182945994 ], [ 112.591646194965705, -7.302333832130419 ], [ 112.591512680161657, -7.302282333135941 ], [ 112.591482162594843, -7.30226802791137 ], [ 112.591449737006329, -7.302252769187955 ], [ 112.591421128359471, -7.302236556965808 ], [ 112.591382981400926, -7.302214621925867 ], [ 112.591346104660218, -7.302190145438001 ], [ 112.591318131122279, -7.302167892263386 ], [ 112.591291426903823, -7.30214309672956 ], [ 112.591289833292507, -7.302141547065714 ], [ 112.591222763276747, -7.302076339950506 ], [ 112.591199875101637, -7.302051544421623 ], [ 112.591176986926484, -7.302023409825136 ], [ 112.591150283606368, -7.301985740243024 ], [ 112.591131210576265, -7.301954269316816 ], [ 112.591117859814503, -7.301922798392763 ], [ 112.591110230422785, -7.301880358591659 ], [ 112.591100693009437, -7.301815033009901 ], [ 112.591098785886061, -7.301783561183824 ], [ 112.591101965023853, -7.301745096735687 ], [ 112.591112136647823, -7.301715850047292 ], [ 112.591119766937837, -7.301687239633885 ], [ 112.591144562236323, -7.301634788125484 ], [ 112.591157912998085, -7.301597595324214 ], [ 112.591173171781477, -7.301552771808595 ], [ 112.591196060854926, -7.301486015115344 ], [ 112.591208459402495, -7.301436424122673 ], [ 112.59121894813174, -7.301399231337466 ], [ 112.591224670400081, -7.301352500846379 ], [ 112.591232299791798, -7.301309585260883 ], [ 112.59122911975571, -7.301273345983185 ], [ 112.591215133885029, -7.301233290896567 ], [ 112.591198921989104, -7.30119419113364 ], [ 112.591176986926484, -7.301156996544914 ], [ 112.591154097853078, -7.30112075819083 ], [ 112.591112136647823, -7.301044463857878 ], [ 112.591094334733839, -7.30101585439786 ], [ 112.591087342247675, -7.300981522136618 ], [ 112.591096877864402, -7.300949096871079 ], [ 112.591108322401126, -7.300922394410026 ], [ 112.591142654214664, -7.300857543889585 ], [ 112.591161728143092, -7.300830839610727 ], [ 112.591174125792321, -7.30078649382962 ], [ 112.591176986926484, -7.300741196379779 ], [ 112.591173171781477, -7.300706863227501 ], [ 112.59116935663647, -7.300670623997366 ], [ 112.591166814404232, -7.300637563393677 ], [ 112.591145516247138, -7.300595759982942 ], [ 112.591110230422785, -7.300567627298749 ], [ 112.591047287267472, -7.300519944308157 ], [ 112.591012954555623, -7.300493240048925 ], [ 112.590980529865419, -7.300469398101087 ], [ 112.590950012298606, -7.300443649163443 ], [ 112.590909958216727, -7.300409316944966 ], [ 112.590883255794893, -7.30038261360373 ], [ 112.590850830206406, -7.300344467408537 ], [ 112.590835571423014, -7.300301551917225 ], [ 112.590829850052955, -7.300270080194846 ], [ 112.590824127784572, -7.300236702396008 ], [ 112.59082508179543, -7.30019235576069 ], [ 112.590833664299637, -7.300144195150039 ], [ 112.590837477648009, -7.300109863865517 ], [ 112.590845107938051, -7.30007044515122 ], [ 112.590856551576437, -7.300037383679174 ], [ 112.590873718381545, -7.300005912886462 ], [ 112.590902328824995, -7.299962997426773 ], [ 112.590921401855141, -7.299937247605953 ], [ 112.590939521772739, -7.299900054030577 ], [ 112.590951920320265, -7.299861907875457 ], [ 112.590961456835316, -7.299827574788901 ], [ 112.590972901372041, -7.299796104010563 ], [ 112.590973855382884, -7.299757956952513 ], [ 112.590960502824515, -7.299708842893405 ], [ 112.59092903124683, -7.299639700910374 ], [ 112.590916633597587, -7.299599647789331 ], [ 112.590911229332846, -7.299549738865237 ], [ 112.590919494731764, -7.299515723937066 ], [ 112.590938567761881, -7.299443244756027 ], [ 112.590950013196931, -7.299401282842269 ], [ 112.590953827443613, -7.299358367439061 ], [ 112.590965271980323, -7.299254894288151 ], [ 112.5909671791037, -7.299197673769671 ], [ 112.590961456835316, -7.299155235131912 ], [ 112.590950013196931, -7.2990841862468 ], [ 112.59094524404108, -7.299036980156486 ], [ 112.590957641690309, -7.298994063875759 ], [ 112.590970994248707, -7.298964500139416 ], [ 112.591037750752406, -7.29883384616832 ], [ 112.591060638927516, -7.298786163357681 ], [ 112.591066360297575, -7.298752784755091 ], [ 112.591064453174241, -7.298715591275607 ], [ 112.591054916659175, -7.298633574568367 ], [ 112.591051478806577, -7.29861069623592 ], [ 112.591042519908271, -7.29855108204152 ], [ 112.59102757823014, -7.298502286245791 ], [ 112.590979576752943, -7.298473357898195 ], [ 112.590953900207168, -7.2984655330699 ], [ 112.590879439751561, -7.298442840703991 ], [ 112.590745925845852, -7.298398971899039 ], [ 112.590711594032314, -7.298389434251668 ], [ 112.590700965165865, -7.298386112528791 ], [ 112.590650558898659, -7.298370360780651 ], [ 112.590607642784263, -7.298351287310416 ], [ 112.590577126115733, -7.298311233390141 ], [ 112.590566634691541, -7.298276901331024 ], [ 112.590555191053141, -7.298244476256388 ], [ 112.59054184029138, -7.29819917632251 ], [ 112.590534210001366, -7.298151970323127 ], [ 112.590524674384611, -7.298088072772854 ], [ 112.590518952116255, -7.298054695132534 ], [ 112.590513229847915, -7.298017501709563 ], [ 112.590507507579545, -7.297987938036057 ], [ 112.590494155919473, -7.297956467383731 ], [ 112.590475081991045, -7.297934531636612 ], [ 112.590442658199166, -7.297905922370255 ], [ 112.59040896059625, -7.297877630328046 ], [ 112.590381623065525, -7.297860144813122 ], [ 112.590345383230314, -7.297842025765758 ], [ 112.590269089313267, -7.297805785850039 ], [ 112.590230942354722, -7.297786077047089 ], [ 112.590189934261986, -7.297756195254641 ], [ 112.590154648437633, -7.297720432090634 ], [ 112.590122858856361, -7.297683080083602 ], [ 112.59011395834851, -7.297644933200994 ], [ 112.590118408602422, -7.297602653317739 ], [ 112.590131760262494, -7.297548294385118 ], [ 112.590137481632539, -7.297512053581008 ], [ 112.590139388755915, -7.297464846740656 ], [ 112.590139388755915, -7.297426224043092 ], [ 112.590133668284153, -7.297331810384871 ], [ 112.590131760262494, -7.297299385376928 ], [ 112.590126037994153, -7.297266960371268 ], [ 112.590110779210718, -7.297224997744698 ], [ 112.590093612405639, -7.297178268589767 ], [ 112.590078353622218, -7.297145842681092 ], [ 112.590057374367106, -7.297101019599819 ], [ 112.590036392416991, -7.297067642031204 ], [ 112.590011596220208, -7.29702663382282 ], [ 112.589980126439158, -7.296980381432224 ], [ 112.589944838818184, -7.296957016410825 ], [ 112.589910507004646, -7.296945571816856 ], [ 112.589850425881806, -7.296925068173432 ], [ 112.589804650429869, -7.296906948251371 ], [ 112.589759827192182, -7.296875000017467 ], [ 112.589723587356971, -7.29684305087422 ], [ 112.589700699181861, -7.296814918419808 ], [ 112.58969306979013, -7.296784401335747 ], [ 112.589694977811803, -7.296744346640484 ], [ 112.589700699181861, -7.296665190748112 ], [ 112.58970832767524, -7.296602248715233 ], [ 112.589715957066957, -7.296495438067733 ], [ 112.589725495378644, -7.296375274979533 ], [ 112.589727442926176, -7.296361995438828 ], [ 112.589727498621698, -7.296361618054847 ], [ 112.589727666606663, -7.29636047222959 ], [ 112.589731216748675, -7.296336262227797 ], [ 112.589732487864808, -7.296327590600901 ], [ 112.58974139016928, -7.296289442919254 ], [ 112.589743615296229, -7.296279907138781 ], [ 112.589744341134988, -7.296278067620115 ], [ 112.589757920068806, -7.296243667346248 ], [ 112.589849471870991, -7.296008109676031 ], [ 112.589854330858358, -7.295992841133429 ], [ 112.589862824429389, -7.29596614807596 ], [ 112.589872360046101, -7.295927046938151 ], [ 112.589889773887904, -7.295844045338211 ], [ 112.589900971387934, -7.295790672003864 ], [ 112.589906692757964, -7.295751571792541 ], [ 112.589910507004646, -7.295706272104404 ], [ 112.589910507004646, -7.295658111963942 ], [ 112.589906692757964, -7.295604705835246 ], [ 112.589903831623786, -7.295559406161575 ], [ 112.589891433974543, -7.295515059977671 ], [ 112.589872360046101, -7.295480728127443 ], [ 112.589823724358325, -7.295384406075721 ], [ 112.589807510665764, -7.295345305898961 ], [ 112.589804202170569, -7.295316352226598 ], [ 112.589803696419068, -7.295311927546288 ], [ 112.589809417789112, -7.295275687830083 ], [ 112.589822769449171, -7.295204162802442 ], [ 112.589832306862547, -7.295155525060764 ], [ 112.589848518758473, -7.295077800580143 ], [ 112.589859009284382, -7.295042037624551 ], [ 112.589872482217004, -7.295030528358012 ], [ 112.589881896561153, -7.295022486638764 ], [ 112.589924812675562, -7.295028209367546 ], [ 112.589998246356785, -7.295047760353576 ], [ 112.590085983013935, -7.295072556416041 ], [ 112.590128105017598, -7.29508389613478 ], [ 112.590135575407515, -7.295085907020621 ], [ 112.590177536612742, -7.295095920430092 ], [ 112.59022426697382, -7.295081137775516 ], [ 112.590238570848115, -7.295040130655925 ], [ 112.590280532951667, -7.294846534184961 ], [ 112.590285246411966, -7.294832004038444 ], [ 112.590291978386674, -7.294811248900834 ], [ 112.590318679910197, -7.294786929594353 ], [ 112.590364457158756, -7.294785500280232 ], [ 112.590463638352659, -7.29479408163435 ], [ 112.59049797106448, -7.294797897392671 ], [ 112.590532302878017, -7.294800757844101 ], [ 112.590572357858207, -7.29480171223947 ], [ 112.590606687875123, -7.294798278421573 ], [ 112.590620041331803, -7.294796942997313 ], [ 112.590753555237541, -7.294775009224094 ], [ 112.590791703094411, -7.294764518168195 ], [ 112.590820312639565, -7.294752121056656 ], [ 112.590843199916392, -7.294733047736593 ], [ 112.590864180968168, -7.294713974417309 ], [ 112.590896606556655, -7.294674873386024 ], [ 112.590924110275694, -7.294651119249072 ], [ 112.590931574377407, -7.294644673664171 ], [ 112.590959549711982, -7.294630049634168 ], [ 112.590997695772188, -7.294629097062258 ], [ 112.590997766739108, -7.29462910253157 ], [ 112.591108322401126, -7.294637680236566 ], [ 112.591134816413813, -7.294639151481622 ], [ 112.591142654214664, -7.294639587203515 ], [ 112.591194372920512, -7.294643402049006 ], [ 112.591200829112452, -7.294643877879198 ], [ 112.591249465698567, -7.29465770703619 ], [ 112.59125137372024, -7.294694900187269 ], [ 112.59124183630685, -7.294723511076848 ], [ 112.591222763276747, -7.294775009224094 ], [ 112.591207505391651, -7.294816970715435 ] ] ] } },
{ "type": "Feature", "properties": { "fid": 113, "class_id": 1, "class_name": "Sawah", "source": "Kementan", "source_class": "Malang", "kode": "VALID", "alasan": "", "n_valid": 13274, "n_nodata": 0, "status_v5": "ok" }, "geometry": { "type": "Polygon", "coordinates": [ [ [ 112.678397668864676, -7.896596060264165 ], [ 112.678635616413786, -7.896560368099903 ], [ 112.678825972117423, -7.896572264574857 ], [ 112.679111507020366, -7.896691239383549 ], [ 112.679171579160027, -7.896683729805756 ], [ 112.67949222202094, -7.896643649821192 ], [ 112.679807320479895, -7.896653497070225 ], [ 112.679872935224836, -7.89665554721128 ], [ 112.680194162888995, -7.896679341992461 ], [ 112.68042021225213, -7.896715034166734 ], [ 112.680634363429363, -7.896715034166734 ], [ 112.680848514606595, -7.896786416698697 ], [ 112.681050767597853, -7.896845903672501 ], [ 112.681118068480629, -7.896876965241442 ], [ 112.681205433235235, -7.896917288052086 ], [ 112.681360097974334, -7.896964876732344 ], [ 112.681586147337512, -7.897012466330745 ], [ 112.681728914788991, -7.897083849825554 ], [ 112.681919272289264, -7.897190925546686 ], [ 112.682157218041738, -7.897309897790494 ], [ 112.682383267404873, -7.897512152872263 ], [ 112.682571495897932, -7.897643912602654 ], [ 112.682621213157319, -7.897678714879304 ], [ 112.682732095806102, -7.897752636979996 ], [ 112.682726327723643, -7.897796857525626 ], [ 112.682704494170693, -7.897964251204685 ], [ 112.682585521294442, -7.898154607340396 ], [ 112.682258375529216, -7.898684066228268 ], [ 112.681966563199083, -7.899156340557711 ], [ 112.681681325638493, -7.89961797578203 ], [ 112.681740812076626, -7.899772640225406 ], [ 112.681978757829057, -7.900010587107599 ], [ 112.682157218041738, -7.900141456717432 ], [ 112.682407061081804, -7.900248533210501 ], [ 112.682639626824027, -7.900281756549348 ], [ 112.682656905020195, -7.900284224772331 ], [ 112.682845782995216, -7.900395329508143 ], [ 112.682859158909793, -7.900403197883873 ], [ 112.683049516410051, -7.900534067614876 ], [ 112.683275563976579, -7.900676835801964 ], [ 112.683489793307203, -7.90081965515424 ], [ 112.683525407914971, -7.900843398139127 ], [ 112.68368007265407, -7.900962371407563 ], [ 112.683681321312335, -7.900965493203485 ], [ 112.683727661804568, -7.901081343796569 ], [ 112.683810942817914, -7.901224112167946 ], [ 112.683846634680791, -7.90131928958755 ], [ 112.683846634680791, -7.901533442282823 ], [ 112.683834738291495, -7.901640518214617 ], [ 112.683834738291495, -7.901747594173462 ], [ 112.683918019304841, -7.901949847720513 ], [ 112.683888276085781, -7.902217536950823 ], [ 112.683846634680791, -7.902461432156029 ], [ 112.683882327441964, -7.90265178757218 ], [ 112.683763353667445, -7.902842145812246 ], [ 112.683608688928345, -7.903163372854811 ], [ 112.684060785858009, -7.903282345861515 ], [ 112.684060785858009, -7.903413215568486 ], [ 112.684417706283327, -7.90355598381237 ], [ 112.684262199822797, -7.903889211223922 ], [ 112.684251143358281, -7.903912903263248 ], [ 112.684228875020708, -7.903974142923649 ], [ 112.684228105164522, -7.903976260648204 ], [ 112.684155965057315, -7.904174644019802 ], [ 112.683953711167717, -7.904317410694546 ], [ 112.683656278977153, -7.90449587115943 ], [ 112.68345402418926, -7.904519664554963 ], [ 112.683390991202387, -7.904484996813175 ], [ 112.683216078436786, -7.904388795419167 ], [ 112.682966233600084, -7.904543459777463 ], [ 112.682621212259022, -7.904305514002287 ], [ 112.682085834315984, -7.904971763057148 ], [ 112.681598044625105, -7.9047100218083 ], [ 112.68149096813822, -7.905031250266539 ], [ 112.681490969036517, -7.905174017229853 ], [ 112.682121934013978, -7.905409292594816 ], [ 112.682192909904572, -7.90543575785247 ], [ 112.682216705378153, -7.905614217875494 ], [ 112.682204807192193, -7.905780780327183 ], [ 112.681966861439761, -7.905756985035214 ], [ 112.681928362341623, -7.905705652822315 ], [ 112.681859785851131, -7.90561421696268 ], [ 112.681726223436385, -7.905620288100867 ], [ 112.681598044625105, -7.905626114604488 ], [ 112.681479070850585, -7.905792677060862 ], [ 112.681467173562964, -7.905971136321392 ], [ 112.681467173562964, -7.906173390971097 ], [ 112.681467173562964, -7.906339952729784 ], [ 112.681431481700088, -7.906387541554914 ], [ 112.681253023284086, -7.906423233633677 ], [ 112.68100317934568, -7.906423233633677 ], [ 112.680884205571132, -7.906458926628264 ], [ 112.680812821845379, -7.906780153673874 ], [ 112.680722127035992, -7.906828989458461 ], [ 112.680722012051618, -7.906829051530112 ], [ 112.680719555159342, -7.906830374204055 ], [ 112.680658157106279, -7.906863434664292 ], [ 112.680649506330099, -7.906647170666121 ], [ 112.680649243123725, -7.906640578294114 ], [ 112.680649228750667, -7.906640223207892 ], [ 112.680646259818658, -7.906566001978802 ], [ 112.680551082415988, -7.90635185039197 ], [ 112.680325033052839, -7.906209083031823 ], [ 112.680098983689689, -7.90616149331392 ], [ 112.679908627986052, -7.906232878349189 ], [ 112.679753962348627, -7.906328055067921 ], [ 112.679587400321907, -7.906482721046847 ], [ 112.679468427445698, -7.906720667131768 ], [ 112.679742065061006, -7.906911023548226 ], [ 112.679789654211504, -7.90705379205772 ], [ 112.680027599963978, -7.907113277733778 ], [ 112.679825346074381, -7.907482094223589 ], [ 112.679361350958757, -7.90723225093661 ], [ 112.679337556383516, -7.907493991005038 ], [ 112.679361350958757, -7.907672450982169 ], [ 112.679575503034286, -7.907743835359208 ], [ 112.679694475012198, -7.907743835359208 ], [ 112.679611193998866, -7.90789850002934 ], [ 112.679504118410222, -7.908017473452679 ], [ 112.67938514643231, -7.908124549197129 ], [ 112.679230480794914, -7.908231624055823 ], [ 112.679171579160027, -7.90825427937269 ], [ 112.679075816055828, -7.908291110810091 ], [ 112.678921151316729, -7.908219728166476 ], [ 112.67887356126792, -7.908053164755943 ], [ 112.678802178440492, -7.907874706444061 ], [ 112.678706999241214, -7.907743835359208 ], [ 112.67854043721448, -7.907731937657921 ], [ 112.67846905259043, -7.907922295441584 ], [ 112.678457156201105, -7.908088856975032 ], [ 112.678326286037262, -7.908148342796432 ], [ 112.678208049779556, -7.908169208979018 ], [ 112.678124031249368, -7.908184035936359 ], [ 112.677969367408565, -7.908291111722911 ], [ 112.677897982784515, -7.908362495291375 ], [ 112.677862290921638, -7.90848146793221 ], [ 112.677660037032069, -7.908457674314196 ], [ 112.67757675512037, -7.908326803049229 ], [ 112.677445884956526, -7.908148343709251 ], [ 112.67725552835455, -7.908219727253656 ], [ 112.677207939204081, -7.908326803049229 ], [ 112.676946198876365, -7.908291111722911 ], [ 112.676803431424887, -7.908303007614254 ], [ 112.676541690198874, -7.908338699854395 ], [ 112.676410820035031, -7.908398186623709 ], [ 112.676303744446429, -7.908445775680042 ], [ 112.676101489658535, -7.908469571123036 ], [ 112.675899234870613, -7.908445775680042 ], [ 112.675815953857253, -7.908398186623709 ], [ 112.67585164572013, -7.908076960176882 ], [ 112.675566110817158, -7.908041267958795 ], [ 112.675435240653314, -7.907946089029536 ], [ 112.675114012989198, -7.907862807826289 ], [ 112.674864169949103, -7.907874706444061 ], [ 112.674661915161209, -7.907839014243016 ], [ 112.674519147709731, -7.907708143169179 ], [ 112.674507251320421, -7.907482094223589 ], [ 112.674459661271612, -7.907303635239464 ], [ 112.67442397030706, -7.907172764331018 ], [ 112.674293099244892, -7.907101380963027 ], [ 112.674174126368669, -7.907244148623852 ], [ 112.674233612806759, -7.907303634326638 ], [ 112.674352584784685, -7.907458299748887 ], [ 112.674412072121115, -7.907672450982169 ], [ 112.674483455846868, -7.907815218835441 ], [ 112.674614326010712, -7.907934192235397 ], [ 112.674947450962478, -7.907993678947899 ], [ 112.675137807564411, -7.908053165668762 ], [ 112.674947450962478, -7.908576646981765 ], [ 112.674685709736465, -7.90848146793221 ], [ 112.674519147709731, -7.908326803049229 ], [ 112.674197920943925, -7.908065063379062 ], [ 112.674031358018865, -7.907910397735296 ], [ 112.673757720403557, -7.907648657409593 ], [ 112.673519774651083, -7.907470197442478 ], [ 112.673355361394513, -7.907336610844416 ], [ 112.673329418049136, -7.907315532015898 ], [ 112.673162856022415, -7.90725604631143 ], [ 112.672996293097384, -7.907196558789689 ], [ 112.672805935597097, -7.907113277733778 ], [ 112.672710758194427, -7.90705379205772 ], [ 112.672615579893431, -7.90694671567109 ], [ 112.672544196167706, -7.906613590829319 ], [ 112.672460914256035, -7.906363747141684 ], [ 112.672341941379813, -7.906197185373644 ], [ 112.67228245494168, -7.905983033973222 ], [ 112.672282298634826, -7.905982429688608 ], [ 112.672199173928306, -7.905661806619115 ], [ 112.67174707610036, -7.90479330421749 ], [ 112.671306874661653, -7.904519664554963 ], [ 112.67102133975871, -7.904234130204495 ], [ 112.670866675019624, -7.903936696626062 ], [ 112.670795291293857, -7.903782031576372 ], [ 112.670700113891229, -7.903401318901603 ], [ 112.670685558488657, -7.903370388299537 ], [ 112.670604934691923, -7.903199064662033 ], [ 112.670414578089961, -7.903103885907587 ], [ 112.670533550966169, -7.902746967137932 ], [ 112.670807188581477, -7.90202123113361 ], [ 112.671425848436201, -7.901236008773721 ], [ 112.671483051356873, -7.901178806851074 ], [ 112.67148456681474, -7.901177290679834 ], [ 112.671711384237483, -7.900950473896651 ], [ 112.672127790202595, -7.900474581949375 ], [ 112.672258660366438, -7.900165251694181 ], [ 112.672318146804557, -7.89986781914482 ], [ 112.672163481167132, -7.899784537703269 ], [ 112.672425222393159, -7.899237262282444 ], [ 112.672591785318218, -7.899261057208459 ], [ 112.672746450057303, -7.898987419291129 ], [ 112.672734552769668, -7.898880343116484 ], [ 112.672877320221147, -7.898832754221313 ], [ 112.673043882247882, -7.898285478203099 ], [ 112.673103368685958, -7.898285478203099 ], [ 112.673222341562209, -7.897999941661476 ], [ 112.673412699062496, -7.897857174375538 ], [ 112.673650644814956, -7.897833380441094 ], [ 112.673388903588943, -7.898368759350285 ], [ 112.673638748425631, -7.898416348193385 ], [ 112.673948077005534, -7.897869071799671 ], [ 112.674471558559233, -7.898047532288799 ], [ 112.674269304669636, -7.898487731924451 ], [ 112.674757094360515, -7.89870188318974 ], [ 112.674828478086226, -7.898571013111352 ], [ 112.675209192188504, -7.898737574621401 ], [ 112.675257614077253, -7.898511607134858 ], [ 112.675280575914215, -7.898404450753914 ], [ 112.674685709736465, -7.8981902996388 ], [ 112.674828478086226, -7.897857175288347 ], [ 112.674832738795629, -7.897858734349271 ], [ 112.675068364199689, -7.8979449381961 ], [ 112.675316266878767, -7.898035633946865 ], [ 112.675372915538887, -7.897884570216945 ], [ 112.67538765060452, -7.897845276951752 ], [ 112.675578008104793, -7.897845277864549 ], [ 112.675536205901352, -7.898075187377581 ], [ 112.675530418954324, -7.898107017613857 ], [ 112.67558002931419, -7.898110118394366 ], [ 112.675720775556258, -7.898118915044995 ], [ 112.675875441193682, -7.898225991027409 ], [ 112.675923030344194, -7.898297374726438 ], [ 112.675934927631815, -7.898440143073342 ], [ 112.675994413171608, -7.898547218224053 ], [ 112.676042003220417, -7.898571013111352 ], [ 112.675970618596367, -7.898785164418691 ], [ 112.676099448686202, -7.898833475334289 ], [ 112.676160976096625, -7.898856548211832 ], [ 112.676237504473988, -7.898716996435428 ], [ 112.676363229986222, -7.898487731924451 ], [ 112.676458409185528, -7.898523424250897 ], [ 112.676462309670484, -7.898527324647752 ], [ 112.676589279349372, -7.898654294314603 ], [ 112.676672560362746, -7.898820856770159 ], [ 112.676708252225595, -7.898844650760009 ], [ 112.676803431424887, -7.898868444751186 ], [ 112.67687481515064, -7.898761370432179 ], [ 112.677112760903086, -7.898832754221313 ], [ 112.677326912080318, -7.898440142160542 ], [ 112.678112134860044, -7.89867808920791 ], [ 112.678171620399823, -7.898559115667537 ], [ 112.678040750235994, -7.898535320780908 ], [ 112.678088340284788, -7.898297374726438 ], [ 112.677767111722332, -7.898202197072274 ], [ 112.677814701771183, -7.898071326235258 ], [ 112.67725552835455, -7.897928558012506 ], [ 112.677338582992462, -7.897788003375337 ], [ 112.677410193093692, -7.897666816547718 ], [ 112.677482785053471, -7.897691651063436 ], [ 112.678314387851302, -7.897976147719014 ], [ 112.678314387851302, -7.897868482131408 ], [ 112.678314387851302, -7.897719663946158 ], [ 112.678314387851302, -7.897643022623951 ], [ 112.677768985608026, -7.897524457394802 ], [ 112.677493474107024, -7.897464564130602 ], [ 112.67751726868228, -7.897274207391764 ], [ 112.677576756018695, -7.897226617764 ], [ 112.677564857832778, -7.896964876732344 ], [ 112.677993161085496, -7.897012466330745 ], [ 112.678064544811235, -7.896524675938642 ], [ 112.678244843875277, -7.896569751646452 ], [ 112.678254902311508, -7.896572266400448 ], [ 112.678397668864676, -7.896596060264165 ] ], [ [ 112.679414446781934, -7.897090284134993 ], [ 112.679631364770231, -7.897151466216582 ], [ 112.679701302208386, -7.897171191773587 ], [ 112.67981344878676, -7.897202822952128 ], [ 112.679821360249463, -7.897174772678831 ], [ 112.679864058971532, -7.897023385212419 ], [ 112.679729331441848, -7.896985385460721 ], [ 112.679465057865031, -7.896910846442887 ], [ 112.679414446781934, -7.897090284134993 ] ], [ [ 112.678825183396611, -7.897195889340628 ], [ 112.678749306297817, -7.897464903691569 ], [ 112.679171579160027, -7.897584005629613 ], [ 112.679267556961619, -7.89761107740986 ], [ 112.679343433162117, -7.897342062053422 ], [ 112.679171579160027, -7.897293589742455 ], [ 112.678825183396611, -7.897195889340628 ] ], [ [ 112.67831988913413, -7.898707896722481 ], [ 112.678276407081128, -7.898829647958721 ], [ 112.678274066969792, -7.898836199133202 ], [ 112.67836191052649, -7.898867572113135 ], [ 112.678730793816428, -7.898999315834156 ], [ 112.678767853813483, -7.898895547648667 ], [ 112.678791625930842, -7.898828985265023 ], [ 112.678334899084206, -7.898665867716772 ], [ 112.67831988913413, -7.898707896722481 ] ] ] } },
{ "type": "Feature", "properties": { "fid": 128, "class_id": 1, "class_name": "Sawah", "source": "Kementan", "source_class": "Banyuwangi", "kode": "VALID", "alasan": "", "n_valid": 543, "n_nodata": 0, "status_v5": "ok" }, "geometry": { "type": "Polygon", "coordinates": [ [ [ 114.287702559889425, -8.209289549872789 ], [ 114.28780174287995, -8.209287644347274 ], [ 114.287824631953384, -8.20936012283453 ], [ 114.287858131926981, -8.209408513693871 ], [ 114.287858962868597, -8.209409714010878 ], [ 114.287862352212173, -8.209409677471552 ], [ 114.288034439776212, -8.209407805744348 ], [ 114.288122177331687, -8.209514618442258 ], [ 114.288194656103769, -8.209556580222365 ], [ 114.288221359423886, -8.209606171422603 ], [ 114.288278580310873, -8.209657669069585 ], [ 114.288366317866348, -8.209606171422603 ], [ 114.288431167246713, -8.209669113195027 ], [ 114.288576125689175, -8.209754944146008 ], [ 114.288576125689175, -8.209825516274792 ], [ 114.288520187596419, -8.209884251485725 ], [ 114.288499831772086, -8.209905625192539 ], [ 114.288557052659044, -8.209918975766877 ], [ 114.28856108609466, -8.209914148001834 ], [ 114.288682938071375, -8.209768295628896 ], [ 114.288793563802002, -8.20982551536131 ], [ 114.288881302255788, -8.209966659655517 ], [ 114.288995743131423, -8.210081100097526 ], [ 114.289155961255602, -8.210165023778632 ], [ 114.289255141551166, -8.210250854833987 ], [ 114.28931236333645, -8.210264206333109 ], [ 114.289369583325097, -8.210243225406108 ], [ 114.289449690590573, -8.210371017428345 ], [ 114.28950309812916, -8.210321426135103 ], [ 114.2895679466112, -8.21037673858755 ], [ 114.2895679466112, -8.210441588750264 ], [ 114.289739608373779, -8.210496903045971 ], [ 114.289819717435876, -8.210554122880623 ], [ 114.289819718334201, -8.2106342319415 ], [ 114.289800644405759, -8.210712431831984 ], [ 114.289892197106283, -8.210639953104389 ], [ 114.289930343166503, -8.210733412783121 ], [ 114.289964675878323, -8.210775374688639 ], [ 114.289995193445165, -8.210775374688639 ], [ 114.290079116753958, -8.210731507250857 ], [ 114.290109634320785, -8.210773467329203 ], [ 114.290357590000454, -8.210966110677225 ], [ 114.290433883917544, -8.210966110677225 ], [ 114.290479660267792, -8.210987090727928 ], [ 114.290666579915467, -8.211177825902059 ], [ 114.290723800802439, -8.211263657170603 ], [ 114.290777205646094, -8.211479188188864 ], [ 114.290826798039646, -8.211536407247864 ], [ 114.290857314708191, -8.211542130250393 ], [ 114.290895462565032, -8.211643218676343 ], [ 114.290987014367218, -8.211698532221581 ], [ 114.291051321165128, -8.211803379691984 ], [ 114.291074752821018, -8.211841582701558 ], [ 114.29112800854432, -8.211847848320669 ], [ 114.29113960309968, -8.211849212159334 ], [ 114.291155272413192, -8.211863657156837 ], [ 114.291261673367032, -8.211961745764691 ], [ 114.291322707602362, -8.211961745764691 ], [ 114.291452408159714, -8.2121334068229 ], [ 114.291494370263266, -8.212211608827893 ], [ 114.291494369364969, -8.212245941420186 ], [ 114.291439271196992, -8.212302877404975 ], [ 114.291437150274618, -8.212305068866879 ], [ 114.291215896118445, -8.212450026926932 ], [ 114.291151046738079, -8.212450026926932 ], [ 114.291082382212707, -8.212514877419398 ], [ 114.291021051533335, -8.212671808674788 ], [ 114.291017531934045, -8.212680815691908 ], [ 114.291011662341973, -8.212680432939356 ], [ 114.29092979437857, -8.212675095413871 ], [ 114.290815354401261, -8.212760925170629 ], [ 114.290758132615963, -8.212726593448457 ], [ 114.290693283235626, -8.212640762785439 ], [ 114.290521620574708, -8.212520598608679 ], [ 114.29041099574242, -8.212484360452791 ], [ 114.290330886680337, -8.212514877419398 ], [ 114.29014396703262, -8.212280274015377 ], [ 114.289983749806765, -8.212158202578955 ], [ 114.289880752569559, -8.211944581307129 ], [ 114.289743424417111, -8.211923599380176 ], [ 114.28970776040201, -8.211950941017188 ], [ 114.289686201733502, -8.211967467859704 ], [ 114.28963510556018, -8.21187729463076 ], [ 114.289621354149801, -8.211853027801769 ], [ 114.289587021437939, -8.211746215404832 ], [ 114.289499282984153, -8.211639404862856 ], [ 114.289422698012913, -8.211501550373232 ], [ 114.28940391603696, -8.211467743099142 ], [ 114.28933906575827, -8.211441040022525 ], [ 114.289300917901429, -8.211368560251927 ], [ 114.289300918799725, -8.211132050146384 ], [ 114.289255141551166, -8.211053849261932 ], [ 114.289163589748981, -8.211111069174736 ], [ 114.289106368862036, -8.211097716734399 ], [ 114.288995742233112, -8.210983276007093 ], [ 114.288953781027871, -8.210985184280995 ], [ 114.288793563802002, -8.210849760800087 ], [ 114.288686753216382, -8.210836411108771 ], [ 114.288534165382245, -8.210687637990818 ], [ 114.288438796638431, -8.210565567031212 ], [ 114.28829383909428, -8.210481644181165 ], [ 114.28824424759901, -8.210409163667615 ], [ 114.288171767928631, -8.210338592351315 ], [ 114.287988663425963, -8.210239409778747 ], [ 114.287782668951508, -8.210227965637301 ], [ 114.287679671714301, -8.210149765839718 ], [ 114.287557602345288, -8.21012115366605 ], [ 114.287508010850019, -8.210058211823858 ], [ 114.287405013612826, -8.210014343549734 ], [ 114.287210464573434, -8.209852218332143 ], [ 114.287149429439779, -8.20967292790357 ], [ 114.287149429439779, -8.209522246943015 ], [ 114.287286069482676, -8.209250814541777 ], [ 114.287290572737191, -8.209241867890281 ], [ 114.287435531179653, -8.209169386683595 ], [ 114.287511825096743, -8.209182739060795 ], [ 114.287637711407385, -8.209232330215576 ], [ 114.287702559889425, -8.209289549872789 ] ] ] } },
{ "type": "Feature", "properties": { "fid": 139, "class_id": 1, "class_name": "Sawah", "source": "Kementan", "source_class": "Banyuwangi", "kode": "VALID", "alasan": "", "n_valid": 13280, "n_nodata": 0, "status_v5": "ok" }, "geometry": { "type": "Polygon", "coordinates": [ [ [ 114.234498978398051, -8.392051695739392 ], [ 114.234720229859263, -8.392028808102168 ], [ 114.234807968313078, -8.392042161051515 ], [ 114.23482322709647, -8.392156601082398 ], [ 114.234727860149277, -8.392229080455801 ], [ 114.234666824117284, -8.392301559842373 ], [ 114.234739303787691, -8.392494202197899 ], [ 114.234853743765001, -8.392642974778635 ], [ 114.234882488057465, -8.39268749260053 ], [ 114.235010146744187, -8.392885208195615 ], [ 114.235479354783365, -8.393377304708897 ], [ 114.235582351122261, -8.393468857403047 ], [ 114.235712051679613, -8.393503188983345 ], [ 114.235807418626806, -8.393552779962901 ], [ 114.235879898297199, -8.39364624092201 ], [ 114.236188889110551, -8.393815994359521 ], [ 114.237005234023286, -8.393959044582596 ], [ 114.2380733488624, -8.394273756716263 ], [ 114.238496779653047, -8.394384383672817 ], [ 114.23891748495511, -8.394465143408492 ], [ 114.238924027385337, -8.394466399110643 ], [ 114.238948442696454, -8.39445935657735 ], [ 114.239023208579212, -8.39443779030498 ], [ 114.239053727044364, -8.394380569044209 ], [ 114.239057541291075, -8.394292831682369 ], [ 114.239198684588487, -8.394020080408005 ], [ 114.23920631487853, -8.393947601622992 ], [ 114.239240645793743, -8.39385414242105 ], [ 114.239284654259507, -8.393846807450188 ], [ 114.239287902567582, -8.393846266420697 ], [ 114.239320754855839, -8.393840790324928 ], [ 114.239645005350894, -8.393901825218329 ], [ 114.239877701348817, -8.394021987720583 ], [ 114.240224838222389, -8.394105911310749 ], [ 114.240484236642146, -8.394269943002616 ], [ 114.240549087819133, -8.394233703128799 ], [ 114.240549087819133, -8.394145965799275 ], [ 114.240751266250243, -8.393943786998559 ], [ 114.240957260724684, -8.393827439143156 ], [ 114.241052626773552, -8.393835066562023 ], [ 114.24153709359615, -8.394124984441016 ], [ 114.241556168422932, -8.394153595052044 ], [ 114.241556168422932, -8.39419555594486 ], [ 114.241521834812758, -8.394239425983519 ], [ 114.24151420631938, -8.39428901614073 ], [ 114.241525768535382, -8.394308671435482 ], [ 114.241552353277925, -8.394353866644972 ], [ 114.241754531708992, -8.394466400024545 ], [ 114.241811751697682, -8.394479752141615 ], [ 114.24186897168633, -8.39448737957297 ], [ 114.241937728738151, -8.394301982585125 ], [ 114.241975784068529, -8.394199370571704 ], [ 114.242100951726968, -8.394299331354812 ], [ 114.242250442170018, -8.394418717159752 ], [ 114.242258071561736, -8.394626617233754 ], [ 114.242311477303673, -8.39465522788077 ], [ 114.242361068798942, -8.394899368923037 ], [ 114.242521286024825, -8.395069122894062 ], [ 114.242753982022776, -8.395189285748105 ], [ 114.243043899805983, -8.395374298394682 ], [ 114.243284226093934, -8.395715714134143 ], [ 114.243284878270828, -8.395722404836024 ], [ 114.243291853689016, -8.395793915203706 ], [ 114.243185043103423, -8.39592361488449 ], [ 114.24313545340479, -8.395931244171274 ], [ 114.243132356013703, -8.395929493127477 ], [ 114.24304771495099, -8.395881652895888 ], [ 114.243040084660976, -8.395824433255692 ], [ 114.243005752847438, -8.395826339662998 ], [ 114.242976966334155, -8.395861475683382 ], [ 114.242876053188411, -8.395984650096752 ], [ 114.242876053188411, -8.396034241384942 ], [ 114.242841721374873, -8.396091461055253 ], [ 114.242753982921059, -8.396114349839589 ], [ 114.242704392324129, -8.396072386916996 ], [ 114.242753982921059, -8.395984649182838 ], [ 114.24276161141448, -8.395914078276219 ], [ 114.242696762034114, -8.395957946676162 ], [ 114.242666243568962, -8.396015167249425 ], [ 114.242582321158494, -8.396087646410313 ], [ 114.242341994870543, -8.396074295153298 ], [ 114.242273331243467, -8.396047591726711 ], [ 114.242219923704894, -8.396083832679315 ], [ 114.242219924603205, -8.39612579286138 ], [ 114.24229240427357, -8.396183014372649 ], [ 114.242387772119088, -8.396339416710466 ], [ 114.242483139066294, -8.396560669058953 ], [ 114.242635726900431, -8.396745682341999 ], [ 114.242834091084859, -8.396831512003727 ], [ 114.242937088322066, -8.396608352179948 ], [ 114.24298667891901, -8.396541594898245 ], [ 114.243219375815272, -8.396640777619384 ], [ 114.243383407287837, -8.396654128895372 ], [ 114.243726730813009, -8.396852492590513 ], [ 114.243864059863753, -8.396965025761503 ], [ 114.244268417624269, -8.397026062047122 ], [ 114.244314193974532, -8.396875381418539 ], [ 114.244581221786007, -8.396558761734228 ], [ 114.244607925106124, -8.396587371606003 ], [ 114.244672775384785, -8.396593093580602 ], [ 114.244837157200323, -8.396720293069778 ], [ 114.244993209836522, -8.39684104772004 ], [ 114.245000839228254, -8.396877288744777 ], [ 114.244970321661413, -8.397014618085571 ], [ 114.244981766198137, -8.397157670370298 ], [ 114.245073318898619, -8.397270202713543 ], [ 114.245292975850219, -8.397351789207756 ], [ 114.245340347608433, -8.397369384702072 ], [ 114.245485306050853, -8.397460937399073 ], [ 114.245710372657101, -8.397653580419739 ], [ 114.245988845903597, -8.398130416849469 ], [ 114.246149063129451, -8.398200989062412 ], [ 114.246164321014561, -8.398330687698619 ], [ 114.246221541901534, -8.398466111120266 ], [ 114.24648475726292, -8.398685456400514 ], [ 114.246744155682691, -8.398834228549996 ], [ 114.246765559840952, -8.398857322208272 ], [ 114.246889114125139, -8.398990630100366 ], [ 114.246961593795504, -8.399105072125884 ], [ 114.24709129435287, -8.399225235282747 ], [ 114.24710655223798, -8.39929771411348 ], [ 114.24697821532321, -8.399533577022614 ], [ 114.246965408042229, -8.399557113969832 ], [ 114.247163772226628, -8.399805069039452 ], [ 114.247219784879533, -8.399839456914288 ], [ 114.247341711416425, -8.399914311122036 ], [ 114.247533799071931, -8.399950026925028 ], [ 114.247713089327917, -8.400037766446063 ], [ 114.247716903574641, -8.400070190336699 ], [ 114.248071669839888, -8.400321960411047 ], [ 114.248231887964067, -8.400459289111062 ], [ 114.248376846406515, -8.400560380151099 ], [ 114.248594285417667, -8.400493622207376 ], [ 114.249071121051955, -8.400812148707363 ], [ 114.249083252799849, -8.400836411380364 ], [ 114.249120711648885, -8.400911330663542 ], [ 114.249052048021838, -8.401134491069138 ], [ 114.249052047123513, -8.401206971161097 ], [ 114.249162673752437, -8.401290892608513 ], [ 114.249155045259059, -8.40141296285862 ], [ 114.249132001675378, -8.401479624994924 ], [ 114.249127159756014, -8.401493632626664 ], [ 114.249048232876845, -8.401721954260294 ], [ 114.248956681074645, -8.401809692343717 ], [ 114.248872756867556, -8.401931762752797 ], [ 114.248800278095473, -8.40199089062064 ], [ 114.248468399107011, -8.401857376092813 ], [ 114.248243331602453, -8.401836396156421 ], [ 114.24813652011855, -8.40184593199251 ], [ 114.247831345348558, -8.401660919083225 ], [ 114.247709274182924, -8.401668547565924 ], [ 114.247690201152807, -8.401720046910862 ], [ 114.247575759378847, -8.401849746692573 ], [ 114.247423170646385, -8.401800155594586 ], [ 114.247133254659786, -8.401559829591767 ], [ 114.247026443175884, -8.401523589969011 ], [ 114.246873855341704, -8.401382446206503 ], [ 114.246736527189285, -8.401218414329128 ], [ 114.246438980014361, -8.401092529445773 ], [ 114.246431350622657, -8.401142121369597 ], [ 114.246446610304389, -8.401178360043739 ], [ 114.246511458786443, -8.401212692288112 ], [ 114.246519089076457, -8.401277542091089 ], [ 114.246541977251567, -8.401327133124028 ], [ 114.246534346961553, -8.401378632424832 ], [ 114.246557236035002, -8.401488303566731 ], [ 114.24656486542672, -8.4015636442891 ], [ 114.24651527393145, -8.401643753855279 ], [ 114.246465683334478, -8.401693344019877 ], [ 114.24637794488072, -8.401737213056018 ], [ 114.246320723993733, -8.401716232212044 ], [ 114.246110916170906, -8.401718139561455 ], [ 114.246011734078706, -8.401618958318329 ], [ 114.245981217410218, -8.401533125797604 ], [ 114.245916366233217, -8.401496887091181 ], [ 114.245893478058079, -8.401439665730816 ], [ 114.245943069553334, -8.401390075597794 ], [ 114.245965957728487, -8.401325225776491 ], [ 114.245965957728487, -8.40123176484456 ], [ 114.245943068655038, -8.401166915962943 ], [ 114.245897293203114, -8.400875092013683 ], [ 114.245847701707845, -8.4008388524532 ], [ 114.24570274416368, -8.4007835394462 ], [ 114.245576857853038, -8.4007110603452 ], [ 114.24551963786439, -8.400669096938602 ], [ 114.245470046369121, -8.400577544418445 ], [ 114.245569229359646, -8.400266648389721 ], [ 114.245435714555626, -8.400047302239095 ], [ 114.245149612815709, -8.400207519863859 ], [ 114.245084763435344, -8.400171280364097 ], [ 114.245035171041792, -8.400243758452993 ], [ 114.245035171041792, -8.400308609012178 ], [ 114.245084763435344, -8.400379181610882 ], [ 114.245050429825184, -8.40044403036428 ], [ 114.244775771723695, -8.400489806606386 ], [ 114.244596480569399, -8.400476455201892 ], [ 114.244497300273821, -8.400442123020973 ], [ 114.244306563684489, -8.400278092444658 ], [ 114.244199753098911, -8.400264740133345 ], [ 114.244112014645097, -8.400264740133345 ], [ 114.243993758624455, -8.400360108181324 ], [ 114.243776321409953, -8.400297164956363 ], [ 114.243680953564422, -8.400211334548233 ], [ 114.243295669732362, -8.400228499714466 ], [ 114.243112564331341, -8.400230407970668 ], [ 114.242872238043404, -8.400268554818267 ], [ 114.243108749186348, -8.40030288698423 ], [ 114.243494033916747, -8.400407791756924 ], [ 114.243608473894056, -8.400421143159116 ], [ 114.243718901995322, -8.400451816931207 ], [ 114.243780135656664, -8.400468826742019 ], [ 114.243803023831774, -8.400497436894497 ], [ 114.244039534974718, -8.400516510330618 ], [ 114.244079565700403, -8.400508268632041 ], [ 114.244104386151719, -8.400503158925241 ], [ 114.244126231382793, -8.400518450575273 ], [ 114.24414253221191, -8.400529861736455 ], [ 114.244459152416994, -8.400600434374349 ], [ 114.244501113622221, -8.40064239503196 ], [ 114.244638407638661, -8.400637994522828 ], [ 114.244798659898848, -8.400632858310772 ], [ 114.244905472281062, -8.400653839097693 ], [ 114.244941565690866, -8.400721214876103 ], [ 114.244962692269709, -8.400760651307616 ], [ 114.245100022218779, -8.400852202955924 ], [ 114.245363234885218, -8.400972365725767 ], [ 114.245576857853038, -8.400999070396271 ], [ 114.245630263595004, -8.401027678758988 ], [ 114.245713267927258, -8.401072638025692 ], [ 114.245721818092122, -8.401077269760822 ], [ 114.245728002094538, -8.401092730507694 ], [ 114.245744705368935, -8.401134491069138 ], [ 114.245744705368935, -8.401199339945478 ], [ 114.245725632338832, -8.401269912701961 ], [ 114.245653151770114, -8.401422501426318 ], [ 114.245611190564873, -8.401472091563376 ], [ 114.245595931781466, -8.4016227721023 ], [ 114.245759964152327, -8.401773452698219 ], [ 114.245790480820858, -8.401844024642488 ], [ 114.245992661048604, -8.401956558309207 ], [ 114.246213913408141, -8.40199089062064 ], [ 114.246641159343767, -8.401966095062091 ], [ 114.246732712044292, -8.401979445602581 ], [ 114.246912003198574, -8.402021408233285 ], [ 114.247007370145781, -8.402063369040572 ], [ 114.247152327689903, -8.402154921902179 ], [ 114.247247696433732, -8.402147294324074 ], [ 114.247369765802745, -8.4020957949239 ], [ 114.247484206678365, -8.402166366011357 ], [ 114.247531753608044, -8.402160931841596 ], [ 114.247751236286462, -8.402135849301523 ], [ 114.247799718362344, -8.402150393427503 ], [ 114.247865677162096, -8.402170180714489 ], [ 114.24794578622415, -8.40231323210835 ], [ 114.248071670738213, -8.40244865414188 ], [ 114.248216629180632, -8.402526854704908 ], [ 114.24828910885104, -8.402526854704908 ], [ 114.248443148362696, -8.402626533347268 ], [ 114.248559951807536, -8.402587890014653 ], [ 114.248590469374349, -8.402517318852526 ], [ 114.248590469374349, -8.402444839436074 ], [ 114.24866676418975, -8.402379989443071 ], [ 114.248856560242956, -8.402385571670976 ], [ 114.24905586226852, -8.402391432644789 ], [ 114.249242781916237, -8.402460099173418 ], [ 114.24925820149808, -8.402491489616558 ], [ 114.249258745877157, -8.402492598202725 ], [ 114.249296187658175, -8.402568818307195 ], [ 114.24931859253968, -8.40258177862354 ], [ 114.249372401625195, -8.402612903125172 ], [ 114.249490737595892, -8.402681351264755 ], [ 114.249589919688091, -8.402673721848739 ], [ 114.249643325430029, -8.402629852709453 ], [ 114.249649793300108, -8.402619948544332 ], [ 114.249652080410812, -8.402616445484039 ], [ 114.249704360563726, -8.402536393299282 ], [ 114.249754103874267, -8.402490628702981 ], [ 114.24979972930754, -8.40244865414188 ], [ 114.249872207181298, -8.402412414438254 ], [ 114.249929427169945, -8.402397154702737 ], [ 114.250001906840325, -8.402433395318893 ], [ 114.250001906840325, -8.402466965461359 ], [ 114.250001907738664, -8.402574539453772 ], [ 114.249992680244048, -8.402585667358268 ], [ 114.249937058358285, -8.402652740041512 ], [ 114.249917984429857, -8.402694701829224 ], [ 114.249917984429857, -8.40274810774725 ], [ 114.250001907738664, -8.402797698963253 ], [ 114.250049037850047, -8.402851317838868 ], [ 114.250265122201711, -8.403097152831036 ], [ 114.250291572196943, -8.403158649759046 ], [ 114.250341415220504, -8.403274536065958 ], [ 114.250417709137565, -8.403266906638573 ], [ 114.250466511013698, -8.403202651475349 ], [ 114.250532150911525, -8.40311622730556 ], [ 114.250650406033827, -8.403129577884599 ], [ 114.250723514524907, -8.403228351894331 ], [ 114.250829697188124, -8.403371811277896 ], [ 114.250974654732246, -8.403535843128106 ], [ 114.251123428319701, -8.403757094903087 ], [ 114.251220069077988, -8.403824291163348 ], [ 114.251367567956066, -8.403926848991912 ], [ 114.25152926291058, -8.404138799971582 ], [ 114.251649857245894, -8.404296875173603 ], [ 114.251722662106431, -8.404335443730165 ], [ 114.251738220927123, -8.404343686421855 ], [ 114.251970290799321, -8.404466628578575 ], [ 114.252065658644838, -8.404581070349403 ], [ 114.252073765940267, -8.404604943005651 ], [ 114.25230598403445, -8.405288697212537 ], [ 114.252414952373371, -8.405398961656243 ], [ 114.252419807767481, -8.4054038749314 ], [ 114.252466202158629, -8.405450820657167 ], [ 114.252745302429247, -8.405681445830842 ], [ 114.252828597815636, -8.405750274692073 ], [ 114.252920410129235, -8.405729203157778 ], [ 114.252925663477001, -8.405727997686185 ], [ 114.253061293813573, -8.40569686928538 ], [ 114.253145218918959, -8.405710219950933 ], [ 114.254102706230853, -8.4063129415511 ], [ 114.254304885560302, -8.406490325304548 ], [ 114.254420573297537, -8.406615146251143 ], [ 114.254445249120067, -8.406641769960196 ], [ 114.254667282115562, -8.406881333155539 ], [ 114.254724502104253, -8.406946182053728 ], [ 114.254793168426247, -8.407066344834394 ], [ 114.254941941115376, -8.407144547218172 ], [ 114.255041382820707, -8.407126465994361 ], [ 114.255067825629396, -8.407121657800085 ], [ 114.255174637113313, -8.407155990556811 ], [ 114.255248305254824, -8.407273313814176 ], [ 114.25527763435052, -8.407320023051959 ], [ 114.255446923662461, -8.407433415534667 ], [ 114.255479811883319, -8.407455444960306 ], [ 114.255491157605377, -8.407470572369457 ], [ 114.255559921843727, -8.407562256252655 ], [ 114.255559659535663, -8.40758294494618 ], [ 114.255559284039876, -8.40761259383733 ], [ 114.255556105800409, -8.407863617426671 ], [ 114.25549125731834, -8.407964706690503 ], [ 114.255556105800409, -8.407991409088098 ], [ 114.25559043941054, -8.407949447656152 ], [ 114.25563239971747, -8.407791137951033 ], [ 114.255712508779567, -8.407783508437108 ], [ 114.255953983114466, -8.407925978757964 ], [ 114.256093979263298, -8.408008576417528 ], [ 114.256261825880856, -8.4082736958645 ], [ 114.256315231622835, -8.408323287768683 ], [ 114.256308841007893, -8.408377615687623 ], [ 114.256307603129414, -8.408388137815706 ], [ 114.256294091569245, -8.408394893619791 ], [ 114.256219862879021, -8.408432006675463 ], [ 114.256174466516129, -8.408470421177633 ], [ 114.256170273180388, -8.408473969072219 ], [ 114.256158111788039, -8.408473766178707 ], [ 114.255941391429118, -8.408470153394756 ], [ 114.255835289614282, -8.408484539641385 ], [ 114.255716323924602, -8.408500670590042 ], [ 114.25556755123543, -8.408435822352562 ], [ 114.255401486875371, -8.408379164806609 ], [ 114.255243300740389, -8.40832519514974 ], [ 114.255147933793197, -8.408224105794359 ], [ 114.255132675009762, -8.40814590502638 ], [ 114.255060196237679, -8.408145904112446 ], [ 114.254953384753804, -8.408189773859441 ], [ 114.254938125072044, -8.408241273133825 ], [ 114.254976272928914, -8.408319473006607 ], [ 114.255113601979659, -8.40832519514974 ], [ 114.255144458211362, -8.408360460223422 ], [ 114.255300521627333, -8.40853881822985 ], [ 114.255437850678078, -8.408466339545205 ], [ 114.255525589131878, -8.408500670590042 ], [ 114.255510330348486, -8.408630370752443 ], [ 114.255475997636623, -8.408695220849488 ], [ 114.255361555862692, -8.408739089743099 ], [ 114.255304335874044, -8.408739089743099 ], [ 114.255113601979659, -8.40867042487346 ], [ 114.254964828392204, -8.408576964959378 ], [ 114.254919052041927, -8.408491134594597 ], [ 114.254880905083397, -8.408342361579635 ], [ 114.254880007666415, -8.408341215505867 ], [ 114.254846573269887, -8.408298492729756 ], [ 114.254831312689831, -8.408235550077965 ], [ 114.254735946640935, -8.40814971887286 ], [ 114.254583358806798, -8.408042908336819 ], [ 114.254526896097929, -8.408048040988703 ], [ 114.254499436396316, -8.408050536941781 ], [ 114.254486666844556, -8.408065008169087 ], [ 114.254442214611046, -8.408115386944361 ], [ 114.254327774633708, -8.408182145251816 ], [ 114.254226704282772, -8.408174657390166 ], [ 114.254224777396502, -8.408174514816464 ], [ 114.254224852855003, -8.40817543788984 ], [ 114.254229139615546, -8.408227954371087 ], [ 114.254240036179937, -8.408361435391498 ], [ 114.254175185901246, -8.408376694441644 ], [ 114.254102707129192, -8.408340454198495 ], [ 114.254102707129192, -8.408283233682601 ], [ 114.254140853189398, -8.408241272219893 ], [ 114.254138248075094, -8.408211966007208 ], [ 114.254134450896402, -8.408169250556439 ], [ 114.254133223797695, -8.408155441013553 ], [ 114.254060745025654, -8.408119201704483 ], [ 114.25389289840804, -8.408105850958147 ], [ 114.253883459809373, -8.408114002334504 ], [ 114.253850936304502, -8.408142090266002 ], [ 114.253469466719096, -8.408109664804243 ], [ 114.253441550673315, -8.408099941461726 ], [ 114.253129959237242, -8.407991409088098 ], [ 114.252977372301402, -8.407978057432107 ], [ 114.252889633847616, -8.407907487142554 ], [ 114.252817153278912, -8.407871246942122 ], [ 114.252681370228771, -8.407852798284132 ], [ 114.252679092999529, -8.407852488460742 ], [ 114.252466202158629, -8.40782356338684 ], [ 114.252424240055092, -8.407838820588502 ], [ 114.25225639343752, -8.407840728881171 ], [ 114.252149581953603, -8.407869338649318 ], [ 114.252042769571389, -8.407855986997422 ], [ 114.251990253161537, -8.407828678671171 ], [ 114.251981418230727, -8.407824084328782 ], [ 114.251947402624197, -8.407806396979318 ], [ 114.251915357023066, -8.407809601229101 ], [ 114.251794814790031, -8.407821655094256 ], [ 114.251729520743595, -8.407882285429171 ], [ 114.251722662106431, -8.407888653716919 ], [ 114.25166130088428, -8.407945631983718 ], [ 114.251573563328819, -8.407997131226514 ], [ 114.251501083658425, -8.407960891017924 ], [ 114.25142860398806, -8.407882691215585 ], [ 114.251176182783084, -8.407664032717474 ], [ 114.25105720811024, -8.407560971263383 ], [ 114.250829696289813, -8.407363891794009 ], [ 114.250624310873135, -8.40727785148642 ], [ 114.250547408796621, -8.407245635385474 ], [ 114.250211715561449, -8.407060623623297 ], [ 114.250142013481934, -8.407009298148605 ], [ 114.250001906840325, -8.406906128106208 ], [ 114.249704360563726, -8.406736373661214 ], [ 114.249631881791643, -8.406679153375888 ], [ 114.249430435487497, -8.406591219552485 ], [ 114.249391556402003, -8.406574248779203 ], [ 114.248334885201274, -8.405931472020074 ], [ 114.247827530203551, -8.405605315609549 ], [ 114.247598647554, -8.405477522886153 ], [ 114.247067736034552, -8.405097630679526 ], [ 114.246519089076457, -8.404705047143736 ], [ 114.246061324675679, -8.404415130706358 ], [ 114.24593543926332, -8.404341425370802 ], [ 114.245325088824998, -8.403984069795657 ], [ 114.244649888108, -8.403545379004873 ], [ 114.244244758694649, -8.403264269057463 ], [ 114.243902206822298, -8.403026580664749 ], [ 114.24380609517172, -8.40297682948388 ], [ 114.24367382363603, -8.40290835935939 ], [ 114.243577957225554, -8.402858735228431 ], [ 114.242998122557424, -8.402484893848795 ], [ 114.242965007961089, -8.402449939114657 ], [ 114.242963790743886, -8.4024486550558 ], [ 114.242960271144597, -8.402447001772902 ], [ 114.242837905331527, -8.402389527120002 ], [ 114.242734908992659, -8.402360915917722 ], [ 114.242635726900431, -8.402301787994949 ], [ 114.242563249026674, -8.402206421309995 ], [ 114.242383956075756, -8.402088164605173 ], [ 114.242315292448723, -8.402011870565168 ], [ 114.242315292448723, -8.401981353867168 ], [ 114.242391587264095, -8.401819229093077 ], [ 114.242399214859191, -8.401748657153197 ], [ 114.242408593270753, -8.401733736507163 ], [ 114.242441177861025, -8.401681899924286 ], [ 114.242506027241404, -8.401485443001233 ], [ 114.242502212994722, -8.40140724172873 ], [ 114.242353439407268, -8.401325225776491 ], [ 114.242322920942101, -8.401271819135307 ], [ 114.242200851573088, -8.401216506982109 ], [ 114.24206352342064, -8.401369094772095 ], [ 114.242055893130626, -8.401475907173783 ], [ 114.242029190708806, -8.401512146792212 ], [ 114.242023827766573, -8.401514828229823 ], [ 114.241987228605254, -8.40153312671152 ], [ 114.241796493812572, -8.401485443001233 ], [ 114.241724015040489, -8.401443481340905 ], [ 114.241741095607296, -8.401373735649859 ], [ 114.241746903215613, -8.401350021295155 ], [ 114.241651536268421, -8.401313781691474 ], [ 114.241643905080082, -8.401027679672913 ], [ 114.241670609298524, -8.400962828996683 ], [ 114.241792678667537, -8.400903702195336 ], [ 114.241834640771089, -8.400833128589808 ], [ 114.241807936552632, -8.400817869828709 ], [ 114.24171256960544, -8.400825500123107 ], [ 114.241621017803283, -8.400806426672183 ], [ 114.24151039117433, -8.400806425758265 ], [ 114.241418837575551, -8.400842667143628 ], [ 114.241239548217891, -8.400865554373009 ], [ 114.2411974441805, -8.400875579131595 ], [ 114.241079330991994, -8.400903702195336 ], [ 114.24102211010505, -8.400911329749619 ], [ 114.240850449240767, -8.400897979244924 ], [ 114.240720748683415, -8.400991440098553 ], [ 114.240526198745698, -8.400808334017238 ], [ 114.240545272674126, -8.400413512872465 ], [ 114.240571975994243, -8.400283813558326 ], [ 114.240571975994243, -8.400205611607769 ], [ 114.240713120190037, -8.399881362656867 ], [ 114.24068733225316, -8.399771765070478 ], [ 114.24068260172487, -8.399751662602041 ], [ 114.240610122952788, -8.399660111206611 ], [ 114.240571975994243, -8.399660111206611 ], [ 114.240499496323878, -8.399610518553343 ], [ 114.240457535118651, -8.399560928647976 ], [ 114.240156173697002, -8.399497985549262 ], [ 114.240102767955065, -8.399505614904468 ], [ 114.240045547966417, -8.399549483699724 ], [ 114.240024778917018, -8.399583603775611 ], [ 114.240018844646272, -8.39959335341373 ], [ 114.240011215254555, -8.399671554330213 ], [ 114.240072250388252, -8.399742126816085 ], [ 114.240072250388252, -8.399892806700739 ], [ 114.239877701348817, -8.400009155412679 ], [ 114.2398624416671, -8.399974823272023 ], [ 114.239885329842238, -8.399816513995045 ], [ 114.23982429560688, -8.399795532338306 ], [ 114.239789962895046, -8.399803161699209 ], [ 114.239748000791494, -8.399896621382101 ], [ 114.239755630183168, -8.399967193907832 ], [ 114.239721298369673, -8.400018692118939 ], [ 114.239683151411128, -8.400039672873524 ], [ 114.239625931422481, -8.400011062753917 ], [ 114.239603042349032, -8.399961471884787 ], [ 114.239603042349032, -8.399890900273983 ], [ 114.239667891729397, -8.399738312136201 ], [ 114.239744185646458, -8.39968872130102 ], [ 114.239801405635106, -8.399538039665712 ], [ 114.239798765486512, -8.399517355959651 ], [ 114.239778519256618, -8.39935874984244 ], [ 114.239747006356481, -8.399368945465008 ], [ 114.239713668977956, -8.399379730562275 ], [ 114.239625931422481, -8.399316788406093 ], [ 114.239477157835012, -8.399267195795547 ], [ 114.239422811556949, -8.39921115278986 ], [ 114.239416121803032, -8.399204253657141 ], [ 114.239366531206088, -8.399188994958411 ], [ 114.239309311217411, -8.399133683094357 ], [ 114.239255904577135, -8.398967742978682 ], [ 114.239280231853371, -8.398779211014991 ], [ 114.239290160033889, -8.398702267816953 ], [ 114.239301681825722, -8.398612975853318 ], [ 114.239287359985141, -8.398604996486872 ], [ 114.239281451765521, -8.398601704575578 ], [ 114.23916816702166, -8.398538588899013 ], [ 114.239161783593246, -8.398538668409351 ], [ 114.239134573623303, -8.398539008384592 ], [ 114.239015579187523, -8.398540496233213 ], [ 114.238958359198875, -8.398527145807952 ], [ 114.238870620745061, -8.398477555123494 ], [ 114.238870620745061, -8.398401541431801 ], [ 114.238870620745061, -8.398332595945732 ], [ 114.238828658641509, -8.398254395292005 ], [ 114.238759994116137, -8.398212433058026 ], [ 114.238744736231041, -8.398090362874498 ], [ 114.238759995014448, -8.397903441636126 ], [ 114.238824844394813, -8.397781371547236 ], [ 114.238851546816619, -8.397653580419739 ], [ 114.238836288033198, -8.397588730292622 ], [ 114.238794326827971, -8.397573470741838 ], [ 114.238729477447606, -8.397575378985325 ], [ 114.238595962643586, -8.397489548249508 ], [ 114.238538741756599, -8.397497176652358 ], [ 114.238536475307114, -8.397498353767837 ], [ 114.238439558766075, -8.397548676372088 ], [ 114.238042831295573, -8.397430419221793 ], [ 114.237955429710013, -8.39739608364766 ], [ 114.237775802585801, -8.397325516146786 ], [ 114.237692130805286, -8.397247301982022 ], [ 114.237628477980877, -8.397187800115438 ], [ 114.237600326576512, -8.397161484111573 ], [ 114.237602084579535, -8.397125441379181 ], [ 114.237604140823223, -8.397083281859803 ], [ 114.237462996627443, -8.397069930569449 ], [ 114.237428664813933, -8.397127152216239 ], [ 114.237404110263952, -8.397111411967186 ], [ 114.237167690749175, -8.396959860351723 ], [ 114.237131119435631, -8.396936416776532 ], [ 114.237128377777395, -8.396938004235171 ], [ 114.237058639765252, -8.396978377962252 ], [ 114.237016676763375, -8.39709472673724 ], [ 114.237016676763375, -8.397151946559779 ], [ 114.236989975239894, -8.397224425927357 ], [ 114.236955643426356, -8.39725303584691 ], [ 114.236925124961189, -8.397144317249628 ], [ 114.236860274682527, -8.397073746137695 ], [ 114.236772536228727, -8.397089003841524 ], [ 114.236745833806893, -8.397138595267116 ], [ 114.236753464096907, -8.397211073718358 ], [ 114.236730575023472, -8.397247313862836 ], [ 114.236688613818245, -8.397262573401131 ], [ 114.236658096251418, -8.397226333255267 ], [ 114.236642838366322, -8.39715385480125 ], [ 114.236642836569686, -8.397047042644157 ], [ 114.236768722880342, -8.396780014204472 ], [ 114.236768722880342, -8.396741635558209 ], [ 114.236768722880342, -8.39673805212572 ], [ 114.236734391066804, -8.396680832362597 ], [ 114.236669540788142, -8.396644592269624 ], [ 114.236660253106422, -8.396631821325254 ], [ 114.236639023221315, -8.396602631119034 ], [ 114.236486435387135, -8.396532059189097 ], [ 114.236467429730681, -8.39656022855559 ], [ 114.236462609370861, -8.396567372569725 ], [ 114.236441386672254, -8.39659882743609 ], [ 114.236379623004922, -8.396690368075301 ], [ 114.236404622220959, -8.396707555937571 ], [ 114.236410139673424, -8.396711349568568 ], [ 114.236425400253481, -8.39675521805626 ], [ 114.236352919684776, -8.396926880144024 ], [ 114.236310959377846, -8.396991730163455 ], [ 114.236273567004133, -8.397014973595953 ], [ 114.236169815182095, -8.39707946811928 ], [ 114.235997201205308, -8.397048397056562 ], [ 114.235979080389399, -8.397045135317105 ], [ 114.235929488894129, -8.397068023242287 ], [ 114.235842917351874, -8.39718123276665 ], [ 114.23583030680193, -8.397197723337632 ], [ 114.235835053499898, -8.397204478038011 ], [ 114.235879898297199, -8.397268295385425 ], [ 114.235924885028297, -8.397265345287137 ], [ 114.236112594295122, -8.397253036760825 ], [ 114.236055374306474, -8.397502899553928 ], [ 114.236060132682539, -8.397532638171844 ], [ 114.236078261583287, -8.397645950186078 ], [ 114.236246109099184, -8.397659302409643 ], [ 114.236345291191384, -8.397687911446504 ], [ 114.236360549974791, -8.397745133182019 ], [ 114.236363892605993, -8.397807807314274 ], [ 114.236375808758226, -8.398031234671558 ], [ 114.236326218161281, -8.398075104218421 ], [ 114.236219406677378, -8.398139954424677 ], [ 114.236209491971564, -8.398138127516573 ], [ 114.236146927006956, -8.398126602185007 ], [ 114.236104965801744, -8.398090361960588 ], [ 114.235927461396543, -8.398043651063379 ], [ 114.235815048018537, -8.398014068686063 ], [ 114.235803605278434, -8.39808654821042 ], [ 114.235757828029875, -8.398164749745129 ], [ 114.23575401288484, -8.398252487045266 ], [ 114.235784531349992, -8.398424148863995 ], [ 114.235757554043701, -8.398459425855798 ], [ 114.235734939854723, -8.398488998213141 ], [ 114.235677719866089, -8.398509978887176 ], [ 114.235589128911087, -8.398510769420941 ], [ 114.235513202404945, -8.39851144754355 ], [ 114.235250473032124, -8.39851379355531 ], [ 114.235077962361586, -8.398571297808218 ], [ 114.234964371292222, -8.398609162098154 ], [ 114.234597345718285, -8.398670760691589 ], [ 114.234418869335954, -8.398700714166043 ], [ 114.23430504200968, -8.398689647602174 ], [ 114.234144211234465, -8.398674010563486 ], [ 114.23404121399723, -8.398603439180691 ], [ 114.233930588266645, -8.398180008404632 ], [ 114.233975629794969, -8.398140895753022 ], [ 114.234010882381682, -8.398110284304767 ], [ 114.233964031646352, -8.398021869828076 ], [ 114.233930587368306, -8.39795875607116 ], [ 114.233804702854286, -8.397830963058968 ], [ 114.233755112257356, -8.397729873625257 ], [ 114.233766554997445, -8.397651673089785 ], [ 114.233797072564272, -8.397607802675614 ], [ 114.233831406174446, -8.397563934094094 ], [ 114.233903884946486, -8.397527694834739 ], [ 114.233873367379658, -8.39740753218971 ], [ 114.233774185287473, -8.39743995678025 ], [ 114.233724593792189, -8.397476196031628 ], [ 114.233690261080369, -8.397468566715272 ], [ 114.233617782308286, -8.397491453750861 ], [ 114.23353767324619, -8.397548676372088 ], [ 114.233545302637907, -8.397605896259794 ], [ 114.233633041990004, -8.397684096786277 ], [ 114.233640671381721, -8.397727966294939 ], [ 114.233339309960115, -8.397729873625257 ], [ 114.233236311824584, -8.397672652805833 ], [ 114.233205795156053, -8.397630690633113 ], [ 114.233236311824584, -8.397550583701548 ], [ 114.233011245218322, -8.397417068833711 ], [ 114.23287391706593, -8.39743995678025 ], [ 114.232664108344792, -8.397298812636381 ], [ 114.23263358987964, -8.397233962566984 ], [ 114.232664108344792, -8.397182464715733 ], [ 114.232748031653571, -8.397109986269685 ], [ 114.232656478953089, -8.397026062047122 ], [ 114.232591628674427, -8.397083281859803 ], [ 114.232439040840248, -8.396970748655432 ], [ 114.232423782056813, -8.396913528858905 ], [ 114.232442855985255, -8.396726608172438 ], [ 114.232213974234028, -8.396606444854994 ], [ 114.232225417872414, -8.39652061524173 ], [ 114.232370377213172, -8.396368026566497 ], [ 114.232339859646345, -8.396289825384301 ], [ 114.232263564830959, -8.396194458310326 ], [ 114.232309341181221, -8.396160124670464 ], [ 114.232576369890992, -8.396287918060882 ], [ 114.233179092734233, -8.3969287865566 ], [ 114.233522415361094, -8.397218703943695 ], [ 114.233751297112349, -8.397249222104762 ], [ 114.233752348141223, -8.397247238008392 ], [ 114.233785628925887, -8.397184372043434 ], [ 114.233786634140671, -8.397177838509323 ], [ 114.233793258317561, -8.397134780612154 ], [ 114.233777998635844, -8.39706992965554 ], [ 114.233690261978694, -8.397006987864151 ], [ 114.233255386651322, -8.396480559600718 ], [ 114.233182906980943, -8.396465301920172 ], [ 114.232950210084667, -8.396352767976362 ], [ 114.232900618589412, -8.396289825384301 ], [ 114.232919693416179, -8.396074295153298 ], [ 114.232912064024461, -8.395967484199396 ], [ 114.232807857654862, -8.395868125261952 ], [ 114.232583999282696, -8.395654678963057 ], [ 114.232446671130262, -8.395597458441536 ], [ 114.231824875256905, -8.395086288752735 ], [ 114.231885911288899, -8.394777297926268 ], [ 114.231920242204097, -8.394290924368494 ], [ 114.231930229673424, -8.394242652057841 ], [ 114.231954574915946, -8.394124985354924 ], [ 114.231802230525204, -8.393658664488456 ], [ 114.231798171936759, -8.393646240008108 ], [ 114.231645584102623, -8.39339637780432 ], [ 114.23159980775236, -8.393274307267689 ], [ 114.231629440478656, -8.393087081217198 ], [ 114.231641769855912, -8.393009185920874 ], [ 114.231693714937194, -8.392952911664588 ], [ 114.231697201298843, -8.39294913543344 ], [ 114.231847763432015, -8.392786026408718 ], [ 114.231985093381098, -8.392791748328763 ], [ 114.232004166411201, -8.3925838473836 ], [ 114.231779098906657, -8.392313003668647 ], [ 114.23176384012325, -8.392141341739523 ], [ 114.231821061010208, -8.392082214418867 ], [ 114.23188591039056, -8.392040252834521 ], [ 114.232152939100331, -8.391908646200502 ], [ 114.232194967679234, -8.391871467055525 ], [ 114.232202529697304, -8.391864777332145 ], [ 114.232211667360374, -8.391863946600116 ], [ 114.232286453006068, -8.391857147209274 ], [ 114.232362746923158, -8.392005919552361 ], [ 114.232437034003894, -8.392041206943015 ], [ 114.232439040840248, -8.39204216013762 ], [ 114.232599258066102, -8.391998292168479 ], [ 114.232599258066102, -8.391933441133419 ], [ 114.232664108344792, -8.391897202385831 ], [ 114.232812881932261, -8.391838074187467 ], [ 114.232927321909557, -8.391838074187467 ], [ 114.232934951301274, -8.39188766404606 ], [ 114.233087540033736, -8.392023086193067 ], [ 114.233221053939488, -8.392200469982857 ], [ 114.233106613962192, -8.392322540190792 ], [ 114.232954999901764, -8.392424879379691 ], [ 114.232954025229674, -8.392425537386192 ], [ 114.232960841646062, -8.392440873507359 ], [ 114.23299980068164, -8.392528533694287 ], [ 114.233083723990404, -8.392499924113761 ], [ 114.233182906980943, -8.392398834203963 ], [ 114.233232499374495, -8.392398834203963 ], [ 114.233346939351804, -8.392318725581909 ], [ 114.23331642088668, -8.392225265847802 ], [ 114.233329920768767, -8.392174639587649 ], [ 114.233331679670073, -8.392168043990617 ], [ 114.233361925945715, -8.392151457668442 ], [ 114.233568190813017, -8.392038346445315 ], [ 114.233648299875114, -8.39197158810096 ], [ 114.233789444070894, -8.391899108774352 ], [ 114.233819961637721, -8.391849518914336 ], [ 114.233877181626369, -8.391805649138586 ], [ 114.233933143973616, -8.391775269392539 ], [ 114.234010696430403, -8.391733168928239 ], [ 114.234079360955775, -8.391775131394173 ], [ 114.234121323059327, -8.39189720055804 ], [ 114.234216690006519, -8.391996383951685 ], [ 114.234441835664512, -8.392040501414506 ], [ 114.234498978398051, -8.392051695739392 ] ] ] } },
{ "type": "Feature", "properties": { "fid": 154, "class_id": 1, "class_name": "Sawah", "source": "Kementan", "source_class": "Gresik", "kode": "VALID", "alasan": "", "n_valid": 2253, "n_nodata": 10102, "status_v5": "ok" }, "geometry": { "type": "Polygon", "coordinates": [ [ [ 112.556202570746052, -7.391280491991696 ], [ 112.556204427563742, -7.391317227111658 ], [ 112.556204795873001, -7.391324520160699 ], [ 112.556203841862171, -7.391329821958518 ], [ 112.556188583078779, -7.391414641614591 ], [ 112.55617141717201, -7.391512392572521 ], [ 112.556169510048633, -7.39152132129613 ], [ 112.556162628055233, -7.391553542383275 ], [ 112.556160926646115, -7.391561508304347 ], [ 112.556160314893418, -7.391562827600206 ], [ 112.556147336932483, -7.391590832778443 ], [ 112.556142807626813, -7.391600607603558 ], [ 112.556127547945096, -7.391632080153094 ], [ 112.556066512811427, -7.39175033632409 ], [ 112.556055069173041, -7.391778945089769 ], [ 112.556041718411279, -7.391811370426338 ], [ 112.556041718411279, -7.391844749451694 ], [ 112.556045534454611, -7.391863832299038 ], [ 112.556049346904658, -7.391882896912259 ], [ 112.556070327956434, -7.391960143706225 ], [ 112.556081770696537, -7.392013549253758 ], [ 112.556093216131586, -7.392065048345435 ], [ 112.556114197183362, -7.392151832953273 ], [ 112.556121826575037, -7.39218235003038 ], [ 112.556142806728516, -7.392220019763957 ], [ 112.556173324295344, -7.392242432326938 ], [ 112.556215286398896, -7.392261505161798 ], [ 112.556234359428998, -7.392527580363558 ], [ 112.556234359428998, -7.39253997830656 ], [ 112.556234359428998, -7.39256286590584 ], [ 112.556234359428998, -7.392576216626064 ], [ 112.55623213430205, -7.392601807559026 ], [ 112.556230545182316, -7.392620087188488 ], [ 112.556222915790613, -7.392663955019906 ], [ 112.556211472152185, -7.392742156547006 ], [ 112.556196213368793, -7.392841339235633 ], [ 112.556194306245459, -7.392869948981875 ], [ 112.556209565028851, -7.392900466107301 ], [ 112.556256293593293, -7.392905234550795 ], [ 112.556329727274516, -7.392898559641669 ], [ 112.556390762408185, -7.392892836597818 ], [ 112.556436538758447, -7.39289093013221 ], [ 112.556472777695319, -7.392888069066201 ], [ 112.556503296160443, -7.392887116289277 ], [ 112.55653381372727, -7.392888069066201 ], [ 112.556570052664171, -7.39289093013221 ], [ 112.556764601703563, -7.392906189151249 ], [ 112.557057721980769, -7.392927813085834 ], [ 112.55712373198449, -7.392932682733679 ], [ 112.557928085286505, -7.392992020231146 ], [ 112.559305190938971, -7.393085479928136 ], [ 112.559339522752509, -7.393087387306309 ], [ 112.559385300001068, -7.393089293772733 ], [ 112.560232161582334, -7.393123626581303 ], [ 112.560338973964548, -7.393127442249724 ], [ 112.560373306676411, -7.393129348716318 ], [ 112.560444514332332, -7.393131257006424 ], [ 112.560485840428683, -7.393138407851828 ], [ 112.560506820582148, -7.39316749628493 ], [ 112.560504914357111, -7.393203734654585 ], [ 112.560499191190445, -7.39326858462201 ], [ 112.56049537694372, -7.393304824823239 ], [ 112.56048774665372, -7.393394469825747 ], [ 112.560369492429714, -7.395032882570308 ], [ 112.560365677284707, -7.395103454047508 ], [ 112.560358047892976, -7.395185470769296 ], [ 112.560356140769642, -7.395215988050555 ], [ 112.560359319009109, -7.395246506245618 ], [ 112.560382207184219, -7.395264942803218 ], [ 112.560409332712538, -7.395269181543063 ], [ 112.560422898171637, -7.395271301368875 ], [ 112.560514449973837, -7.395277024442745 ], [ 112.560575485107535, -7.395282744781423 ], [ 112.561159134022319, -7.395326613782183 ], [ 112.561689377195194, -7.3953666689234 ], [ 112.561750412328848, -7.395372390174971 ], [ 112.561841965029373, -7.395380019726175 ], [ 112.561857227406023, -7.395380401750794 ], [ 112.5618801128862, -7.395380974331836 ], [ 112.561909358438612, -7.395364125131898 ], [ 112.561918258048109, -7.395317553691212 ], [ 112.561925888338138, -7.395223616687375 ], [ 112.561929702584848, -7.395151137804617 ], [ 112.561979293181778, -7.394554137964947 ], [ 112.561983108326785, -7.394491196109493 ], [ 112.561990737718503, -7.39443016073485 ], [ 112.562055587098854, -7.393762588741454 ], [ 112.562063217388868, -7.393699646084124 ], [ 112.562070845882289, -7.393607139038997 ], [ 112.562081338204791, -7.393563270204585 ], [ 112.56210899373913, -7.393547058385138 ], [ 112.562139511305958, -7.393550873145369 ], [ 112.562139537357112, -7.393550879527621 ], [ 112.562219620368055, -7.393569946947001 ], [ 112.562273025211695, -7.393581391228369 ], [ 112.56236076276717, -7.393600464119528 ], [ 112.562532425428088, -7.393636703435532 ], [ 112.562570572386633, -7.393646240338053 ], [ 112.562604904200171, -7.393655777240774 ], [ 112.562635421766984, -7.393667220612553 ], [ 112.563165664939859, -7.393857955978663 ], [ 112.563184737969976, -7.393863678122938 ], [ 112.563194275383339, -7.39386653919511 ], [ 112.563207628840033, -7.393870672158856 ], [ 112.563234330363557, -7.393878936262959 ], [ 112.563276290670487, -7.393890380552118 ], [ 112.563478469999879, -7.393938064181655 ], [ 112.564531326953897, -7.394189834995771 ], [ 112.564573288159153, -7.394199370998168 ], [ 112.564600005852327, -7.394205095882015 ], [ 112.564613343139357, -7.394207954221084 ], [ 112.564661025714628, -7.394216538355905 ], [ 112.566202162839659, -7.394493102581829 ], [ 112.566297530685148, -7.394510269038929 ], [ 112.566398620799021, -7.394527434584931 ], [ 112.566438675779224, -7.394543169593358 ], [ 112.56645066918658, -7.394581099372258 ], [ 112.566451391432082, -7.394583384221903 ], [ 112.56645011941761, -7.394592288388668 ], [ 112.566446304272603, -7.394618988125504 ], [ 112.566438674880899, -7.394681930910449 ], [ 112.566431044590885, -7.394742966318983 ], [ 112.566385269138962, -7.395090103252877 ], [ 112.566377639747245, -7.395133972235006 ], [ 112.566368871291786, -7.395211576078158 ], [ 112.566368103232193, -7.395218372284471 ], [ 112.566370964366385, -7.395270346763443 ], [ 112.566397984791806, -7.395301818655911 ], [ 112.566403995419392, -7.395306673741199 ], [ 112.566431044590885, -7.395328521169784 ], [ 112.566518783942996, -7.395387172430547 ], [ 112.566551844640401, -7.395416894676475 ], [ 112.566560746046576, -7.395444870004859 ], [ 112.566560746046576, -7.395450592169166 ], [ 112.566560746046576, -7.39546775775077 ], [ 112.566560746046576, -7.395479202080028 ], [ 112.566553115756534, -7.395570754901041 ], [ 112.566545487263141, -7.395658492962539 ], [ 112.566543580139808, -7.395697592614995 ], [ 112.566532134704758, -7.395734786705018 ], [ 112.566503525159604, -7.39578437791804 ], [ 112.566457747911031, -7.395845412563237 ], [ 112.566427231242514, -7.395889281618442 ], [ 112.566343307933707, -7.396005629685679 ], [ 112.566328048251975, -7.396028519283406 ], [ 112.566322326881931, -7.396037101629191 ], [ 112.566291809315103, -7.396072387444575 ], [ 112.566183089809556, -7.396190642950033 ], [ 112.566151619130196, -7.39622306769031 ], [ 112.566141997275196, -7.396231390189611 ], [ 112.566130445838951, -7.396241381200697 ], [ 112.566116334204153, -7.396253585953176 ], [ 112.566076279223935, -7.396282195914713 ], [ 112.566003798655231, -7.396333694579448 ], [ 112.565946578666569, -7.39637565628989 ], [ 112.565858841111094, -7.396438599318723 ], [ 112.565828322645942, -7.396460533418619 ], [ 112.565790176585736, -7.39647769903846 ], [ 112.565771103555619, -7.396482467519577 ], [ 112.565748215380509, -7.396488189696984 ], [ 112.565740585988792, -7.39649009708947 ], [ 112.56563377360655, -7.396507262710434 ], [ 112.565511704237537, -7.396528244029077 ], [ 112.565470746450472, -7.396534668258857 ], [ 112.565463065854786, -7.396535872687982 ], [ 112.565422057762092, -7.396540641169708 ], [ 112.565370560041785, -7.396545409651485 ], [ 112.565229415846034, -7.39655685400796 ], [ 112.565195084032496, -7.396558762312481 ], [ 112.565158844197327, -7.396563529882695 ], [ 112.565113067847065, -7.396573066846782 ], [ 112.56493186867111, -7.396617888757164 ], [ 112.564558029375718, -7.396711350113307 ], [ 112.564496994242063, -7.396726608349164 ], [ 112.564420700324973, -7.396745682284392 ], [ 112.564385413602281, -7.396755218340557 ], [ 112.564357122060741, -7.396777470658646 ], [ 112.564346314429557, -7.396809578149766 ], [ 112.564344406407884, -7.39682818162231 ], [ 112.56434249928455, -7.396846771419271 ], [ 112.564332961871173, -7.396996021376453 ], [ 112.564324061363365, -7.397042592077812 ], [ 112.564293543796509, -7.397062302432478 ], [ 112.564256667954112, -7.397066116310529 ], [ 112.564165115253601, -7.397069931100367 ], [ 112.564077377698112, -7.397073745890247 ], [ 112.563985824997644, -7.397077560680151 ], [ 112.563947677140774, -7.397079467163352 ], [ 112.563881873749594, -7.397083281953305 ], [ 112.563837052308472, -7.397080102657758 ], [ 112.563819886401703, -7.397043705332628 ], [ 112.563820619427005, -7.397029582223041 ], [ 112.56382179262674, -7.397006987983869 ], [ 112.56384468080185, -7.39682006881597 ], [ 112.5638484959469, -7.396791457908721 ], [ 112.563837051410175, -7.396760941433161 ], [ 112.563802718698298, -7.396753310946962 ], [ 112.56377220202981, -7.396755219252312 ], [ 112.563699723257727, -7.396759034039532 ], [ 112.563646315719154, -7.396762847915032 ], [ 112.563299178845597, -7.396780013546324 ], [ 112.5631198876913, -7.396789551426727 ], [ 112.56307792738437, -7.396791458820474 ], [ 112.563002467103857, -7.396795272696248 ], [ 112.562993050064762, -7.396795748632932 ], [ 112.562949498841476, -7.39680735255305 ], [ 112.562932968043597, -7.396833419661546 ], [ 112.562931696029167, -7.396844866760556 ], [ 112.562929153796915, -7.396867751841878 ], [ 112.562925338651908, -7.396942139305234 ], [ 112.562921524405198, -7.39698600755482 ], [ 112.562910079868473, -7.397127151128315 ], [ 112.562902449578473, -7.39723825417524 ], [ 112.562895775095896, -7.39728641500586 ], [ 112.562873840931601, -7.397336960086657 ], [ 112.562833785951398, -7.397411346715263 ], [ 112.562795638992853, -7.397480011166075 ], [ 112.562778473086084, -7.397508621205029 ], [ 112.562763214302691, -7.397535323848897 ], [ 112.562730788714191, -7.397558211700358 ], [ 112.562688828407261, -7.397575379185282 ], [ 112.562623978128599, -7.397602080921327 ], [ 112.562589645416736, -7.397615432701694 ], [ 112.562482833932819, -7.397657393619037 ], [ 112.562459945757695, -7.397665024120465 ], [ 112.562448501220985, -7.397668838915344 ], [ 112.562404632892395, -7.397673128736105 ], [ 112.562364577912177, -7.397665024120465 ], [ 112.562276840356702, -7.397640227954518 ], [ 112.562177658264503, -7.397611617907264 ], [ 112.562098481653663, -7.397590442334068 ], [ 112.562095642977368, -7.397589682839909 ], [ 112.562051815971316, -7.397579203096986 ], [ 112.562051772852158, -7.397579193067651 ], [ 112.562017441038648, -7.397578239369114 ], [ 112.561986922573496, -7.397583006950051 ], [ 112.561952590759958, -7.397592544847345 ], [ 112.561910628656406, -7.397602080921327 ], [ 112.561876296842868, -7.397611617907264 ], [ 112.56184578017438, -7.397620201194779 ], [ 112.561838149884366, -7.39762306229065 ], [ 112.561822891100931, -7.397628783570698 ], [ 112.561815261709214, -7.397631644666624 ], [ 112.561777114750669, -7.39764976494126 ], [ 112.561628342061539, -7.397712708147021 ], [ 112.561607915270272, -7.397722921659699 ], [ 112.561590195102994, -7.397731781211998 ], [ 112.561532974216007, -7.397756577382943 ], [ 112.561506089436207, -7.39776711274721 ], [ 112.561497689289979, -7.397770404193815 ], [ 112.561448097794724, -7.39776945140664 ], [ 112.561410904847008, -7.397740362678266 ], [ 112.561346053670007, -7.397676467593442 ], [ 112.561332754112243, -7.397658064672815 ], [ 112.561318716139311, -7.397638638760667 ], [ 112.56131778458635, -7.397636759627841 ], [ 112.561300277319788, -7.397601445426192 ], [ 112.561292647928056, -7.397562981104597 ], [ 112.56127739004296, -7.397476196372786 ], [ 112.561262131259525, -7.397369383997178 ], [ 112.561244965352799, -7.397269725292575 ], [ 112.561243057331126, -7.397262544294026 ], [ 112.561233519917749, -7.397226651155853 ], [ 112.561194627357509, -7.397218316785443 ], [ 112.561193465835856, -7.397218067875792 ], [ 112.561188562831049, -7.397219521216374 ], [ 112.561159134022319, -7.397228241260016 ], [ 112.561101913135346, -7.39724922170028 ], [ 112.561029434363306, -7.397275924328865 ], [ 112.560998915898139, -7.397285462219696 ], [ 112.560979844664658, -7.397294998287215 ], [ 112.560972215272955, -7.397298813078981 ], [ 112.560937880764484, -7.39731216393866 ], [ 112.560510635727155, -7.397502899014743 ], [ 112.560472487870285, -7.397520064674059 ], [ 112.560426712418362, -7.397541046039596 ], [ 112.560413254757066, -7.397547774810773 ], [ 112.560316085789424, -7.397596359641615 ], [ 112.560308456397721, -7.397600174435915 ], [ 112.560262680945783, -7.397626400235861 ], [ 112.560237455354297, -7.397648286981827 ], [ 112.560230255357297, -7.397654533434706 ], [ 112.560207367182187, -7.397679327777912 ], [ 112.560159682810252, -7.397741318200663 ], [ 112.560110092213321, -7.397803305896608 ], [ 112.560090326582127, -7.397831654281373 ], [ 112.560085932023753, -7.397837957265786 ], [ 112.560075760399783, -7.397871971318568 ], [ 112.560077668421442, -7.39790439526737 ], [ 112.560085296914835, -7.397936821042009 ], [ 112.560098647676597, -7.397998809676456 ], [ 112.560106277068314, -7.3980379113543 ], [ 112.560105005952195, -7.398072560917893 ], [ 112.560075760399783, -7.398090362094604 ], [ 112.56006813100808, -7.398092269493826 ], [ 112.56004524193466, -7.398097991691555 ], [ 112.559976578307584, -7.398107527776173 ], [ 112.559930801059025, -7.39811515828517 ], [ 112.559886650659436, -7.398122517090191 ], [ 112.559713362946184, -7.398151397962069 ], [ 112.559667586595936, -7.398159026648292 ], [ 112.559034347084165, -7.39825820961022 ], [ 112.558992385878938, -7.398265839210005 ], [ 112.558824539261366, -7.398292540986719 ], [ 112.558790207447828, -7.398298264098734 ], [ 112.558712372920027, -7.398311541135363 ], [ 112.558709145273227, -7.398312091837899 ], [ 112.558708640420008, -7.398312287866117 ], [ 112.558669408296623, -7.39832750877374 ], [ 112.558669408296623, -7.398363113883174 ], [ 112.55867220565041, -7.398369217199696 ], [ 112.558683395065586, -7.398393631378368 ], [ 112.558713912632413, -7.398468018180404 ], [ 112.558771134417725, -7.398590088201771 ], [ 112.558802952745083, -7.398660796085013 ], [ 112.55880546623122, -7.398666380614176 ], [ 112.558808258195143, -7.398676293267584 ], [ 112.558818180985782, -7.398711522759323 ], [ 112.558801651086213, -7.398735999867876 ], [ 112.558774385420733, -7.398745948081447 ], [ 112.558766366160199, -7.398748873919387 ], [ 112.558756711067531, -7.398751899139194 ], [ 112.55869483960231, -7.398771285893376 ], [ 112.558652876600462, -7.39878463770819 ], [ 112.558488846026194, -7.398836135745496 ], [ 112.558244704593235, -7.398916243916472 ], [ 112.558202743387994, -7.39893150313831 ], [ 112.558122635224237, -7.398957252164585 ], [ 112.558111191585809, -7.398960112357139 ], [ 112.558095931904077, -7.39896392716292 ], [ 112.558088303410699, -7.398965834565827 ], [ 112.558053969800525, -7.398958842274821 ], [ 112.558024116987013, -7.398926776572412 ], [ 112.558019638885312, -7.398921966124606 ], [ 112.558018113545984, -7.398919551783116 ], [ 112.55794661483587, -7.398806344893341 ], [ 112.55792808618483, -7.39877700809967 ], [ 112.557907900142069, -7.398746199727212 ], [ 112.557903925096937, -7.398740132876013 ], [ 112.557900227631208, -7.398737305508209 ], [ 112.557866097040332, -7.398711203643335 ], [ 112.557823517794176, -7.398709566122445 ], [ 112.557791711144915, -7.39870834345235 ], [ 112.55774879503052, -7.398693085149776 ], [ 112.557722091710389, -7.398677825935965 ], [ 112.557638169299906, -7.398624419603412 ], [ 112.557620830018308, -7.398609681918482 ], [ 112.557612737095894, -7.39860280360294 ], [ 112.557587623793836, -7.398565291985212 ], [ 112.557586669782992, -7.3985166550802 ], [ 112.557592392051362, -7.398443221970533 ], [ 112.557600021443079, -7.398389815665622 ], [ 112.557603835689761, -7.398344039879872 ], [ 112.557607650834768, -7.398273467898153 ], [ 112.557616234237287, -7.398231506012003 ], [ 112.557639440416054, -7.3982054388231 ], [ 112.557682990741029, -7.398197649666528 ], [ 112.557690151212171, -7.398197173728368 ], [ 112.557847977122734, -7.398186683030294 ], [ 112.557858784753932, -7.398185729330478 ], [ 112.557880401812909, -7.398183822842621 ], [ 112.557912825604774, -7.398173014852769 ], [ 112.557928085286505, -7.39814758225137 ], [ 112.557929691474257, -7.398132723318029 ], [ 112.557931900431512, -7.398112297186192 ], [ 112.557935714678223, -7.398038864142046 ], [ 112.55793952982323, -7.397985458796551 ], [ 112.557940947364742, -7.397968446295023 ], [ 112.55794334406994, -7.397939682139879 ], [ 112.557947159214947, -7.397857188981962 ], [ 112.557932854442356, -7.397803942303791 ], [ 112.557891846349634, -7.397787093925536 ], [ 112.557790756235761, -7.397771835653988 ], [ 112.557641982648306, -7.397745132084431 ], [ 112.557558177018819, -7.397731663595213 ], [ 112.557535172062714, -7.397727966416587 ], [ 112.557493845966377, -7.397712070828218 ], [ 112.557477951175727, -7.397684097183426 ], [ 112.5574798591974, -7.397648811242575 ], [ 112.557489394814127, -7.397558211700358 ], [ 112.557497025104169, -7.397478103769431 ], [ 112.557501370255196, -7.397432476692214 ], [ 112.557504653597562, -7.397397994940906 ], [ 112.557513543325598, -7.397312217732333 ], [ 112.557514191010938, -7.397305964901875 ], [ 112.557516098134272, -7.397295594576364 ], [ 112.557521820402613, -7.397264479954244 ], [ 112.557523281961608, -7.397263469727435 ], [ 112.557554245991113, -7.397242068966526 ], [ 112.557592392051362, -7.397237778238088 ], [ 112.557664870823416, -7.397239684721966 ], [ 112.557706832926968, -7.397239684721966 ], [ 112.557878494689575, -7.397239684721966 ], [ 112.557991028441833, -7.397239684721966 ], [ 112.558034461985827, -7.397237850266887 ], [ 112.558036167886542, -7.397237778238088 ], [ 112.558037594411203, -7.397237439976243 ], [ 112.558084488265692, -7.397226332952668 ], [ 112.558130263717615, -7.397211074699996 ], [ 112.558332443945346, -7.397142410289916 ], [ 112.558338582133672, -7.397140730833887 ], [ 112.558382988553134, -7.397128580762936 ], [ 112.558423995747532, -7.397125243733147 ], [ 112.558467865872757, -7.397130965918667 ], [ 112.558481217532815, -7.397132873313851 ], [ 112.558561324798276, -7.397144316773401 ], [ 112.558691025355628, -7.397165299033291 ], [ 112.558795928817887, -7.397182463768067 ], [ 112.558831025097717, -7.397186278558885 ], [ 112.558839798044758, -7.397187232256597 ], [ 112.558841531793263, -7.397186972405882 ], [ 112.558877945003303, -7.39718151098212 ], [ 112.558908462570145, -7.397165298121535 ], [ 112.558938980136958, -7.397145271382781 ], [ 112.558969497703799, -7.397125243733147 ], [ 112.558996201023945, -7.397096156869634 ], [ 112.559001923292286, -7.397057533033507 ], [ 112.558996201023945, -7.397027969325656 ], [ 112.558984755588895, -7.396974563187518 ], [ 112.558974265961325, -7.396916866330267 ], [ 112.558959961188734, -7.396873473112384 ], [ 112.558931351643579, -7.396848677901504 ], [ 112.558895110910072, -7.396834373358507 ], [ 112.558828354406373, -7.39681243924052 ], [ 112.558691025355628, -7.396766661790566 ], [ 112.558641433860373, -7.396746635069422 ], [ 112.558603286901828, -7.396708964959783 ], [ 112.558580397828393, -7.396668433763413 ], [ 112.558507919056311, -7.396514893192489 ], [ 112.55849647631625, -7.396486282304503 ], [ 112.558479310409481, -7.396457672330086 ], [ 112.558450699067649, -7.396444320583822 ], [ 112.558422088624198, -7.396440505799246 ], [ 112.558416367254154, -7.396440505799246 ], [ 112.558393479079001, -7.396440505799246 ], [ 112.558340073337064, -7.396440505799246 ], [ 112.558294296088519, -7.396438599318723 ], [ 112.558073043728953, -7.396434783622442 ], [ 112.558019637986988, -7.396434783622442 ], [ 112.557946206102429, -7.396432876230188 ], [ 112.557898839734136, -7.396427789546976 ], [ 112.557878494689575, -7.396407127347335 ], [ 112.557862281895325, -7.396365164722221 ], [ 112.557847977122734, -7.396301269831252 ], [ 112.557840346832691, -7.396265030302275 ], [ 112.557817458657581, -7.396169662558767 ], [ 112.557798385627478, -7.39607238835633 ], [ 112.557775496554029, -7.395984650214726 ], [ 112.557771683205658, -7.395961761530967 ], [ 112.55776977608231, -7.395950317189527 ], [ 112.557780583713495, -7.395914714093128 ], [ 112.557814916425329, -7.395912806703071 ], [ 112.557901381966388, -7.39592361463903 ], [ 112.55793952982323, -7.395927430331005 ], [ 112.558126448572608, -7.395948409799312 ], [ 112.55816841067616, -7.395952224579742 ], [ 112.558204651409667, -7.395956040271968 ], [ 112.558240891244864, -7.395957946750455 ], [ 112.558641433860373, -7.395978927131924 ], [ 112.558813094724655, -7.395988464995464 ], [ 112.55882072411633, -7.395988464995464 ], [ 112.558843613189765, -7.395988464995464 ], [ 112.558853149704831, -7.395988464995464 ], [ 112.558876310967818, -7.395985058680735 ], [ 112.558885575293317, -7.395983695607795 ], [ 112.558921815128528, -7.395976066046431 ], [ 112.559030531939158, -7.395946502409101 ], [ 112.559125899784675, -7.395921707248927 ], [ 112.559171677033234, -7.395910262908494 ], [ 112.559249878073658, -7.39589118900841 ], [ 112.559288979043018, -7.395877361343109 ], [ 112.559322357744037, -7.395855903207127 ], [ 112.559338849016015, -7.395824885329767 ], [ 112.559342384784998, -7.395818234083261 ], [ 112.559345430972115, -7.395810710288161 ], [ 112.55937385636264, -7.395740508872987 ], [ 112.559406280154519, -7.395657539268045 ], [ 112.559419631814563, -7.395617803214938 ], [ 112.559423446061288, -7.395585060315917 ], [ 112.559423446061288, -7.395578385367334 ], [ 112.559423446061288, -7.395565032735216 ], [ 112.559423446061288, -7.395556450398368 ], [ 112.559419631814563, -7.3954486838693 ], [ 112.559415816669556, -7.395385741889664 ], [ 112.559400557886164, -7.394874573177317 ], [ 112.559396743639454, -7.394783019585138 ], [ 112.559392929392772, -7.394681453152471 ], [ 112.559383392877692, -7.394635676829444 ], [ 112.559345881028065, -7.394615173356291 ], [ 112.559340594442602, -7.394614352779735 ], [ 112.559309006083978, -7.394609451202525 ], [ 112.559228897021882, -7.394599914279745 ], [ 112.559148788858124, -7.39458846997267 ], [ 112.558172225821153, -7.39445114104562 ], [ 112.558099747049084, -7.394441605037919 ], [ 112.558019637986988, -7.394432068118678 ], [ 112.557984353060974, -7.394423960825723 ], [ 112.557956695729985, -7.394402503670277 ], [ 112.557957429653598, -7.394371326335881 ], [ 112.557957649740814, -7.394361972680106 ], [ 112.557958602853333, -7.394356560524946 ], [ 112.557973860738429, -7.394269943257394 ], [ 112.55798912042016, -7.394180298081817 ], [ 112.557998657833537, -7.394106864762843 ], [ 112.55800056495687, -7.394058227424431 ], [ 112.55796623224505, -7.394031524985366 ], [ 112.557954788606665, -7.394029617603223 ], [ 112.557931900431512, -7.394025801927217 ], [ 112.557870865297858, -7.394016265928464 ], [ 112.557825088049299, -7.394010542870507 ], [ 112.557546615701099, -7.393964766615215 ], [ 112.557481766320734, -7.393955230617745 ], [ 112.557420731187094, -7.393945693708725 ], [ 112.557378769083542, -7.39393663273359 ], [ 112.557350158640048, -7.393915175601215 ], [ 112.55735131926339, -7.393897183120885 ], [ 112.557352065763382, -7.393885612098265 ], [ 112.557355880908432, -7.393856048597251 ], [ 112.557371138793528, -7.393785476402446 ], [ 112.557397842113645, -7.393636703435532 ], [ 112.557416916042087, -7.393548965765252 ], [ 112.557420731187094, -7.393515269325641 ], [ 112.55741310089708, -7.393480935575665 ], [ 112.557388305598593, -7.393465995649584 ], [ 112.5573596951551, -7.39345550506099 ], [ 112.557291029731431, -7.393434524796286 ], [ 112.55725669881619, -7.393421173139045 ], [ 112.557199478827528, -7.393402100255425 ], [ 112.557092667343625, -7.393365860046423 ], [ 112.557060842728049, -7.393355547251233 ], [ 112.55704654424369, -7.393350913741882 ], [ 112.557041168725021, -7.393349171389209 ], [ 112.55702782065822, -7.393345834387238 ], [ 112.556985854961411, -7.393335341977926 ], [ 112.556802749560418, -7.393295287927897 ], [ 112.556444168150122, -7.393217087217169 ], [ 112.556383133016467, -7.393203735566332 ], [ 112.556314467592799, -7.393186569158684 ], [ 112.556303790217328, -7.393184393725938 ], [ 112.556280135779261, -7.393179575133321 ], [ 112.556243259936849, -7.393185932757989 ], [ 112.556228638058954, -7.393218039994777 ], [ 112.556219100645606, -7.393247604365953 ], [ 112.556207657007178, -7.393310546960541 ], [ 112.556200027615461, -7.393362045287743 ], [ 112.556150436120234, -7.393606186260562 ], [ 112.556144714750189, -7.393643379267278 ], [ 112.556137721365673, -7.393667856102174 ], [ 112.556133271111761, -7.393683433348052 ], [ 112.556119918553364, -7.393726349415393 ], [ 112.556074143101441, -7.393863678122938 ], [ 112.555898667092151, -7.394407272129568 ], [ 112.555852889843607, -7.394550324108027 ], [ 112.555841446205221, -7.394577025665894 ], [ 112.555832863700971, -7.394619464059905 ], [ 112.555830002566793, -7.394646077181914 ], [ 112.555828095443445, -7.394663810754443 ], [ 112.555810927740055, -7.394834518079567 ], [ 112.555764438127468, -7.395377362877189 ], [ 112.555753706853068, -7.39550266879115 ], [ 112.555746079258014, -7.395591736176344 ], [ 112.555730819576283, -7.395751953209132 ], [ 112.555727005329587, -7.395788192697091 ], [ 112.555725098206238, -7.395816801717507 ], [ 112.55572319018458, -7.395830021240939 ], [ 112.555718421927054, -7.395863055919007 ], [ 112.555582045988828, -7.396512984888144 ], [ 112.555574417495407, -7.39655410324124 ], [ 112.555573464382931, -7.396559238248926 ], [ 112.555566787205393, -7.396600723132012 ], [ 112.555566787205393, -7.396636962687825 ], [ 112.555551529320297, -7.396787644032979 ], [ 112.555526492375023, -7.397067032625969 ], [ 112.555467606011504, -7.397724151621203 ], [ 112.555467606011504, -7.397760391266837 ], [ 112.55546093063063, -7.397801399410359 ], [ 112.555459977518098, -7.397805743026109 ], [ 112.555452347228098, -7.397840500159415 ], [ 112.555437794520486, -7.397922619493366 ], [ 112.555372238166001, -7.398292540986719 ], [ 112.555360793629291, -7.398353575969665 ], [ 112.555349349990891, -7.398433684967094 ], [ 112.555341719700849, -7.398469289173104 ], [ 112.555322647569071, -7.398503303273278 ], [ 112.555284500610526, -7.3985166550802 ], [ 112.555253982145359, -7.398517607868952 ], [ 112.555173873083277, -7.398521422671008 ], [ 112.555155329160854, -7.398522399165514 ], [ 112.555101394311194, -7.398525238384853 ], [ 112.55446052630603, -7.398557663292153 ], [ 112.554412841934138, -7.398559570693341 ], [ 112.554353713923817, -7.398561477182787 ], [ 112.554079055822342, -7.398561477182787 ], [ 112.554073126941461, -7.3985611808609 ], [ 112.554040907965472, -7.398559570693341 ], [ 112.554006577050259, -7.398559570693341 ], [ 112.5539607998017, -7.398557663292153 ], [ 112.553361892103467, -7.398527145785913 ], [ 112.553327561188254, -7.398525238384853 ], [ 112.553293227578095, -7.398525238384853 ], [ 112.553247452126158, -7.398525238384853 ], [ 112.552465439026932, -7.398542404082891 ], [ 112.552377699674821, -7.398546217973398 ], [ 112.552279821936409, -7.398548125374548 ], [ 112.552279791393687, -7.398548126286307 ], [ 112.552248000914091, -7.398547171673973 ], [ 112.552220345379752, -7.39852857542495 ], [ 112.552213669100553, -7.398481845924739 ], [ 112.552213669100553, -7.398387909176905 ], [ 112.552213669100553, -7.39832496587737 ], [ 112.552211166394173, -7.397954592125361 ], [ 112.55220603970885, -7.397195816447829 ], [ 112.55220603970885, -7.397115706757443 ], [ 112.55220603970885, -7.397033691509948 ], [ 112.55220603970885, -7.397021771204512 ], [ 112.55219968233159, -7.396972655792992 ], [ 112.552171706997001, -7.396952629062749 ], [ 112.552145699871218, -7.3969497679711 ], [ 112.552139918314055, -7.396949131565128 ], [ 112.552133978653373, -7.39694886624401 ], [ 112.552068710658105, -7.396945953182273 ], [ 112.552026748554553, -7.396944045787878 ], [ 112.551782608019892, -7.396930694027287 ], [ 112.551740645916354, -7.396926880150374 ], [ 112.551665203602184, -7.396923064449976 ], [ 112.551655770393353, -7.396922587601401 ], [ 112.551609994043119, -7.396902242670411 ], [ 112.551603318662231, -7.396849347130567 ], [ 112.551599502618927, -7.396819114207275 ], [ 112.551568985052072, -7.396796226393137 ], [ 112.551538468383569, -7.396793365302485 ], [ 112.551443099639741, -7.396787644032979 ], [ 112.551290511805576, -7.39677619967068 ], [ 112.551202775148383, -7.396770476577891 ], [ 112.551162720168207, -7.396763800700098 ], [ 112.551134109724728, -7.396739006406974 ], [ 112.551123619198819, -7.396698474296153 ], [ 112.551122665188004, -7.39669015452355 ], [ 112.551115035796286, -7.396623611848035 ], [ 112.551103592157901, -7.396509170102994 ], [ 112.551095961867844, -7.396429061445711 ], [ 112.551090239599503, -7.396398544082793 ], [ 112.551080703982748, -7.396370887809899 ], [ 112.551052728648173, -7.396358489762159 ], [ 112.551015853704087, -7.396354674978308 ], [ 112.550954817672093, -7.396352767586389 ], [ 112.550927781076993, -7.396351510275956 ], [ 112.550872803283298, -7.396348952802586 ], [ 112.550863265869921, -7.396348952802586 ], [ 112.550848007984811, -7.396348952802586 ], [ 112.550836563448087, -7.396348952802586 ], [ 112.550835292331968, -7.396348952802586 ], [ 112.550821304664694, -7.396348952802586 ], [ 112.550783157706149, -7.396348952802586 ], [ 112.55059623716015, -7.396356582370233 ], [ 112.549962996750068, -7.396379471073926 ], [ 112.549882887687971, -7.396381377554196 ], [ 112.54980278042251, -7.396385193250024 ], [ 112.549772262855697, -7.396386146034296 ], [ 112.549740473274412, -7.396397273095901 ], [ 112.549728393628769, -7.396428107749594 ], [ 112.549726485607138, -7.396457672330086 ], [ 112.54972352386163, -7.396513962290085 ], [ 112.549722672258724, -7.396530152333488 ], [ 112.549718857113717, -7.396575927936044 ], [ 112.54971504196871, -7.396638870992684 ], [ 112.549711227722042, -7.396682740124683 ], [ 112.549707412576993, -7.396736145316675 ], [ 112.549665451371766, -7.397182464679823 ], [ 112.549661636226759, -7.397245407820686 ], [ 112.549660198023986, -7.397260864837554 ], [ 112.549654006835055, -7.397327423106499 ], [ 112.54965019348667, -7.397352688810296 ], [ 112.549648920573915, -7.39736111982945 ], [ 112.549632389776065, -7.397390366267494 ], [ 112.549596785948083, -7.397399265930606 ], [ 112.549566269279566, -7.397399902337214 ], [ 112.549501419000876, -7.397401809733537 ], [ 112.549440383867221, -7.397403717129862 ], [ 112.54922294575438, -7.397409439318898 ], [ 112.549081803355264, -7.397414206898059 ], [ 112.549068465169924, -7.397415635621831 ], [ 112.549061474480382, -7.397416385086377 ], [ 112.549037297222839, -7.397418976300782 ], [ 112.548988342633109, -7.397430419767547 ], [ 112.548849105560706, -7.397476196372786 ], [ 112.548589707140948, -7.397556305215131 ], [ 112.548547745037396, -7.397569656082394 ], [ 112.548509598078851, -7.397581099552966 ], [ 112.548471451120307, -7.397592544847345 ], [ 112.548457654794191, -7.397596277583422 ], [ 112.548147200625223, -7.397680283300173 ], [ 112.54807853699819, -7.397699356363787 ], [ 112.547987938308509, -7.39772319792237 ], [ 112.547950745360794, -7.397739409891155 ], [ 112.547927857185684, -7.397772788441165 ], [ 112.547918318873997, -7.39780998178971 ], [ 112.547906876133908, -7.397888184204443 ], [ 112.547899246742205, -7.39795112561979 ], [ 112.547834397361825, -7.398345948191926 ], [ 112.547807694041708, -7.398496628281729 ], [ 112.547800063751694, -7.398540496681776 ], [ 112.547791949269708, -7.398596090316016 ], [ 112.547790528134939, -7.398605823351215 ], [ 112.547787348098851, -7.398649215823198 ], [ 112.547808965157827, -7.398673374724186 ], [ 112.547839001227686, -7.398677825935965 ], [ 112.547843296971365, -7.398678462344368 ], [ 112.547851187772807, -7.398678971106389 ], [ 112.547922134019004, -7.398683548141079 ], [ 112.547975539760984, -7.398687362944542 ], [ 112.548231124832327, -7.398706436050528 ], [ 112.548265456645865, -7.39870834436411 ], [ 112.548337937214569, -7.398714064746092 ], [ 112.548373222140626, -7.39871740269934 ], [ 112.548406600841616, -7.39874267577471 ], [ 112.548410415986652, -7.398768746641559 ], [ 112.54841232311, -7.398781775693218 ], [ 112.54841423023332, -7.398872376391809 ], [ 112.548418045378327, -7.398944854957854 ], [ 112.548444747800161, -7.399456023701704 ], [ 112.548444747800161, -7.399492264397593 ], [ 112.548444747800161, -7.399518967158344 ], [ 112.548444747800161, -7.399527549570224 ], [ 112.548444747800161, -7.399536132894027 ], [ 112.548444747800161, -7.399572372684564 ], [ 112.548437119306783, -7.400064468060616 ], [ 112.548437119306783, -7.400110244931927 ], [ 112.548437119306783, -7.400123595874434 ], [ 112.548439980440961, -7.401069641033306 ], [ 112.54844056075261, -7.401069228003899 ], [ 112.5484676359753, -7.401049932327866 ], [ 112.548505782933844, -7.401044844681058 ], [ 112.548570633212506, -7.401041030769519 ], [ 112.548616408664444, -7.401037215946252 ], [ 112.548750150742265, -7.401026577476548 ], [ 112.54878425618034, -7.401023864976821 ], [ 112.548936844014477, -7.40101051400778 ], [ 112.548974990973022, -7.40100669918477 ], [ 112.549050629119961, -7.401000581244486 ], [ 112.549061457412407, -7.400999705038741 ], [ 112.549101830396197, -7.401003837155762 ], [ 112.549121857437143, -7.401035307622863 ], [ 112.549123764560491, -7.401056290062926 ], [ 112.549125670785529, -7.401077269768666 ], [ 112.549130200091184, -7.401121421977418 ], [ 112.549137116220578, -7.401188849725409 ], [ 112.549139023343912, -7.401202836199889 ], [ 112.549142837590622, -7.401230811885439 ], [ 112.549173356055746, -7.401269435165517 ], [ 112.549224852877728, -7.401283263907114 ], [ 112.549272457299566, -7.401291515381666 ], [ 112.549367905095139, -7.401308059360647 ], [ 112.549386979023581, -7.401311874186206 ], [ 112.549406052053683, -7.401315688100024 ], [ 112.549434025591623, -7.401336669641305 ], [ 112.54943466159888, -7.401371002162827 ], [ 112.549428939330497, -7.401401519860613 ], [ 112.54940986719869, -7.401479721983447 ], [ 112.549394608415298, -7.401531219415323 ], [ 112.549383162980249, -7.401582717764816 ], [ 112.549362182826798, -7.401669502371391 ], [ 112.549352646311746, -7.401708603454246 ], [ 112.549325942991587, -7.401741027677596 ], [ 112.549297333446432, -7.401754377756398 ], [ 112.549291610279752, -7.401756286082818 ], [ 112.549268723002939, -7.401763915741499 ], [ 112.549207686970959, -7.401782988977009 ], [ 112.549165725765732, -7.401796340880579 ], [ 112.548986434611436, -7.401853562417137 ], [ 112.548866272365771, -7.401893616311735 ], [ 112.548827489400011, -7.401909510223265 ], [ 112.548803330108768, -7.401928900759631 ], [ 112.548797985132822, -7.40193539071316 ], [ 112.548776626788623, -7.401961325910513 ], [ 112.548704147118244, -7.402055740253222 ], [ 112.548589707140948, -7.402199744707174 ], [ 112.548583576139123, -7.402207238520046 ], [ 112.54855537532741, -7.402241706960847 ], [ 112.548528671108954, -7.402267456175252 ], [ 112.548440933553479, -7.402353287204428 ], [ 112.548353195998004, -7.402433395085541 ], [ 112.548318863286141, -7.402459144310839 ], [ 112.548288344821017, -7.402469635107845 ], [ 112.548252105884131, -7.402477263866778 ], [ 112.548166274553665, -7.402490615790812 ], [ 112.548105240318307, -7.402500152879651 ], [ 112.547628401989087, -7.402576446862279 ], [ 112.547470092784906, -7.402600287765729 ], [ 112.547431945826361, -7.402606963729514 ], [ 112.547401428259519, -7.402617453618167 ], [ 112.547369003569329, -7.402630805546335 ], [ 112.547239303011978, -7.402688980897606 ], [ 112.546995163375641, -7.402799605718313 ], [ 112.546892166138434, -7.402847290285268 ], [ 112.546865462818289, -7.402858733889147 ], [ 112.546838761294794, -7.402869223783633 ], [ 112.54680442768462, -7.402878760880442 ], [ 112.546773911016089, -7.402881622009524 ], [ 112.546739578304269, -7.402883530340693 ], [ 112.546667098633876, -7.402885436848334 ], [ 112.546594619861807, -7.402887344267743 ], [ 112.546342849037131, -7.40289306561427 ], [ 112.546281813903477, -7.402894973945479 ], [ 112.545309066909851, -7.402929305673355 ], [ 112.545148848785672, -7.402935027932171 ], [ 112.545103074232046, -7.402936935351797 ], [ 112.545062185615265, -7.402940615249332 ], [ 112.545055389860153, -7.402941227045974 ], [ 112.545052320316827, -7.402941629135874 ], [ 112.545015334879935, -7.4029464733618 ], [ 112.5449810021681, -7.402952193797297 ], [ 112.544927597324445, -7.4029598243879 ], [ 112.544857024777414, -7.402971267082848 ], [ 112.544811567329091, -7.402967771362306 ], [ 112.544803619933774, -7.402914523171731 ], [ 112.544820784942218, -7.402830124424116 ], [ 112.544832228580631, -7.402769088838098 ], [ 112.544904568113836, -7.402390264840117 ], [ 112.544805527057107, -7.402385712385691 ], [ 112.54475212131517, -7.402381896639331 ], [ 112.544672012253088, -7.402379990133816 ], [ 112.544630051047818, -7.402373790115922 ], [ 112.544603347727701, -7.402350425166915 ], [ 112.544595718335998, -7.402316092571157 ], [ 112.544591903190991, -7.402278899764473 ], [ 112.54458808894428, -7.402184963141134 ], [ 112.544575692193376, -7.402131397747731 ], [ 112.544536591224002, -7.402102470122039 ], [ 112.544527054708951, -7.402099608997882 ], [ 112.544507980780509, -7.402093886749612 ], [ 112.544439316255136, -7.402072906085023 ], [ 112.544355392946343, -7.402046204085506 ], [ 112.544283867286808, -7.402024744745644 ], [ 112.544242859194085, -7.402005194646031 ], [ 112.544219971018961, -7.401971815784224 ], [ 112.544218062997302, -7.401934623005808 ], [ 112.544218062997302, -7.401924133132965 ], [ 112.544218062997302, -7.401861191165694 ], [ 112.544218062997302, -7.401817322444121 ], [ 112.544214247852295, -7.401620865133146 ], [ 112.544214247852295, -7.401584626090511 ], [ 112.544214247852295, -7.401512146190412 ], [ 112.544212340728933, -7.40148162757341 ], [ 112.544201533097748, -7.401451746282524 ], [ 112.54417228664704, -7.401438712595258 ], [ 112.544141769080213, -7.401435852387055 ], [ 112.544102530668596, -7.401432037560455 ], [ 112.544095992729964, -7.401431402059949 ], [ 112.544055938648071, -7.401412963427966 ], [ 112.54404258788631, -7.401366650307019 ], [ 112.544040680762976, -7.401360033626257 ], [ 112.544040392403772, -7.401355400035077 ], [ 112.544040239690162, -7.401352937357059 ], [ 112.544034957596295, -7.401268006429595 ], [ 112.544031143349585, -7.401150704216994 ], [ 112.544031143349585, -7.401142120862604 ], [ 112.544031143349585, -7.401115418006188 ], [ 112.544031143349585, -7.401069641033306 ], [ 112.544019698812875, -7.399875641136641 ], [ 112.544019698812875, -7.399803160598195 ], [ 112.543996810637765, -7.398406983182054 ], [ 112.543996810637765, -7.398317337188356 ], [ 112.543996810637765, -7.398225784724355 ], [ 112.543996810637765, -7.398204802415361 ], [ 112.543996810637765, -7.398196220028533 ], [ 112.543989182144372, -7.39816760994618 ], [ 112.543956121446968, -7.398155848256962 ], [ 112.543948163271878, -7.398155211849285 ], [ 112.543939012134075, -7.398154479706942 ], [ 112.543924331865682, -7.398153305361556 ], [ 112.543916702473993, -7.398153305361556 ], [ 112.543844222803585, -7.398153305361556 ], [ 112.543779373423249, -7.398153305361556 ], [ 112.543279647817215, -7.398147583163128 ], [ 112.543218612683532, -7.398145675763674 ], [ 112.54313469027305, -7.398145675763674 ], [ 112.543125152859702, -7.398145675763674 ], [ 112.543085733886699, -7.398135979208704 ], [ 112.543066024849381, -7.398085593596572 ], [ 112.543069839994388, -7.397974014404007 ], [ 112.543073655139409, -7.397855759345041 ], [ 112.543115387274256, -7.396329286243188 ], [ 112.543123244838029, -7.396041870105672 ], [ 112.543127059983036, -7.395992277952727 ], [ 112.543123244838029, -7.395952224579742 ], [ 112.543123244838029, -7.39591598507867 ], [ 112.543111317905996, -7.395535075247154 ], [ 112.543062209704374, -7.393966674908829 ], [ 112.543058396356003, -7.39384078954625 ], [ 112.543054581210953, -7.393737315943729 ], [ 112.543068886881869, -7.393685976218378 ], [ 112.543109894076267, -7.393683433348052 ], [ 112.543142318766471, -7.393690110092228 ], [ 112.543165917508986, -7.393698492720525 ], [ 112.543178558601653, -7.393702983088703 ], [ 112.543212615530692, -7.393723619636101 ], [ 112.543216069552969, -7.393725713013943 ], [ 112.543221392071047, -7.39373074496185 ], [ 112.543251038272018, -7.393758773067697 ], [ 112.543333052660856, -7.393844604308957 ], [ 112.543390274446139, -7.393901824841573 ], [ 112.543417930878775, -7.393926143045864 ], [ 112.543447495333083, -7.393947602002265 ], [ 112.543480873135792, -7.393951891787815 ], [ 112.543485128455288, -7.393951501558649 ], [ 112.543486060008235, -7.393951415854114 ], [ 112.54352760439518, -7.393947602002265 ], [ 112.543596268022256, -7.393939971563406 ], [ 112.543649673764193, -7.393932342948183 ], [ 112.543714523144558, -7.393926620803035 ], [ 112.543802260700033, -7.393917083894626 ], [ 112.5438327791652, -7.393911360837921 ], [ 112.543841582654977, -7.393909306664487 ], [ 112.543861388710354, -7.393904685913975 ], [ 112.543896676331372, -7.393884180650371 ], [ 112.543901645811516, -7.39388064123591 ], [ 112.543928146112378, -7.393861769829759 ], [ 112.543977737607648, -7.393825531407519 ], [ 112.544031143349585, -7.393787383783556 ], [ 112.544439316255136, -7.393487929605675 ], [ 112.544561385624149, -7.393398284584692 ], [ 112.54458808894428, -7.393380165391729 ], [ 112.544623374768676, -7.39336061475325 ], [ 112.544666290883029, -7.393348692720892 ], [ 112.544771194345273, -7.393325805993698 ], [ 112.544858932799087, -7.393306732202334 ], [ 112.546030043977112, -7.39304161023245 ], [ 112.546136856359311, -7.393018722609001 ], [ 112.546243667843243, -7.392992973008289 ], [ 112.546288491080972, -7.392993926697171 ], [ 112.546304702976926, -7.393029213187491 ], [ 112.546304702976926, -7.393037795476504 ], [ 112.546304702976926, -7.393060684012666 ], [ 112.546308518121933, -7.393142700364964 ], [ 112.546308518121933, -7.393222809353365 ], [ 112.546331405398746, -7.394184112847372 ], [ 112.546335219645428, -7.394247054660199 ], [ 112.546335219645428, -7.394329071227077 ], [ 112.546335219645428, -7.394340990549956 ], [ 112.546347618192996, -7.394393920443687 ], [ 112.546382268908431, -7.394410451406371 ], [ 112.546391477538421, -7.394411086897032 ], [ 112.546419142954221, -7.39441299519253 ], [ 112.54648780837789, -7.39441490166453 ], [ 112.546533584728152, -7.394416809048293 ], [ 112.546758652232697, -7.394424437671667 ], [ 112.547033310334186, -7.394435881974601 ], [ 112.547079086684448, -7.394437790270197 ], [ 112.547163009993213, -7.394442557818107 ], [ 112.547201156951758, -7.394440968635464 ], [ 112.547229768293548, -7.394428253351028 ], [ 112.547238031895844, -7.394400915399526 ], [ 112.547239303011978, -7.394392015795275 ], [ 112.547243118156999, -7.394365310601299 ], [ 112.547250746650406, -7.394304276155347 ], [ 112.547258376940405, -7.394250870338067 ], [ 112.54729652389895, -7.393985747816203 ], [ 112.547317504950726, -7.393852233834454 ], [ 112.547325134342444, -7.393817901882475 ], [ 112.547332210371948, -7.393803134266053 ], [ 112.547335579952559, -7.393796101025927 ], [ 112.547339757118635, -7.393787383783556 ], [ 112.547365189322647, -7.393748283384076 ], [ 112.547508239743451, -7.393561362824419 ], [ 112.547536850186887, -7.393525122602693 ], [ 112.547551154959521, -7.393476486238422 ], [ 112.547552108071997, -7.393467144453843 ], [ 112.547552661434239, -7.393461723191867 ], [ 112.547555923217033, -7.393429756347224 ], [ 112.54755973836204, -7.393293380548856 ], [ 112.54755973836204, -7.393213271547992 ], [ 112.54755973836204, -7.393201351343008 ], [ 112.547567366855418, -7.393156688414666 ], [ 112.547588348805547, -7.39313602362885 ], [ 112.547624587742405, -7.393131257006424 ], [ 112.547735214371329, -7.393127442249724 ], [ 112.547933577657389, -7.393119811824667 ], [ 112.547975539760984, -7.393117904446366 ], [ 112.54804039093797, -7.393115997979811 ], [ 112.548077264983732, -7.39311218322324 ], [ 112.548103333194973, -7.393098830663745 ], [ 112.548109054565003, -7.393067678036193 ], [ 112.548105240318307, -7.393033980720585 ], [ 112.548097610028293, -7.392961502187814 ], [ 112.548086166389893, -7.392837523569626 ], [ 112.548080444121524, -7.392763137691436 ], [ 112.54807853699819, -7.392726898445239 ], [ 112.548095702904959, -7.392697810952145 ], [ 112.548133850761786, -7.392685889848956 ], [ 112.548208236657217, -7.39267540019015 ], [ 112.54825401300748, -7.392669678060872 ], [ 112.5482883457193, -7.392665863308054 ], [ 112.548353195998004, -7.392655371826222 ], [ 112.5483646405347, -7.392654418138044 ], [ 112.548387527811499, -7.392652510761688 ], [ 112.548415502247792, -7.392668406172673 ], [ 112.548419953400014, -7.392706870990774 ], [ 112.548418045378327, -7.392808913825439 ], [ 112.548410415986652, -7.392961502187814 ], [ 112.548410415986652, -7.393043517610431 ], [ 112.548410415986652, -7.393066406146878 ], [ 112.548410415986652, -7.393079122304877 ], [ 112.54842313074117, -7.393113454200927 ], [ 112.548466681964456, -7.39311885813552 ], [ 112.548547745037396, -7.39311218322324 ], [ 112.548620223809451, -7.393106460176694 ], [ 112.548650742274589, -7.393101691731084 ], [ 112.54869651772654, -7.393088817839941 ], [ 112.548736529587615, -7.393069288184239 ], [ 112.548736572706744, -7.393069267214021 ], [ 112.548814773747168, -7.393024444742694 ], [ 112.54888343827254, -7.392984389808369 ], [ 112.549390793270291, -7.392696380419745 ], [ 112.549474715680759, -7.392648696009017 ], [ 112.549558639887863, -7.392601014338551 ], [ 112.549592017690543, -7.392580985066151 ], [ 112.549621582144852, -7.392556190090006 ], [ 112.549633026681576, -7.392528534051469 ], [ 112.549636841826612, -7.392518996260706 ], [ 112.549646378341663, -7.392495154975787 ], [ 112.549669264720151, -7.39242362930506 ], [ 112.549678803031838, -7.392395018675237 ], [ 112.54970455234114, -7.392357348927127 ], [ 112.549743652412204, -7.392340660307021 ], [ 112.549772262855697, -7.392335891869463 ], [ 112.549852371019441, -7.392322540244567 ], [ 112.549913406153109, -7.392313004281627 ], [ 112.550455093862695, -7.392223358581134 ], [ 112.550542832316509, -7.392208099585068 ], [ 112.55059623716015, -7.392198561801044 ], [ 112.550703048644053, -7.392180441744266 ], [ 112.550744056736789, -7.392180125368121 ], [ 112.550765991799381, -7.392215252239411 ], [ 112.550767898922729, -7.392250060913735 ], [ 112.550771714067764, -7.392305373870281 ], [ 112.550771714067764, -7.392349242583006 ], [ 112.550779342561142, -7.392465591565413 ], [ 112.55080986012797, -7.393045424988427 ], [ 112.550811768149643, -7.39310455279845 ], [ 112.550817490417984, -7.393171311041965 ], [ 112.551000594920652, -7.395187378156304 ], [ 112.551012038559094, -7.395294190017775 ], [ 112.551019667950797, -7.395396231611167 ], [ 112.551027298240811, -7.395430564594405 ], [ 112.551047643285372, -7.395451863153409 ], [ 112.551092147621176, -7.395454406945412 ], [ 112.551168440639927, -7.39545249864553 ], [ 112.551233291816914, -7.395450592169166 ], [ 112.551519393556831, -7.395444870004859 ], [ 112.551546095978651, -7.395444870004859 ], [ 112.551557541413686, -7.395444870004859 ], [ 112.551582732869178, -7.395446015167117 ], [ 112.551599502618927, -7.395446777392956 ], [ 112.551645278969147, -7.395450592169166 ], [ 112.551797866803327, -7.395469666050707 ], [ 112.552564621119132, -7.395557403180899 ], [ 112.552663803211331, -7.39556884660067 ], [ 112.552751540766806, -7.395580291844242 ], [ 112.552788415710921, -7.395582199232901 ], [ 112.552815119929377, -7.395568212020137 ], [ 112.552816391045511, -7.395527839570871 ], [ 112.552801132262076, -7.395425797036107 ], [ 112.552789687725351, -7.395336150720248 ], [ 112.552659988964649, -7.394273758023703 ], [ 112.552652358674607, -7.394210815295422 ], [ 112.552640915036221, -7.394130706132494 ], [ 112.552637099891214, -7.394099235233063 ], [ 112.552651405562088, -7.394064903262384 ], [ 112.552696227901535, -7.394067764335817 ], [ 112.552778244086966, -7.394090652012212 ], [ 112.552820206190518, -7.394102096306714 ], [ 112.552869796787448, -7.394117355366506 ], [ 112.552957533444626, -7.394139288442354 ], [ 112.552961350386269, -7.394140243045404 ], [ 112.552972793126344, -7.394144057810625 ], [ 112.553007125838192, -7.394155502106473 ], [ 112.553039551426679, -7.394176483316293 ], [ 112.553062438703506, -7.394205093146758 ], [ 112.553081152407501, -7.394227108284431 ], [ 112.553094864291992, -7.394243239894114 ], [ 112.553109030724016, -7.394258497135149 ], [ 112.553119659590479, -7.394269943257394 ], [ 112.55315780744732, -7.394285202322828 ], [ 112.553201674877613, -7.394284247719471 ], [ 112.553289413331385, -7.394275665406868 ], [ 112.553396224815302, -7.394266129402865 ], [ 112.553476112891843, -7.394258498958648 ], [ 112.553481102134924, -7.394258022112878 ], [ 112.553491288131937, -7.394257913614506 ], [ 112.553525925372668, -7.394257545267096 ], [ 112.553554534917822, -7.39426898956582 ], [ 112.55357360884625, -7.394292830943995 ], [ 112.55358886673136, -7.3943214407818 ], [ 112.553626878942609, -7.394387192631073 ], [ 112.553659439278405, -7.394443512421798 ], [ 112.553668340684538, -7.394457077458969 ], [ 112.553686141700211, -7.394484202064011 ], [ 112.553720475310385, -7.394508360743022 ], [ 112.55376537849817, -7.394506160686647 ], [ 112.5537691118965, -7.394505977424591 ], [ 112.553772300017428, -7.394505467755501 ], [ 112.553861617709501, -7.394491196109493 ], [ 112.553964614946707, -7.394474028741366 ], [ 112.553972244338425, -7.39447212135736 ], [ 112.553987503121832, -7.39446830658938 ], [ 112.553995133411874, -7.394466399205408 ], [ 112.55403709371879, -7.394454002121498 ], [ 112.554208754583073, -7.394392013060018 ], [ 112.554384232388983, -7.394327162931932 ], [ 112.554441452377631, -7.394306182626898 ], [ 112.554527282809772, -7.394275665406868 ], [ 112.554557801274896, -7.394261360033312 ], [ 112.554577509413917, -7.394236246764207 ], [ 112.554578781428376, -7.394186497075862 ], [ 112.554571151138333, -7.394102096306714 ], [ 112.554563521746644, -7.393990993116597 ], [ 112.554568290902466, -7.393937587336214 ], [ 112.554588317943427, -7.393903732223171 ], [ 112.554594040211768, -7.393898010078392 ], [ 112.554609298995203, -7.393882751937727 ], [ 112.554677962622236, -7.393814087119999 ], [ 112.554752350314288, -7.393737792788952 ], [ 112.554791451283677, -7.39370536731466 ], [ 112.554824829086371, -7.39368820179978 ], [ 112.554845519083983, -7.393683301144319 ], [ 112.554861068921582, -7.393679617674954 ], [ 112.555021286147436, -7.393644332957528 ], [ 112.555097580064526, -7.393627165621463 ], [ 112.555135727023071, -7.393616675940888 ], [ 112.555168151713232, -7.393600463207783 ], [ 112.555196080335421, -7.393569742715083 ], [ 112.555201531312576, -7.393563747049634 ], [ 112.555207254479242, -7.393555798416634 ], [ 112.555261612435373, -7.393480300086308 ], [ 112.555326461815753, -7.39339160875656 ], [ 112.555347442867529, -7.393360137908423 ], [ 112.555353165135898, -7.393326758771535 ], [ 112.555353165135898, -7.393318176477051 ], [ 112.555353165135898, -7.393301010065079 ], [ 112.555353165135898, -7.393289565790786 ], [ 112.555345534845856, -7.393180847022953 ], [ 112.555330276062449, -7.392967224320777 ], [ 112.55532455379408, -7.392861365784291 ], [ 112.555323600681589, -7.392818449798797 ], [ 112.555332184084122, -7.392782210548183 ], [ 112.555347442867529, -7.392758369249435 ], [ 112.555364608774298, -7.392734527951931 ], [ 112.555437088444663, -7.392642974791819 ], [ 112.555486679041636, -7.392584799818254 ], [ 112.55551433637261, -7.392544745834511 ], [ 112.55551904893457, -7.392534423940521 ], [ 112.555534363413528, -7.392500877102873 ], [ 112.555566787205393, -7.39242362930506 ], [ 112.555580138865452, -7.392396926962243 ], [ 112.555574416597111, -7.392367045358498 ], [ 112.555528641145173, -7.392360687745317 ], [ 112.555421214315302, -7.392361729872351 ], [ 112.555332237084713, -7.392362593296943 ], [ 112.555332184084122, -7.39236259420869 ], [ 112.555294037125577, -7.392355441552023 ], [ 112.555278142334942, -7.39231809000694 ], [ 112.555278533102069, -7.392312906724695 ], [ 112.555280684567194, -7.392284393658773 ], [ 112.555288314857208, -7.392221451206604 ], [ 112.555295944248911, -7.392175675131893 ], [ 112.555316925300687, -7.391967773200029 ], [ 112.555318832424021, -7.391954422497713 ], [ 112.555322646670746, -7.391927719270774 ], [ 112.555330276062449, -7.391883849687062 ], [ 112.555402754834532, -7.39147949223796 ], [ 112.555414200269553, -7.391416549897475 ], [ 112.555427551929611, -7.391334057014599 ], [ 112.555429326102313, -7.391329409849731 ], [ 112.555447578970572, -7.391281604320624 ], [ 112.555484135911058, -7.391266504911609 ], [ 112.55552101175347, -7.391265869425355 ], [ 112.555582045988828, -7.391267776795869 ], [ 112.555627822339048, -7.391267776795869 ], [ 112.555852889843607, -7.391267776795869 ], [ 112.556032180997889, -7.391267776795869 ], [ 112.556070327956434, -7.391267776795869 ], [ 112.556142806728516, -7.391265869425355 ], [ 112.55617332519364, -7.391266823110616 ], [ 112.556202570746052, -7.391280491991696 ] ] ] } },
{ "type": "Feature", "properties": { "fid": 160, "class_id": 1, "class_name": "Sawah", "source": "Kementan", "source_class": "Pasuruan", "kode": "VALID", "alasan": "", "n_valid": 572, "n_nodata": 0, "status_v5": "ok" }, "geometry": { "type": "Polygon", "coordinates": [ [ [ 112.873014442132458, -7.625036470344125 ], [ 112.873212507177897, -7.625159591206454 ], [ 112.873186362609857, -7.625250008909886 ], [ 112.873186362609857, -7.625316633116891 ], [ 112.873110219609757, -7.625373741021573 ], [ 112.873143575852879, -7.625600092844533 ], [ 112.873162710866751, -7.625729945165068 ], [ 112.873231543377088, -7.626197035993113 ], [ 112.873231543377088, -7.6262731775876 ], [ 112.873079258275155, -7.626311250214239 ], [ 112.8730017300729, -7.626259910186564 ], [ 112.872882300852481, -7.62618082393251 ], [ 112.872795899990152, -7.626123609192668 ], [ 112.872660472672862, -7.626106615358187 ], [ 112.872582010222686, -7.626158201668646 ], [ 112.872530222346555, -7.626257070430054 ], [ 112.8723273468228, -7.626644374891304 ], [ 112.872166869983815, -7.626735103057046 ], [ 112.871972428742239, -7.626845033603546 ], [ 112.871932498627856, -7.626892714759697 ], [ 112.871426626748644, -7.627496796020553 ], [ 112.871387489846668, -7.627553327680619 ], [ 112.871244723293501, -7.627505737675554 ], [ 112.871168580293386, -7.62746766585765 ], [ 112.871082918744534, -7.62739152314398 ], [ 112.870949669841806, -7.627296344998498 ], [ 112.870816420040782, -7.627239237756209 ], [ 112.870806902390342, -7.627125024206128 ], [ 112.870749793792754, -7.627077435159676 ], [ 112.870607027239629, -7.626991774341704 ], [ 112.870635581089232, -7.626887079025384 ], [ 112.870635581089232, -7.626801417332294 ], [ 112.870568954841232, -7.6266967211491 ], [ 112.870407152088902, -7.626611061317564 ], [ 112.87046425978815, -7.626496846106305 ], [ 112.870469583204525, -7.626432959308767 ], [ 112.870347636006372, -7.626320766546957 ], [ 112.870319083055065, -7.626273179412046 ], [ 112.870966295861095, -7.62539753727636 ], [ 112.871090028011707, -7.625283323292687 ], [ 112.871539615048462, -7.624954567367682 ], [ 112.87167793943253, -7.624853420168425 ], [ 112.871812371416496, -7.624777110971061 ], [ 112.872136695573417, -7.624999999690474 ], [ 112.872360410215137, -7.624999999690474 ], [ 112.872565433610745, -7.624757355892909 ], [ 112.873014442132458, -7.625036470344125 ] ] ] } },
{ "type": "Feature", "properties": { "fid": 176, "class_id": 1, "class_name": "Sawah", "source": "Kementan", "source_class": "Pasuruan", "kode": "VALID", "alasan": "", "n_valid": 230, "n_nodata": 0, "status_v5": "ok" }, "geometry": { "type": "Polygon", "coordinates": [ [ [ 112.677831429300056, -7.644572263507861 ], [ 112.677950206343581, -7.644661346919692 ], [ 112.677679604135591, -7.644571145985584 ], [ 112.677664669643974, -7.64456616776595 ], [ 112.677580122006063, -7.64470003418228 ], [ 112.677548225525285, -7.644750537084437 ], [ 112.67752190219251, -7.644792215667059 ], [ 112.677248910465877, -7.644683019558805 ], [ 112.677224470001946, -7.64467324374519 ], [ 112.677121971329683, -7.644960239135839 ], [ 112.677105497125723, -7.645006367762118 ], [ 112.676879447762573, -7.644911190358002 ], [ 112.676546323709132, -7.644827907979723 ], [ 112.676391658970033, -7.644780318838324 ], [ 112.676248890620229, -7.644792216579322 ], [ 112.676058534018253, -7.644839805722013 ], [ 112.675868177416291, -7.644887394869871 ], [ 112.675725409066516, -7.645042060092218 ], [ 112.67563023076552, -7.64510154609916 ], [ 112.6754636687388, -7.645125340686645 ], [ 112.675225722986355, -7.645113443848877 ], [ 112.675094851924186, -7.645268109150976 ], [ 112.674734669716074, -7.645101870865212 ], [ 112.674700049543333, -7.645085892558217 ], [ 112.674696500299632, -7.645084254131801 ], [ 112.674630856808562, -7.645053956928058 ], [ 112.674666549569778, -7.644994470927571 ], [ 112.674821214308864, -7.644875498038551 ], [ 112.674963981760342, -7.644756525181826 ], [ 112.675108243110117, -7.644718891578463 ], [ 112.67523762027399, -7.644685140571022 ], [ 112.675535051566214, -7.644542373208814 ], [ 112.675635355654222, -7.644518491075719 ], [ 112.675784896402945, -7.644482886365483 ], [ 112.676034740341336, -7.644304426796178 ], [ 112.676069623720423, -7.64427271381498 ], [ 112.676157302885429, -7.6441930048894 ], [ 112.676165608708558, -7.644185454094417 ], [ 112.676169636754281, -7.64418293716279 ], [ 112.676260787907864, -7.644125967299515 ], [ 112.676427349934585, -7.64406648142495 ], [ 112.676601989612337, -7.644011906264349 ], [ 112.676617708333183, -7.644006993733929 ], [ 112.676649527558837, -7.6439970500792 ], [ 112.676808064935116, -7.643947507875499 ], [ 112.677081701652142, -7.643935611069685 ], [ 112.677188778139069, -7.643971303312618 ], [ 112.677272059152443, -7.644006993733929 ], [ 112.677379134741031, -7.644054582791385 ], [ 112.677474313940337, -7.644125968211783 ], [ 112.677581388630628, -7.644256837711602 ], [ 112.677664669643974, -7.644411502711495 ], [ 112.677759847944984, -7.644518577740701 ], [ 112.677831429300056, -7.644572263507861 ] ] ] } },
{ "type": "Feature", "properties": { "fid": 180, "class_id": 1, "class_name": "Sawah", "source": "Kementan", "source_class": "Situbondo", "kode": "VALID", "alasan": "", "n_valid": 13136, "n_nodata": 0, "status_v5": "ok" }, "geometry": { "type": "Polygon", "coordinates": [ [ [ 114.267300387872524, -7.724102112059405 ], [ 114.267352152392434, -7.723931113687343 ], [ 114.267714094400191, -7.724070719924851 ], [ 114.268169534859354, -7.724488414792816 ], [ 114.268762021399937, -7.72496668728398 ], [ 114.269574140637602, -7.725497135008685 ], [ 114.270101658321906, -7.725892773176257 ], [ 114.270586887814204, -7.726258620733607 ], [ 114.270848808703292, -7.726509053828502 ], [ 114.271526213885991, -7.726966842545636 ], [ 114.271600718359011, -7.727023016640192 ], [ 114.274510758619627, -7.729107030963424 ], [ 114.27505569643391, -7.729659459897297 ], [ 114.276048992389676, -7.73063876675963 ], [ 114.276407228846864, -7.730991958161344 ], [ 114.276359639696366, -7.731106172436721 ], [ 114.276540478647888, -7.731239422158547 ], [ 114.276618969844179, -7.731177531966227 ], [ 114.276625692835765, -7.731172230664576 ], [ 114.277796834556526, -7.732238796378053 ], [ 114.278601901120865, -7.733002425423184 ], [ 114.278844001581504, -7.733232064058206 ], [ 114.278869013373964, -7.733249052940453 ], [ 114.279079863242529, -7.73340872510746 ], [ 114.27923031937452, -7.733503148995124 ], [ 114.279513957933887, -7.733781738089022 ], [ 114.279682380371554, -7.733876024278024 ], [ 114.2799833375513, -7.734070846090617 ], [ 114.280140245383677, -7.734224958085442 ], [ 114.280308713635421, -7.734325217274963 ], [ 114.28055563535419, -7.734502532085086 ], [ 114.280609856766432, -7.734543931829825 ], [ 114.28072415121666, -7.734608765159267 ], [ 114.28080285890691, -7.734718675440272 ], [ 114.280965014697173, -7.734777165429992 ], [ 114.281116025988013, -7.73494327003622 ], [ 114.281318460438953, -7.735142097996066 ], [ 114.281411627412027, -7.735233605149597 ], [ 114.281441911416877, -7.735263349289998 ], [ 114.281468462023426, -7.73527669117731 ], [ 114.281664371112143, -7.735375137565732 ], [ 114.281928197327971, -7.735414924176467 ], [ 114.281909786356181, -7.735490867669125 ], [ 114.281904982166068, -7.735510684333263 ], [ 114.281810456940306, -7.735678678000176 ], [ 114.281662172036349, -7.735865009324352 ], [ 114.281495459990992, -7.735991741934707 ], [ 114.281388633235679, -7.736118015617411 ], [ 114.281329671413701, -7.736237945949661 ], [ 114.28115118784487, -7.736391651760354 ], [ 114.281032198798968, -7.736494123243572 ], [ 114.280865715823978, -7.73665072528011 ], [ 114.280788696068143, -7.736758846752791 ], [ 114.280663532901286, -7.736837469452681 ], [ 114.280508288748834, -7.736898403286721 ], [ 114.280437162839576, -7.736994532403945 ], [ 114.28037833756153, -7.737132382719437 ], [ 114.280271974336927, -7.737318389834185 ], [ 114.280165378448672, -7.737474531377676 ], [ 114.280118346253673, -7.737588395153238 ], [ 114.280005993062758, -7.737774448086763 ], [ 114.279929479058453, -7.737948278716956 ], [ 114.27985324263355, -7.738157949894577 ], [ 114.279770879698404, -7.738349747005042 ], [ 114.279688376626083, -7.738523622576703 ], [ 114.279634161502059, -7.73860123002902 ], [ 114.279631101840209, -7.738605609836974 ], [ 114.279587677279352, -7.738667769353757 ], [ 114.279426628213557, -7.738752642753259 ], [ 114.279414844113631, -7.738757449594179 ], [ 114.279403688834435, -7.738762000033794 ], [ 114.279307222349331, -7.738801351712055 ], [ 114.279146125672824, -7.738880252170777 ], [ 114.278931177689941, -7.738965539869113 ], [ 114.278805460262575, -7.738972480958124 ], [ 114.278727467631271, -7.738955159715693 ], [ 114.278690934945317, -7.738877781227548 ], [ 114.278648273952456, -7.738782527654235 ], [ 114.278605752198487, -7.738705194819948 ], [ 114.278515671836743, -7.738673629172731 ], [ 114.278335176939976, -7.738567489084935 ], [ 114.278147551216477, -7.738468571141676 ], [ 114.278045997571908, -7.738347486842973 ], [ 114.277924492344908, -7.738434445149963 ], [ 114.277845994860442, -7.738506734770619 ], [ 114.277804316624511, -7.738693438682812 ], [ 114.277733947995046, -7.738887532693761 ], [ 114.277641688320401, -7.739038784012538 ], [ 114.277585248069443, -7.739175422317835 ], [ 114.277507637222143, -7.73936240208176 ], [ 114.277453819153465, -7.739462649686052 ], [ 114.277442521940458, -7.739483692880651 ], [ 114.27742261796871, -7.739520767119528 ], [ 114.27734798683322, -7.739596364596589 ], [ 114.27732903866891, -7.739615559149416 ], [ 114.277272865217583, -7.739672460291234 ], [ 114.277166063615127, -7.739802315550097 ], [ 114.276980212064302, -7.739932780373056 ], [ 114.276801102369731, -7.740005844012444 ], [ 114.276679318664947, -7.740056961102216 ], [ 114.276564556192469, -7.740086519431424 ], [ 114.276407615122423, -7.740238266636704 ], [ 114.276250174589123, -7.74032550088745 ], [ 114.276186105844744, -7.740404848731188 ], [ 114.276165378117881, -7.740512536808373 ], [ 114.276094121952909, -7.740591940346707 ], [ 114.275956819851615, -7.740697698608217 ], [ 114.275946095763743, -7.740705959148555 ], [ 114.275915509924971, -7.74072951806813 ], [ 114.27588907250616, -7.740730397683873 ], [ 114.275881306570511, -7.740730655911324 ], [ 114.275635288556927, -7.740738840717738 ], [ 114.275526880766733, -7.740660820448383 ], [ 114.275360704117261, -7.74054740023486 ], [ 114.275158593958139, -7.740434254702681 ], [ 114.275006790353231, -7.740320724140418 ], [ 114.274797271787946, -7.740178961992146 ], [ 114.274768196915446, -7.740074641899195 ], [ 114.274716921079033, -7.739949586113098 ], [ 114.274636402385156, -7.739760236430661 ], [ 114.274512458232167, -7.739531792397102 ], [ 114.274279319364794, -7.739123179355159 ], [ 114.273867369043472, -7.738361090701164 ], [ 114.273794451893551, -7.738225448145815 ], [ 114.273725266345295, -7.738107697127619 ], [ 114.273510136902772, -7.737704320201583 ], [ 114.273335045372406, -7.737366946251274 ], [ 114.273244051424015, -7.737217104350139 ], [ 114.273159913417871, -7.737024197281536 ], [ 114.273130613068247, -7.736952734593957 ], [ 114.273141089221099, -7.736913227053633 ], [ 114.273176412774689, -7.736834099751684 ], [ 114.273408742260017, -7.736517493055678 ], [ 114.273904015815503, -7.735800409395147 ], [ 114.274035306390886, -7.735584342146359 ], [ 114.274387163012932, -7.735079834965692 ], [ 114.274681916427369, -7.73462594571034 ], [ 114.274866855289829, -7.734377207822415 ], [ 114.274926943599198, -7.734286541217037 ], [ 114.274869967053974, -7.734235381923142 ], [ 114.274941875395839, -7.734139192284006 ], [ 114.275729172385581, -7.732941358919698 ], [ 114.276250780053601, -7.732238410413149 ], [ 114.276112396380739, -7.732155840392222 ], [ 114.276070889723016, -7.732209922919259 ], [ 114.275674790174932, -7.732879052408065 ], [ 114.27483235369472, -7.734201611208277 ], [ 114.27473686816991, -7.734115876434779 ], [ 114.274086932570285, -7.733712255039698 ], [ 114.273567129617646, -7.733407994235773 ], [ 114.273278178421648, -7.733216659187471 ], [ 114.272959816383278, -7.732939524899089 ], [ 114.272722939626021, -7.732977186194435 ], [ 114.272562704433852, -7.732981283086604 ], [ 114.27156087358459, -7.73292206429335 ], [ 114.270947335025298, -7.732888537304437 ], [ 114.269955859056338, -7.732929594726955 ], [ 114.270337228030428, -7.730658384289247 ], [ 114.270059353960221, -7.730349871821817 ], [ 114.269312982418199, -7.729865733693585 ], [ 114.269156264130373, -7.729735509136979 ], [ 114.268990880693309, -7.730035471586042 ], [ 114.268788001576283, -7.730132608341741 ], [ 114.268297020171204, -7.730148317858554 ], [ 114.267917515201361, -7.730641086190297 ], [ 114.267365613646973, -7.732079050733973 ], [ 114.267217403303192, -7.732431453130284 ], [ 114.266319767145433, -7.731592423348659 ], [ 114.265631975641398, -7.730938168680757 ], [ 114.265016879403433, -7.730390887943918 ], [ 114.264396471427204, -7.730087381323965 ], [ 114.26408270067823, -7.729939239994314 ], [ 114.263899845008893, -7.72986787610645 ], [ 114.264827289064428, -7.727107995426424 ], [ 114.265888556944432, -7.723682793440484 ], [ 114.266986068252933, -7.723985646841022 ], [ 114.267177723818804, -7.724038533066611 ], [ 114.267241319151012, -7.724071495489837 ], [ 114.267300387872524, -7.724102112059405 ] ] ] } },
{ "type": "Feature", "properties": { "fid": 183, "class_id": 1, "class_name": "Sawah", "source": "Kementan", "source_class": "Situbondo", "kode": "VALID", "alasan": "", "n_valid": 76, "n_nodata": 0, "status_v5": "ok" }, "geometry": { "type": "Polygon", "coordinates": [ [ [ 113.720654878030885, -7.87477010786127 ], [ 113.720665167334147, -7.874602046061832 ], [ 113.7206437523961, -7.874459278424516 ], [ 113.720565229758776, -7.874216573094659 ], [ 113.720558091745545, -7.873902484640376 ], [ 113.72063661348453, -7.873709747973662 ], [ 113.72070799810858, -7.873517012307005 ], [ 113.720729413046655, -7.873267168925725 ], [ 113.720750827984688, -7.872988771353454 ], [ 113.720786519847564, -7.872753205442556 ], [ 113.720850765560044, -7.872888833924855 ], [ 113.720886456524596, -7.873152955170374 ], [ 113.720922149285798, -7.87352414998736 ], [ 113.72097211807349, -7.873595534099509 ], [ 113.721014948847895, -7.873716886570005 ], [ 113.721086331675309, -7.873859654870948 ], [ 113.721122023538186, -7.873952453014403 ], [ 113.721179131237434, -7.87404525209085 ], [ 113.721157715401063, -7.874159466085723 ], [ 113.721093469688583, -7.874230849391716 ], [ 113.721036362887631, -7.874416448599039 ], [ 113.720915011272538, -7.87458063114137 ], [ 113.720793658759135, -7.874687706667216 ], [ 113.720654878030885, -7.87477010786127 ] ] ] } },
{ "type": "Feature", "properties": { "fid": 189, "class_id": 1, "class_name": "Sawah", "source": "Kementan", "source_class": "Situbondo", "kode": "VALID", "alasan": "", "n_valid": 866, "n_nodata": 0, "status_v5": "ok" }, "geometry": { "type": "Polygon", "coordinates": [ [ [ 114.155909465118214, -7.790747139166077 ], [ 114.155916603131473, -7.790911322449128 ], [ 114.155923742043043, -7.791082643924877 ], [ 114.155923742043043, -7.791246826423442 ], [ 114.155916603131473, -7.791389593666058 ], [ 114.155859496330535, -7.791546638143966 ], [ 114.155702451954255, -7.791703681766665 ], [ 114.155602515277238, -7.791782204968372 ], [ 114.155523991741617, -7.791939248677088 ], [ 114.155331254604135, -7.792631672045712 ], [ 114.154023126090763, -7.792557858483756 ], [ 114.153835733929242, -7.793132811575141 ], [ 114.152947036008555, -7.792802994206862 ], [ 114.152947036008555, -7.792574564978024 ], [ 114.153004142809465, -7.792289029753352 ], [ 114.153004142809465, -7.792089155208895 ], [ 114.152847099331524, -7.791660852013903 ], [ 114.152725745919795, -7.791403869936645 ], [ 114.15253300968061, -7.791089781142439 ], [ 114.1523831042159, -7.790768555365275 ], [ 114.152311718693525, -7.79056154066831 ], [ 114.152318580923989, -7.790362542080832 ], [ 114.152318857605096, -7.790354528808695 ], [ 114.152340273441453, -7.790211760997105 ], [ 114.152368827291099, -7.790104684713224 ], [ 114.152374247725518, -7.790081645999676 ], [ 114.152397380242405, -7.789983332232102 ], [ 114.152397380242405, -7.789869117895089 ], [ 114.152416657190102, -7.789721331120176 ], [ 114.152417188992743, -7.789717252853467 ], [ 114.152418796078777, -7.78970493500988 ], [ 114.152481061904368, -7.789723248425702 ], [ 114.152493083159513, -7.789726784627027 ], [ 114.152540147693884, -7.789740627372562 ], [ 114.152568702441826, -7.789783456934098 ], [ 114.152697192070164, -7.789804873085311 ], [ 114.153639459226198, -7.789926224603517 ], [ 114.154717354922099, -7.790176068595327 ], [ 114.155466884940665, -7.790333112630108 ], [ 114.155845220304059, -7.790461604242199 ], [ 114.155873773255379, -7.790604371224158 ], [ 114.155909465118214, -7.790747139166077 ] ], [ [ 114.154302618925129, -7.791927999392562 ], [ 114.154595149009197, -7.790820580088502 ], [ 114.153552519374671, -7.790653029456587 ], [ 114.153393009122937, -7.791733449875514 ], [ 114.154302618925129, -7.791927999392562 ] ] ] } },
{ "type": "Feature", "properties": { "fid": 190, "class_id": 1, "class_name": "Sawah", "source": "Kementan", "source_class": "Mojokerto", "kode": "VALID", "alasan": "", "n_valid": 1190, "n_nodata": 0, "status_v5": "ok" }, "geometry": { "type": "Polygon", "coordinates": [ [ [ 112.543695449216131, -7.587011337011627 ], [ 112.543680192229345, -7.587035178626328 ], [ 112.543671032108378, -7.587048536972866 ], [ 112.543657303155911, -7.58706855761877 ], [ 112.543638229227469, -7.587099075218139 ], [ 112.543508529568442, -7.587329864118505 ], [ 112.543481827146621, -7.587375641001493 ], [ 112.543336867805863, -7.58764076227357 ], [ 112.543275832672208, -7.587749480858669 ], [ 112.543256759642077, -7.587781905801034 ], [ 112.543243407982004, -7.587816238041896 ], [ 112.543235778590301, -7.587851524389623 ], [ 112.543230057220242, -7.587913512890836 ], [ 112.543224334951901, -7.587952613839724 ], [ 112.543210984190139, -7.588018416949072 ], [ 112.543138503621435, -7.588380813558783 ], [ 112.543132783149716, -7.588416099951612 ], [ 112.543127059983036, -7.588450431329611 ], [ 112.543123244838029, -7.588485717728003 ], [ 112.543119430591332, -7.58853053971295 ], [ 112.543119430591332, -7.588539123927649 ], [ 112.543119430591332, -7.588560105131873 ], [ 112.543119430591332, -7.588572979174478 ], [ 112.543125152859702, -7.588618278221211 ], [ 112.543130289426472, -7.58863221947764 ], [ 112.543138505418085, -7.588654517826805 ], [ 112.543170380339305, -7.588746267071616 ], [ 112.543173790344127, -7.588756083601611 ], [ 112.543180134246654, -7.588776048683915 ], [ 112.543181596703931, -7.588780651379825 ], [ 112.543190003138363, -7.588807106392561 ], [ 112.543195725406747, -7.588851452269084 ], [ 112.543199783096853, -7.588919175583288 ], [ 112.543203353900125, -7.588978767109803 ], [ 112.543200492765934, -7.589028834907579 ], [ 112.543191910261697, -7.589063644298771 ], [ 112.543172836333298, -7.589091300627456 ], [ 112.543151856179819, -7.589130400768461 ], [ 112.543143923157558, -7.589142452982173 ], [ 112.543127060881375, -7.589168070664501 ], [ 112.543088913024491, -7.589197158160393 ], [ 112.54303932242756, -7.589209556992292 ], [ 112.542943953683746, -7.58922386221457 ], [ 112.542818070068023, -7.589242936149048 ], [ 112.542785645377847, -7.589247703036543 ], [ 112.54274940644099, -7.589250565358213 ], [ 112.542715071932491, -7.589252471748374 ], [ 112.542676925872271, -7.589252471748374 ], [ 112.5425090792547, -7.589254379050699 ], [ 112.542455672614423, -7.589254379050699 ], [ 112.542390824132355, -7.589254379050699 ], [ 112.54238319474068, -7.589254379050699 ], [ 112.542366151004785, -7.589255948858115 ], [ 112.542362476895292, -7.589256287265171 ], [ 112.542346954905469, -7.589257716601737 ], [ 112.54231351781398, -7.589275224378786 ], [ 112.542313258200849, -7.589275360288902 ], [ 112.542312796466803, -7.589276486792241 ], [ 112.542294503174361, -7.589321135549221 ], [ 112.542292295115388, -7.589329639510204 ], [ 112.54226875296672, -7.589420318944775 ], [ 112.542245864791596, -7.589506149414226 ], [ 112.542230606008204, -7.589567184039748 ], [ 112.542224884638173, -7.589598655919727 ], [ 112.542207717833051, -7.589639187267748 ], [ 112.542181154650123, -7.589663706751182 ], [ 112.542170524885378, -7.589673518740822 ], [ 112.542168851323979, -7.589674716392818 ], [ 112.54212156939731, -7.58970854071362 ], [ 112.542108535740866, -7.58971786470435 ], [ 112.542096139888244, -7.589728353510036 ], [ 112.542083741340704, -7.589738845052423 ], [ 112.542062759390603, -7.589757919009144 ], [ 112.542041778338827, -7.589776992966688 ], [ 112.542036056070486, -7.589782714880474 ], [ 112.541952133660018, -7.589866638115381 ], [ 112.54194641228996, -7.589872360030328 ], [ 112.541925431238184, -7.58989620179945 ], [ 112.541905404197237, -7.58992433523462 ], [ 112.541898727019742, -7.589962959307139 ], [ 112.541883469134632, -7.589992522997656 ], [ 112.541842461041909, -7.590018272078888 ], [ 112.541799544927542, -7.590033531436291 ], [ 112.541761398867294, -7.590033531436291 ], [ 112.541736499364248, -7.590031615921257 ], [ 112.541687012073581, -7.590027808607107 ], [ 112.541646957093363, -7.590028762716016 ], [ 112.541609764145676, -7.590053557690397 ], [ 112.541588526175701, -7.590082076975091 ], [ 112.541576385444657, -7.590098380746613 ], [ 112.541555405291192, -7.590120315221874 ], [ 112.54152870197106, -7.590137480976781 ], [ 112.541498184404233, -7.5901508330321 ], [ 112.541425704733825, -7.590181349932277 ], [ 112.541418448142977, -7.590184494114455 ], [ 112.541368483846881, -7.590206145827382 ], [ 112.54133796717835, -7.590216635556815 ], [ 112.541296005973123, -7.59022045108194 ], [ 112.541253090757053, -7.590199469798835 ], [ 112.541173935705785, -7.59013843508593 ], [ 112.541135787848944, -7.590113640106783 ], [ 112.541082383005289, -7.590093134971116 ], [ 112.541044235148419, -7.590085982801916 ], [ 112.540956497592944, -7.590066909743176 ], [ 112.54082298278891, -7.590039253353393 ], [ 112.540782928707003, -7.590027808607107 ], [ 112.540746688871835, -7.590016364773272 ], [ 112.540693283129855, -7.589996337608698 ], [ 112.540575028007552, -7.589949607257513 ], [ 112.540533065904, -7.589935302923867 ], [ 112.540502548337159, -7.589930851632789 ], [ 112.540468215625339, -7.589929581008111 ], [ 112.540357778540937, -7.58993318217555 ], [ 112.540292739616049, -7.589935302923867 ], [ 112.540266037194229, -7.589935302923867 ], [ 112.540256500679178, -7.589935302923867 ], [ 112.540220259945642, -7.589937210229137 ], [ 112.540178298740415, -7.589941023927546 ], [ 112.539812087938415, -7.589975357248391 ], [ 112.539747238558093, -7.589981079164739 ], [ 112.539686203424395, -7.589988708386648 ], [ 112.539657804983321, -7.589990786264186 ], [ 112.539647103353374, -7.589991568888824 ], [ 112.539590835578906, -7.589984892863524 ], [ 112.539545059228644, -7.589968681223334 ], [ 112.539493570491516, -7.589945797207624 ], [ 112.539442062889734, -7.589922904983748 ], [ 112.539394379416152, -7.589898586158864 ], [ 112.539356265695289, -7.589868572784844 ], [ 112.539356231559296, -7.589868545420358 ], [ 112.539300918693982, -7.589820861886379 ], [ 112.539285660808886, -7.589805603448474 ], [ 112.539274216272176, -7.589794158708252 ], [ 112.539270402025494, -7.589790344098956 ], [ 112.539260344487559, -7.589771236391302 ], [ 112.539251327198727, -7.589754104400162 ], [ 112.53925847778838, -7.58971954397133 ], [ 112.539259910601288, -7.589712618933374 ], [ 112.539260431624143, -7.589711232466348 ], [ 112.539289475055597, -7.589633942409855 ], [ 112.539318084600751, -7.589544773450178 ], [ 112.539323327168759, -7.589534644947701 ], [ 112.539339065652527, -7.589504242110821 ], [ 112.539370537230212, -7.589474201399139 ], [ 112.539407730177899, -7.58945465131299 ], [ 112.539535470611298, -7.589395454682646 ], [ 112.539564133157072, -7.589382171973469 ], [ 112.539593190961554, -7.589365881910617 ], [ 112.539595599344835, -7.589364531930634 ], [ 112.539606094362298, -7.589358647659813 ], [ 112.539647103353374, -7.589323996959221 ], [ 112.539653723937008, -7.589316124205133 ], [ 112.539658859605481, -7.589310017370715 ], [ 112.539682388279388, -7.589282036303477 ], [ 112.539699030468356, -7.589261406242098 ], [ 112.53971290584623, -7.589244205859604 ], [ 112.539728164629651, -7.589214324791566 ], [ 112.539743424311368, -7.589181899744045 ], [ 112.53978596223503, -7.589098949901261 ], [ 112.539819718228458, -7.589033125651524 ], [ 112.539869307927106, -7.588937759681261 ], [ 112.53988075246383, -7.588918684847819 ], [ 112.539892197000498, -7.588899611839492 ], [ 112.53992017143679, -7.588867186815073 ], [ 112.539957047279202, -7.5888423919073 ], [ 112.54001426726785, -7.58880233768553 ], [ 112.540082931793222, -7.588756560654689 ], [ 112.540109635113339, -7.588739394953454 ], [ 112.540124893896774, -7.588731764840978 ], [ 112.540136336636863, -7.588726043852964 ], [ 112.540166855102029, -7.588716507352856 ], [ 112.540197372668857, -7.588713645946791 ], [ 112.540319442936166, -7.588697434353257 ], [ 112.540562247676007, -7.588665905984372 ], [ 112.540565490594162, -7.588665484572371 ], [ 112.540574441407671, -7.588664605262476 ], [ 112.540618897234438, -7.58866023972604 ], [ 112.540873310004358, -7.588646466303807 ], [ 112.540918349736103, -7.588644028134468 ], [ 112.541044235148419, -7.588636398935785 ], [ 112.541078567860282, -7.588635444829884 ], [ 112.541111945662976, -7.588628291772137 ], [ 112.541152953755713, -7.588611603128814 ], [ 112.541185379344213, -7.588592530133746 ], [ 112.541288375683081, -7.588535309329195 ], [ 112.54133796717835, -7.588505744824077 ], [ 112.541364069525571, -7.588493205541331 ], [ 112.541386604662804, -7.588482380182796 ], [ 112.541433334125543, -7.588462829228394 ], [ 112.54170417798035, -7.588348388572451 ], [ 112.541831969617718, -7.588295935588889 ], [ 112.541872978608737, -7.588272570958706 ], [ 112.541904450186408, -7.588240623032842 ], [ 112.541925431238184, -7.588211060371746 ], [ 112.541963577298404, -7.588151932319039 ], [ 112.542001724256949, -7.58810234076089 ], [ 112.5420436863605, -7.588043212722738 ], [ 112.542098999225814, -7.587964057620082 ], [ 112.542107671561553, -7.587951482779024 ], [ 112.542118072255917, -7.587936401361977 ], [ 112.54213619307184, -7.587904451636138 ], [ 112.54214692075297, -7.587870479685914 ], [ 112.542153358978609, -7.587850093233319 ], [ 112.542155074760785, -7.587844086755183 ], [ 112.542169570874506, -7.587793349576981 ], [ 112.542192459049659, -7.587714195431237 ], [ 112.542212486988916, -7.587673187207955 ], [ 112.542245864791596, -7.587673187207955 ], [ 112.542263033393326, -7.587683560122651 ], [ 112.542291642040155, -7.587700844361733 ], [ 112.542291668989634, -7.587700854395332 ], [ 112.542325973853693, -7.587713241327336 ], [ 112.542360305667231, -7.587711334031664 ], [ 112.542390824132355, -7.587705612144722 ], [ 112.542437553595136, -7.587691306971609 ], [ 112.542472840317828, -7.587671279912468 ], [ 112.542488098202924, -7.587647438263439 ], [ 112.542495730289559, -7.587631219411878 ], [ 112.542503356986316, -7.587615013330942 ], [ 112.542528153183142, -7.587564468641632 ], [ 112.542541504843186, -7.587528228213325 ], [ 112.542544174636205, -7.587518882377346 ], [ 112.542551040459912, -7.587494848274 ], [ 112.542551993572445, -7.587491511648424 ], [ 112.542552688868483, -7.587480497500475 ], [ 112.542554854706623, -7.58744621180509 ], [ 112.542566299243347, -7.587333678706552 ], [ 112.542573928635065, -7.587226868429497 ], [ 112.542577742881747, -7.587191105080271 ], [ 112.542572022410027, -7.587154387631246 ], [ 112.542563249462972, -7.587136462176289 ], [ 112.542562050212041, -7.587134013069559 ], [ 112.5425573978372, -7.587124506704574 ], [ 112.542539596821527, -7.587099075218139 ], [ 112.542501448964657, -7.587041854607044 ], [ 112.542486191079547, -7.587018012991985 ], [ 112.542457580636096, -7.586994169553926 ], [ 112.542417525655878, -7.586992263173515 ], [ 112.542390824132355, -7.587003707841136 ], [ 112.542337416593796, -7.587022780767604 ], [ 112.542310715968597, -7.587033271333584 ], [ 112.542268753865045, -7.587037085919069 ], [ 112.542236329174884, -7.587012291114021 ], [ 112.542215347224783, -7.586988448588416 ], [ 112.542165756627853, -7.586923598822543 ], [ 112.542131423915976, -7.586874008314435 ], [ 112.542104720595844, -7.586837768854912 ], [ 112.54208183421737, -7.586812973148908 ], [ 112.542058945143921, -7.586784362860956 ], [ 112.541959762153397, -7.586671829931007 ], [ 112.541887283381314, -7.586591720972591 ], [ 112.541864396104543, -7.586565017989678 ], [ 112.541845322176087, -7.586542128677445 ], [ 112.541830058901112, -7.586529728096137 ], [ 112.541814803710949, -7.586517333900179 ], [ 112.541780471897411, -7.586490631833901 ], [ 112.541673660413522, -7.586408614706155 ], [ 112.541582107712998, -7.5863389972571 ], [ 112.541553498167843, -7.586313248390344 ], [ 112.541533365125687, -7.586289089389093 ], [ 112.541531245101609, -7.586286545424261 ], [ 112.541529787135929, -7.586282449905438 ], [ 112.541516304321817, -7.586244583232763 ], [ 112.541515079019774, -7.586240497747893 ], [ 112.541479111374102, -7.586120604883115 ], [ 112.541433334125543, -7.58596610995717 ], [ 112.541429518980536, -7.58593559243607 ], [ 112.541421890487143, -7.585909437689858 ], [ 112.541420617574403, -7.585905074917068 ], [ 112.541420294180881, -7.585899487138315 ], [ 112.541418075342136, -7.585861206386263 ], [ 112.541410446848715, -7.585727691708594 ], [ 112.541406631703708, -7.585647582921359 ], [ 112.541402816558715, -7.585594177071267 ], [ 112.541399002312005, -7.585514069220378 ], [ 112.541399002312005, -7.585493087248667 ], [ 112.541399002312005, -7.585479736246287 ], [ 112.541404724580374, -7.585441588703111 ], [ 112.541416166422138, -7.585421246145333 ], [ 112.541421889588818, -7.585411071218236 ], [ 112.54143714927055, -7.585386277416579 ], [ 112.541482925620798, -7.585321426973723 ], [ 112.541524886826068, -7.585264205680701 ], [ 112.541559220436199, -7.585220337213523 ], [ 112.541597365598108, -7.585163115933593 ], [ 112.541618346649884, -7.585137367135361 ], [ 112.541650773136709, -7.585110187191201 ], [ 112.541709900248691, -7.585112570612644 ], [ 112.541803360072549, -7.585134505752479 ], [ 112.541883468236307, -7.585151672225784 ], [ 112.542926788675274, -7.585385799454994 ], [ 112.542942680770992, -7.585390090163559 ], [ 112.542955399118767, -7.585393524372293 ], [ 112.542974473047209, -7.585398674317233 ], [ 112.543138503621435, -7.58544731238502 ], [ 112.543239593735308, -7.585478782147203 ], [ 112.543260169646885, -7.585486058292935 ], [ 112.543271799236578, -7.585490171135044 ], [ 112.543278694704696, -7.585492610199116 ], [ 112.543315587615083, -7.585515124567152 ], [ 112.543319065891879, -7.585517247118545 ], [ 112.543322787612098, -7.585521211282006 ], [ 112.543348312342587, -7.585548401285005 ], [ 112.543447495333083, -7.585653304781649 ], [ 112.543478012001614, -7.585686682757562 ], [ 112.543478104528077, -7.585686763938114 ], [ 112.543486270214032, -7.585693988095225 ], [ 112.543502808198397, -7.585708617925895 ], [ 112.543512108456554, -7.585715414289192 ], [ 112.543527602598544, -7.585726737608972 ], [ 112.543565749557089, -7.585746764579974 ], [ 112.543760298596482, -7.585842131685663 ], [ 112.543783187669931, -7.585853576323491 ], [ 112.543793679094122, -7.585858822048642 ], [ 112.543830872041852, -7.585880280175549 ], [ 112.543861388710354, -7.58590316671707 ], [ 112.543861409371615, -7.585903184047756 ], [ 112.54394722004082, -7.585973740021885 ], [ 112.544015883667868, -7.586029053206244 ], [ 112.544048945263611, -7.586054483718947 ], [ 112.54407310455484, -7.586080550908131 ], [ 112.544086457113238, -7.586111068439254 ], [ 112.544095992729964, -7.586141586884615 ], [ 112.544111252411682, -7.586202621957393 ], [ 112.544124604071769, -7.586263656126459 ], [ 112.544132232565161, -7.586307048558927 ], [ 112.54412841921679, -7.586347579604921 ], [ 112.544113158636733, -7.586386681327359 ], [ 112.54407310455484, -7.58648300176027 ], [ 112.544027329102917, -7.586589812769621 ], [ 112.544015671665449, -7.586616835916214 ], [ 112.544013341435615, -7.58662223762687 ], [ 112.544010393164868, -7.586627269919692 ], [ 112.543994902616092, -7.586653709297028 ], [ 112.54398141980198, -7.586668826243874 ], [ 112.543971287703883, -7.586680186985951 ], [ 112.543963432835071, -7.586688994639759 ], [ 112.543897629443862, -7.58676528903264 ], [ 112.543840407658578, -7.586830138775277 ], [ 112.543718338289565, -7.586982726710837 ], [ 112.543695449216131, -7.587011337011627 ] ] ] } },
{ "type": "Feature", "properties": { "fid": 206, "class_id": 1, "class_name": "Sawah", "source": "Kementan", "source_class": "Banyuwangi", "kode": "VALID", "alasan": "", "n_valid": 44, "n_nodata": 0, "status_v5": "ok" }, "geometry": { "type": "Polygon", "coordinates": [ [ [ 114.232912064024461, -8.206834792777151 ], [ 114.232706070448344, -8.207036970974562 ], [ 114.232583999282696, -8.207117080258115 ], [ 114.2323818208516, -8.207204818014832 ], [ 114.232240676655849, -8.207292557617365 ], [ 114.232160567593752, -8.207284927331353 ], [ 114.232080460328291, -8.207227707041856 ], [ 114.232012435403391, -8.207209804693031 ], [ 114.232007980657912, -8.207208632700329 ], [ 114.232005920820967, -8.207204602433949 ], [ 114.231920242204097, -8.207036971888039 ], [ 114.231935500987504, -8.206892013925016 ], [ 114.232107162750111, -8.2068691258303 ], [ 114.232183456667187, -8.206832886349629 ], [ 114.232255935439255, -8.206819534049345 ], [ 114.232320785717931, -8.206825256072204 ], [ 114.232450485376972, -8.206781387232301 ], [ 114.232500075973903, -8.206802368894712 ], [ 114.232614516849537, -8.206743241332317 ], [ 114.232709884695026, -8.206743241332317 ], [ 114.232759476190296, -8.206663132122163 ], [ 114.232801437395537, -8.206642151380388 ], [ 114.23284721284746, -8.20663452110654 ], [ 114.232995987333226, -8.206689834885974 ], [ 114.232912064024461, -8.206834792777151 ] ] ] } },
{ "type": "Feature", "properties": { "fid": 219, "class_id": 1, "class_name": "Sawah", "source": "Kementan", "source_class": "Malang", "kode": "VALID", "alasan": "", "n_valid": 465, "n_nodata": 0, "status_v5": "ok" }, "geometry": { "type": "Polygon", "coordinates": [ [ [ 112.585068229195471, -8.254144354671819 ], [ 112.585237372081991, -8.254139069589911 ], [ 112.585258585797405, -8.254138406328119 ], [ 112.585329970421483, -8.254162200617021 ], [ 112.585355061265687, -8.254212383777256 ], [ 112.585359712742218, -8.25422168771575 ], [ 112.585310123043584, -8.254348761776829 ], [ 112.585309874210253, -8.25434939945861 ], [ 112.585264535339547, -8.254465581805567 ], [ 112.584955204963023, -8.254412044845855 ], [ 112.584925460845668, -8.254423940627779 ], [ 112.584818386155362, -8.254816552787803 ], [ 112.584776744750386, -8.254846296384068 ], [ 112.584378185614995, -8.254798705900225 ], [ 112.584318699176904, -8.254834398762579 ], [ 112.584134291218746, -8.255119933552237 ], [ 112.584134290320407, -8.255173472432558 ], [ 112.584657771874163, -8.255351932372735 ], [ 112.584669669161798, -8.255399521094326 ], [ 112.584491209847442, -8.255643415892463 ], [ 112.584336545108343, -8.255643414978875 ], [ 112.584288955957845, -8.25566126099004 ], [ 112.584104547101362, -8.255887309923697 ], [ 112.58403807716023, -8.2558917417375 ], [ 112.584015318342523, -8.255893259206635 ], [ 112.583646500629584, -8.255673158635778 ], [ 112.583598912377411, -8.255673158635778 ], [ 112.583473990857343, -8.25592895125174 ], [ 112.583432350350691, -8.255946797275467 ], [ 112.582980672934241, -8.255805308130093 ], [ 112.582938612016008, -8.255792132371623 ], [ 112.582843432816716, -8.255708849747924 ], [ 112.582826043229431, -8.255632603589056 ], [ 112.58276610134547, -8.255369778371071 ], [ 112.58286127874814, -8.255197266782188 ], [ 112.582862245335392, -8.255192432998092 ], [ 112.5828731769341, -8.255137780453946 ], [ 112.582825586885264, -8.255084241578338 ], [ 112.582516258305404, -8.254893885046318 ], [ 112.582475970661548, -8.254803240937267 ], [ 112.582475602352275, -8.254802412315463 ], [ 112.582444872783029, -8.254733272191613 ], [ 112.582992149810323, -8.254168149874653 ], [ 112.583664346561008, -8.253561387255836 ], [ 112.583747627574368, -8.253537592088607 ], [ 112.584818386155362, -8.253995637883294 ], [ 112.584913563558032, -8.254061074213658 ], [ 112.584996846368043, -8.254138407241701 ], [ 112.585068229195471, -8.254144354671819 ] ] ] } },
{ "type": "Feature", "properties": { "fid": 220, "class_id": 1, "class_name": "Sawah", "source": "Kementan", "source_class": "Bangkalan", "kode": "VALID", "alasan": "", "n_valid": 80, "n_nodata": 0, "status_v5": "ok" }, "geometry": { "type": "Polygon", "coordinates": [ [ [ 112.89103263809892, -7.070048892667753 ], [ 112.891234891988518, -7.070197610149529 ], [ 112.891163508262792, -7.070310634774394 ], [ 112.89115755872065, -7.07044150542631 ], [ 112.891086175893236, -7.070495043430678 ], [ 112.891050484030345, -7.070554529198172 ], [ 112.891086175893236, -7.070655655657805 ], [ 112.891270583851394, -7.070667553908072 ], [ 112.891318173001892, -7.070738937949243 ], [ 112.891407402659055, -7.070804372418647 ], [ 112.891550171008859, -7.070857911375077 ], [ 112.891561364915589, -7.070913880282438 ], [ 112.89156206829648, -7.070917398099181 ], [ 112.891496632316233, -7.0709292954449 ], [ 112.891443095420215, -7.070911447604208 ], [ 112.891264635207577, -7.070923345860889 ], [ 112.891163508262792, -7.070905499842648 ], [ 112.891153511810302, -7.070899808104603 ], [ 112.89105431624337, -7.070843325329865 ], [ 112.891050484030345, -7.070780577733775 ], [ 112.890901767935063, -7.070715143267662 ], [ 112.890782795058854, -7.070578322960584 ], [ 112.890711411333101, -7.070280892360565 ], [ 112.890669770826449, -7.070191662396919 ], [ 112.890604334846174, -7.070144072178723 ], [ 112.890544848408069, -7.070132174852694 ], [ 112.890473463784033, -7.070173816406199 ], [ 112.890431824175664, -7.07023924988655 ], [ 112.890318799943245, -7.070304685198143 ], [ 112.89034259362019, -7.070447453182052 ], [ 112.890532951120449, -7.070530733614717 ], [ 112.890622180777612, -7.070608066304181 ], [ 112.890687615859548, -7.070673501666639 ], [ 112.890669770826449, -7.070738937949243 ], [ 112.890556745695704, -7.070750834379373 ], [ 112.89041397824424, -7.070721091937949 ], [ 112.890295005367989, -7.070631860980392 ], [ 112.890176031593455, -7.070411761182043 ], [ 112.890116545155337, -7.070352275432457 ], [ 112.890104647867716, -7.070251148126375 ], [ 112.89018792888109, -7.070150020841838 ], [ 112.890211725252939, -7.070036996255233 ], [ 112.890396132312787, -7.070019150270332 ], [ 112.890431824175664, -7.069971560980549 ], [ 112.890515105189024, -7.069923971695541 ], [ 112.890586488914764, -7.069923971695541 ], [ 112.890687615859548, -7.069983459213661 ], [ 112.890770897771233, -7.069965613230774 ], [ 112.890788742804332, -7.069888278823799 ], [ 112.890848229242465, -7.069846639117577 ], [ 112.890925561612022, -7.069864486007102 ], [ 112.89097910120293, -7.06989422930594 ], [ 112.891008844421989, -7.069977509641512 ], [ 112.89103263809892, -7.070048892667753 ] ] ] } },
{ "type": "Feature", "properties": { "fid": 224, "class_id": 1, "class_name": "Sawah", "source": "Kementan", "source_class": "Pasuruan", "kode": "VALID", "alasan": "", "n_valid": 599, "n_nodata": 0, "status_v5": "ok" }, "geometry": { "type": "Polygon", "coordinates": [ [ [ 112.875381986199741, -7.640581967200561 ], [ 112.875000000083048, -7.641406401818317 ], [ 112.874555542426577, -7.642365668858618 ], [ 112.874549410526413, -7.6423732232713 ], [ 112.874517614656952, -7.64244752855796 ], [ 112.874394656854122, -7.642712907421285 ], [ 112.873606971792199, -7.642327442492492 ], [ 112.873565307030987, -7.642307053517336 ], [ 112.873432437217318, -7.642242031394235 ], [ 112.873412688654113, -7.642172348554135 ], [ 112.873317511251443, -7.642115242113386 ], [ 112.873227092224823, -7.642081928277886 ], [ 112.873222332052137, -7.642005785766066 ], [ 112.873279438853089, -7.641953436770567 ], [ 112.87334130492836, -7.641953437682823 ], [ 112.873446000879824, -7.641991509844802 ], [ 112.873607805428776, -7.642062893104821 ], [ 112.873641117654444, -7.642005786678324 ], [ 112.873641117654444, -7.641872536858322 ], [ 112.873636358380082, -7.641720251008344 ], [ 112.873631600004032, -7.641601278095453 ], [ 112.873631600004032, -7.641515618092527 ], [ 112.873636358380082, -7.641448993251927 ], [ 112.873650635304884, -7.641368090695957 ], [ 112.873650635304884, -7.641310984359929 ], [ 112.873674429880126, -7.641263392863436 ], [ 112.873712502278522, -7.641225321676927 ], [ 112.873712502278522, -7.641158698704934 ], [ 112.873741054331504, -7.641111109049483 ], [ 112.873779126729886, -7.641115868288476 ], [ 112.873864785583777, -7.641120626615258 ], [ 112.873940930380513, -7.641092073006297 ], [ 112.873955207305357, -7.64103020746809 ], [ 112.873788644380298, -7.640954064226604 ], [ 112.873679189154529, -7.640915993066944 ], [ 112.873626840729628, -7.640844609993581 ], [ 112.873650635304884, -7.64080177869553 ], [ 112.873660152955338, -7.640758949226178 ], [ 112.873691086442122, -7.640704221218338 ], [ 112.873726779203324, -7.640644733983403 ], [ 112.873712501380197, -7.640606663762847 ], [ 112.873688705906645, -7.640535278915315 ], [ 112.873712502278522, -7.640482931007586 ], [ 112.87375057288024, -7.640449619120575 ], [ 112.874036107783184, -7.640563831575776 ], [ 112.87408369783202, -7.640501967024336 ], [ 112.874102734031183, -7.640421065555294 ], [ 112.873993277907076, -7.640349680737968 ], [ 112.87389809870777, -7.640340164101173 ], [ 112.873879063406903, -7.640268779297011 ], [ 112.873945687858267, -7.640164082639148 ], [ 112.873993277907076, -7.640054627690994 ], [ 112.874036108681523, -7.640011798294583 ], [ 112.874064661632829, -7.63991186001172 ], [ 112.874121769332064, -7.639897584158608 ], [ 112.87415032228337, -7.639830957739258 ], [ 112.874202669809904, -7.639864272316046 ], [ 112.874293088836524, -7.639907101698053 ], [ 112.874359714186212, -7.639926137689812 ], [ 112.874407304235007, -7.639964208763564 ], [ 112.874454891588854, -7.640011798294583 ], [ 112.874512000186428, -7.639978486443358 ], [ 112.874497723261626, -7.63991186001172 ], [ 112.874483447235122, -7.639830957739258 ], [ 112.874516758562493, -7.639735779633868 ], [ 112.874535793863345, -7.639626324792577 ], [ 112.874578624637792, -7.639564458548836 ], [ 112.874607177589112, -7.639507353359869 ], [ 112.874692840036289, -7.63948355816495 ], [ 112.87470235678839, -7.639435968691226 ], [ 112.874650009261842, -7.63938838013492 ], [ 112.874654766739567, -7.639326513012486 ], [ 112.874735669014058, -7.639312237178419 ], [ 112.874788018337242, -7.639259889416627 ], [ 112.874821329664627, -7.639212299054922 ], [ 112.87485940116467, -7.639136156128972 ], [ 112.874840365863818, -7.639036218045584 ], [ 112.875000000083048, -7.638563868119442 ], [ 112.875797071641401, -7.638764948265127 ], [ 112.875943206876855, -7.638801815066683 ], [ 112.875829898776843, -7.639051094132233 ], [ 112.875774393672046, -7.639173203587585 ], [ 112.875713370216488, -7.639218922916293 ], [ 112.875710356368714, -7.639281849148225 ], [ 112.87571848432539, -7.639296206171741 ], [ 112.875705260226084, -7.639325297892588 ], [ 112.875752849376596, -7.639575141027743 ], [ 112.875750318822426, -7.639599645960272 ], [ 112.875727090185819, -7.639824550072655 ], [ 112.875381986199741, -7.640581967200561 ] ] ] } },
{ "type": "Feature", "properties": { "fid": 233, "class_id": 1, "class_name": "Sawah", "source": "Kementan", "source_class": "Jember", "kode": "VALID", "alasan": "", "n_valid": 129, "n_nodata": 0, "status_v5": "ok" }, "geometry": { "type": "Polygon", "coordinates": [ [ [ 113.932398793961767, -8.076451373444826 ], [ 113.932874232715776, -8.076608502073848 ], [ 113.932883203292221, -8.07661146719628 ], [ 113.932908464816308, -8.0766198155639 ], [ 113.932975636341695, -8.076806758041695 ], [ 113.93297699728933, -8.076810545948614 ], [ 113.932901012392719, -8.076916263084042 ], [ 113.932827178961219, -8.076916792733646 ], [ 113.932632409834554, -8.076918189912803 ], [ 113.932248275846035, -8.076863579388627 ], [ 113.931954153048935, -8.076933449301038 ], [ 113.931750267818813, -8.076981883023121 ], [ 113.931529353225812, -8.076945223960431 ], [ 113.931279935088881, -8.076947011071399 ], [ 113.931049564829195, -8.076929541765244 ], [ 113.930943559134107, -8.076863373007937 ], [ 113.930932794622052, -8.076848580261771 ], [ 113.930895110295879, -8.076796794239462 ], [ 113.930894488661721, -8.076710748128141 ], [ 113.930913055041998, -8.076624565056429 ], [ 113.930928942646105, -8.076608502073848 ], [ 113.930979722612491, -8.076557159890976 ], [ 113.930999819722018, -8.076509479598689 ], [ 113.931036313780439, -8.076422899332069 ], [ 113.931208436378796, -8.076345176091179 ], [ 113.931496431767286, -8.076371793687823 ], [ 113.93163032925365, -8.076337411256031 ], [ 113.931649644828909, -8.076332451733618 ], [ 113.931738379514329, -8.076331815241796 ], [ 113.932282781034417, -8.076327911364414 ], [ 113.932398793961767, -8.076451373444826 ] ] ] } },
{ "type": "Feature", "properties": { "fid": 264, "class_id": 1, "class_name": "Sawah", "source": "Kementan", "source_class": "Banyuwangi", "kode": "VALID", "alasan": "", "n_valid": 18, "n_nodata": 0, "status_v5": "ok" }, "geometry": { "type": "Polygon", "coordinates": [ [ [ 114.127546309865721, -8.45100021441784 ], [ 114.127504348660466, -8.450994491659619 ], [ 114.127473831093639, -8.450937271394208 ], [ 114.127408980814977, -8.45090103092209 ], [ 114.127363203566432, -8.450851440097566 ], [ 114.127412795959984, -8.450632095261616 ], [ 114.127519608342197, -8.450578689302633 ], [ 114.12764167771121, -8.450469970736771 ], [ 114.127695084351487, -8.450576781718583 ], [ 114.127767562225273, -8.450611114576807 ], [ 114.127767562225273, -8.45069694490733 ], [ 114.127805710082114, -8.450826645144648 ], [ 114.127725601020018, -8.45084190399889 ], [ 114.127702712844908, -8.450927735293465 ], [ 114.127653122247935, -8.450963973939963 ], [ 114.127546309865721, -8.45100021441784 ] ] ] } },
{ "type": "Feature", "properties": { "fid": 280, "class_id": 1, "class_name": "Sawah", "source": "Kementan", "source_class": "Jember", "kode": "VALID", "alasan": "", "n_valid": 608, "n_nodata": 0, "status_v5": "ok" }, "geometry": { "type": "Polygon", "coordinates": [ [ [ 113.829069965218181, -8.188870712145139 ], [ 113.829345864791392, -8.188868776571466 ], [ 113.829754393429795, -8.188961529747242 ], [ 113.830372550227935, -8.18901097960393 ], [ 113.8305589048353, -8.189069433222524 ], [ 113.830666866162801, -8.189068675069185 ], [ 113.830706392035296, -8.189104915713967 ], [ 113.830757424428256, -8.189151706570124 ], [ 113.830704964612295, -8.189367215868609 ], [ 113.830668808320425, -8.189343566034939 ], [ 113.830609843803515, -8.189487407028118 ], [ 113.830616602727702, -8.189594930651582 ], [ 113.830652927004536, -8.189642485198855 ], [ 113.830833495563169, -8.18973086043585 ], [ 113.830750836183995, -8.189916700605076 ], [ 113.830865090210025, -8.189957732316479 ], [ 113.830961098554312, -8.189963034834252 ], [ 113.830973642628948, -8.190040636116391 ], [ 113.830913918137284, -8.190076914298377 ], [ 113.83077592612986, -8.190071904993372 ], [ 113.83074915274112, -8.190077435872624 ], [ 113.830656137583361, -8.190096650997233 ], [ 113.830572759551941, -8.190180902149677 ], [ 113.830388982211105, -8.190486976908556 ], [ 113.83042564425449, -8.190582338325914 ], [ 113.830426448246683, -8.190695879075802 ], [ 113.830456901134809, -8.190761402972784 ], [ 113.830403342679247, -8.190821541228098 ], [ 113.830307504116533, -8.190840141641413 ], [ 113.830018720007203, -8.190716668089083 ], [ 113.829999923658193, -8.190603253388311 ], [ 113.829897790600299, -8.190580064770915 ], [ 113.829838278111026, -8.190646221664149 ], [ 113.829682122168549, -8.190617434563027 ], [ 113.82953787788675, -8.190576613790309 ], [ 113.829405079938297, -8.190458022658973 ], [ 113.829284827861102, -8.190417032915629 ], [ 113.829298343912868, -8.190632079766402 ], [ 113.829232705811677, -8.190680349658905 ], [ 113.829106285901759, -8.190615499894527 ], [ 113.82894430079142, -8.1906106586561 ], [ 113.828920690370794, -8.190664611064534 ], [ 113.82881272814501, -8.190665368307393 ], [ 113.828692644951076, -8.190648282387691 ], [ 113.828536278802844, -8.190589615711565 ], [ 113.828338306283911, -8.190585028410085 ], [ 113.828247748018413, -8.190501996618048 ], [ 113.82810928978536, -8.190431253361846 ], [ 113.828042468602959, -8.190312198244891 ], [ 113.827922174304945, -8.190265232788793 ], [ 113.827808341588792, -8.19028396014502 ], [ 113.827741902190354, -8.190218686607212 ], [ 113.827627858370107, -8.190207535327804 ], [ 113.827568132081794, -8.190243810784285 ], [ 113.827376032748191, -8.190221253374547 ], [ 113.827297805656613, -8.190185943426421 ], [ 113.827309084903334, -8.190084270230875 ], [ 113.827464523091862, -8.190011467240048 ], [ 113.827614300097522, -8.189986511150186 ], [ 113.827734258425622, -8.189985669872122 ], [ 113.827763783354058, -8.189919725003788 ], [ 113.827703254870187, -8.189842459890333 ], [ 113.827612866386318, -8.189783332042969 ], [ 113.827547268709338, -8.189837576642846 ], [ 113.827409741130907, -8.189898303017376 ], [ 113.827259794343689, -8.189899352559499 ], [ 113.82722287807708, -8.189768136979533 ], [ 113.827228328155897, -8.18969040786763 ], [ 113.827342159973767, -8.18967168145204 ], [ 113.827377809615811, -8.189623621769602 ], [ 113.827369237891375, -8.189259135107736 ], [ 113.827411055366156, -8.189234938130879 ], [ 113.827680663139134, -8.189191213676676 ], [ 113.827883996803706, -8.189106122365359 ], [ 113.828010373594509, -8.189164998005907 ], [ 113.828076730347888, -8.189218319037824 ], [ 113.828131217661436, -8.189289650338381 ], [ 113.82825788909966, -8.189390357831845 ], [ 113.828317867814548, -8.189389935823272 ], [ 113.828378353179247, -8.189461226962459 ], [ 113.828431659208206, -8.189365233707223 ], [ 113.828454088344245, -8.189143958789534 ], [ 113.828345578146113, -8.189067029967774 ], [ 113.828279053407769, -8.188989806120158 ], [ 113.828272042056952, -8.18884642658786 ], [ 113.828415821011461, -8.188821514414091 ], [ 113.828829715287014, -8.188824588130313 ], [ 113.829069965218181, -8.188870712145139 ] ] ] } },
{ "type": "Feature", "properties": { "fid": 284, "class_id": 1, "class_name": "Sawah", "source": "Kementan", "source_class": "Banyuwangi", "kode": "VALID", "alasan": "", "n_valid": 1517, "n_nodata": 0, "status_v5": "ok" }, "geometry": { "type": "Polygon", "coordinates": [ [ [ 114.313062667808396, -8.203731537000714 ], [ 114.313154219610567, -8.20371627838894 ], [ 114.313184738075691, -8.203664779664958 ], [ 114.313291549559622, -8.203620910251361 ], [ 114.313341140156581, -8.203636169773036 ], [ 114.313413620725257, -8.203756332246057 ], [ 114.313493727990718, -8.203704834430489 ], [ 114.313631057939801, -8.203754424919435 ], [ 114.313673019145014, -8.203876494754452 ], [ 114.313695908218463, -8.203897476267485 ], [ 114.313932419361407, -8.203952788762427 ], [ 114.313947678144842, -8.2039966582117 ], [ 114.314020156916911, -8.204030990112567 ], [ 114.314021917614852, -8.2040393520282 ], [ 114.314027786308586, -8.204067231171337 ], [ 114.314065933267131, -8.204101563078151 ], [ 114.314107895370682, -8.204252243863564 ], [ 114.314153671720945, -8.204195022172421 ], [ 114.31421852110131, -8.20424652096332 ], [ 114.314222336246317, -8.204446792375338 ], [ 114.314310073801806, -8.204597473288228 ], [ 114.314252853813144, -8.204633712570358 ], [ 114.314254760936493, -8.204690933409546 ], [ 114.314317704091835, -8.20469093432302 ], [ 114.3142948150184, -8.204761504662304 ], [ 114.314340591368619, -8.204811097106605 ], [ 114.314390182863889, -8.204839707080895 ], [ 114.314405441647324, -8.204925537015795 ], [ 114.314447402852537, -8.204933167257682 ], [ 114.314512253131227, -8.204982756982421 ], [ 114.314599990686702, -8.205110550097151 ], [ 114.314630508253543, -8.205123902341509 ], [ 114.314662932943705, -8.205080986437467 ], [ 114.314657210675364, -8.20501708987973 ], [ 114.314706802170633, -8.20501708987973 ], [ 114.314779281840998, -8.204957961662563 ], [ 114.314729690345743, -8.204866408811895 ], [ 114.314683914893806, -8.204879761048263 ], [ 114.314615250368433, -8.204946518582762 ], [ 114.314546585843075, -8.204902649944861 ], [ 114.314447402852537, -8.204782485307376 ], [ 114.314378739225489, -8.204610823688853 ], [ 114.314367292892143, -8.204545974453049 ], [ 114.314298630163393, -8.204483031644097 ], [ 114.314290999873393, -8.20422363210352 ], [ 114.314275741089958, -8.204166413156804 ], [ 114.314233779884717, -8.204132080331066 ], [ 114.314149856575938, -8.204130173002689 ], [ 114.314124893292501, -8.204083648991361 ], [ 114.314107896269022, -8.204051971633543 ], [ 114.314134597792517, -8.203971862038278 ], [ 114.31432151744022, -8.204042434080167 ], [ 114.314592362193324, -8.204183579114021 ], [ 114.314613740300445, -8.204287417093466 ], [ 114.314619064615144, -8.204313278394231 ], [ 114.314615248571812, -8.20438385140862 ], [ 114.314687729140516, -8.204433441980084 ], [ 114.314722060954026, -8.20442581174753 ], [ 114.314683914893806, -8.204326629699031 ], [ 114.314697489336083, -8.204319101777319 ], [ 114.314893722716633, -8.204210280802091 ], [ 114.314985276315454, -8.204101563078151 ], [ 114.315050123899155, -8.204114914376021 ], [ 114.315160752324729, -8.20424461363441 ], [ 114.315290451085431, -8.204507826935096 ], [ 114.315340041682404, -8.204492569207773 ], [ 114.315393449220977, -8.204492569207773 ], [ 114.315443038919597, -8.204549790027167 ], [ 114.315443038919597, -8.204656601453161 ], [ 114.315458296804707, -8.204708099388828 ], [ 114.315565109186906, -8.20476341199363 ], [ 114.31557164532893, -8.204777763565973 ], [ 114.315652846742424, -8.204956054330337 ], [ 114.315721512166093, -8.20504188520318 ], [ 114.315786362444797, -8.205083847436695 ], [ 114.315809249721568, -8.205192566335807 ], [ 114.315801621228189, -8.205291748594776 ], [ 114.315835952143402, -8.205341340190035 ], [ 114.315809249721568, -8.205377578624757 ], [ 114.315851210926823, -8.20544242890619 ], [ 114.315977097237479, -8.205440520658216 ], [ 114.315977097237479, -8.205484390267424 ], [ 114.315919877248817, -8.205513001202394 ], [ 114.315790175793168, -8.205535889221036 ], [ 114.315809248823271, -8.205579757927021 ], [ 114.315969466947465, -8.205598831278914 ], [ 114.316011429051017, -8.20556259191107 ], [ 114.316076278431368, -8.205541611225899 ], [ 114.316114426288223, -8.20558357259733 ], [ 114.316209793235416, -8.205762863055527 ], [ 114.316308975327601, -8.205810547371817 ], [ 114.316358565924574, -8.205797195104992 ], [ 114.316411971666525, -8.205839158329656 ], [ 114.316312789574326, -8.206012725975143 ], [ 114.316297530790891, -8.206090926806576 ], [ 114.316297530790891, -8.206226348707492 ], [ 114.316335677749436, -8.206291199123825 ], [ 114.316343308039478, -8.206340789013611 ], [ 114.316308975327601, -8.206428528430333 ], [ 114.316244125048954, -8.206464767875088 ], [ 114.316202977717367, -8.206474448900927 ], [ 114.316199800376197, -8.206475196124858 ], [ 114.316179275668574, -8.206480025676157 ], [ 114.316083907823099, -8.206472397232284 ], [ 114.315960078654427, -8.206343104676272 ], [ 114.315957321724795, -8.206340226312157 ], [ 114.31595420816403, -8.206336975249704 ], [ 114.3158931739287, -8.206159590963599 ], [ 114.315820694258292, -8.206094742395139 ], [ 114.315603256145451, -8.205724716337286 ], [ 114.315385818032624, -8.205604553284664 ], [ 114.31531333926057, -8.205604554198136 ], [ 114.31522941505348, -8.205562590997598 ], [ 114.315156936281397, -8.205492019606298 ], [ 114.315061570232501, -8.205471038924745 ], [ 114.314939499066853, -8.205421447313723 ], [ 114.314889907571626, -8.205392837298646 ], [ 114.314855574859763, -8.205345153031173 ], [ 114.314729690345743, -8.205415726224025 ], [ 114.314790724581101, -8.2054767609287 ], [ 114.31480979940784, -8.205554961657413 ], [ 114.314855575758088, -8.20556259191107 ], [ 114.314855574859763, -8.205591201938052 ], [ 114.314825058191261, -8.205627442221909 ], [ 114.314813613654536, -8.205713272322512 ], [ 114.314790724581101, -8.205757141047563 ], [ 114.314855574859763, -8.205785751088182 ], [ 114.314855575758088, -8.205720900752183 ], [ 114.31492042603675, -8.205591201938052 ], [ 114.31492042603675, -8.20569801363664 ], [ 114.315294265332142, -8.205738066774792 ], [ 114.315431595281211, -8.205808640035594 ], [ 114.315542221011796, -8.205814361130809 ], [ 114.315599441898783, -8.20591545087763 ], [ 114.315576552825334, -8.20599365169042 ], [ 114.315580367970341, -8.206144333174521 ], [ 114.315614699783879, -8.20628738444691 ], [ 114.315595626753776, -8.206315993611227 ], [ 114.31555366644686, -8.206338882588394 ], [ 114.315566520440257, -8.206467433400009 ], [ 114.315566695611722, -8.206469188188713 ], [ 114.315576552825334, -8.206567764209341 ], [ 114.315568924331956, -8.206596375220281 ], [ 114.31551203312668, -8.20660306735256 ], [ 114.315511921735606, -8.206603080141242 ], [ 114.315504074053251, -8.206604003666463 ], [ 114.315416335599451, -8.206661223868482 ], [ 114.315389633177631, -8.206754685375982 ], [ 114.315324782898969, -8.206863402893342 ], [ 114.315179825354832, -8.206808090003854 ], [ 114.314985276315454, -8.206651688081065 ], [ 114.31493568392186, -8.206579209161559 ], [ 114.314828872437943, -8.206592559627024 ], [ 114.314786911232716, -8.206628799086351 ], [ 114.314714431562336, -8.206636429360099 ], [ 114.314683914893806, -8.206680298184406 ], [ 114.314691544285523, -8.206729889948445 ], [ 114.314737319737446, -8.206758500057269 ], [ 114.314802170016108, -8.206743241332317 ], [ 114.314836501829646, -8.206792832190521 ], [ 114.314916609993446, -8.206800459726901 ], [ 114.314958572096998, -8.206834792777151 ], [ 114.315038681159095, -8.206842423054754 ], [ 114.315290450187135, -8.206939698373279 ], [ 114.315294266230467, -8.207019805810779 ], [ 114.315263747765314, -8.207113265573474 ], [ 114.315245008010166, -8.207238817679501 ], [ 114.315244673836872, -8.207241058442021 ], [ 114.31524016788741, -8.207248337038022 ], [ 114.315195084138239, -8.207321167765658 ], [ 114.315130233859577, -8.207370757780637 ], [ 114.315073013870929, -8.20749473604163 ], [ 114.315054558881727, -8.207613369573245 ], [ 114.315051900766804, -8.207630458029739 ], [ 114.315046309652473, -8.207666397046554 ], [ 114.315027205181337, -8.207679423262412 ], [ 114.315017664174704, -8.207685929062661 ], [ 114.315004348447218, -8.207695008134541 ], [ 114.314867019396473, -8.207746504626758 ], [ 114.31483268758295, -8.207767487252276 ], [ 114.314794540624433, -8.207818984667123 ], [ 114.314775465797666, -8.207798003865912 ], [ 114.31471061731564, -8.207805634161522 ], [ 114.31467246856046, -8.207790375397403 ], [ 114.314630508253543, -8.207748412885518 ], [ 114.314573288264896, -8.207740784417927 ], [ 114.314527511914619, -8.207698821911144 ], [ 114.314485549811081, -8.207698821911144 ], [ 114.314401625603978, -8.207807539680122 ], [ 114.314340592266944, -8.207742690849702 ], [ 114.314363480442069, -8.207571028899196 ], [ 114.314470291027689, -8.207534789356172 ], [ 114.314504622841184, -8.20759201060222 ], [ 114.314599990686702, -8.207597732635913 ], [ 114.314641951891929, -8.207561493090516 ], [ 114.314657210675364, -8.207532882925371 ], [ 114.314611435223426, -8.207527160892585 ], [ 114.314584731903281, -8.207418441371374 ], [ 114.314489364057792, -8.207391738559874 ], [ 114.314340592266944, -8.207378388068255 ], [ 114.314290999873393, -8.207456589161456 ], [ 114.314271927741586, -8.207536696700462 ], [ 114.314241410174745, -8.20755004811074 ], [ 114.31403160055531, -8.207551956368579 ], [ 114.31398200995838, -8.207574843588128 ], [ 114.313852309401014, -8.207468033225133 ], [ 114.31385231029931, -8.207431792777781 ], [ 114.31353569009427, -8.207313536565625 ], [ 114.313375472868415, -8.207271575929756 ], [ 114.313295363806319, -8.207221984099869 ], [ 114.313009262066416, -8.207151413335019 ], [ 114.3127841945619, -8.207038879230002 ], [ 114.312685013367997, -8.207012176443346 ], [ 114.312623978234342, -8.206939696546319 ], [ 114.312616347944299, -8.206897735948898 ], [ 114.312654495801169, -8.206783293659594 ], [ 114.312704086398099, -8.206716537651534 ], [ 114.312814712128727, -8.206480025676157 ], [ 114.312814712128727, -8.206430434855976 ], [ 114.312932968149354, -8.205991745266815 ], [ 114.31312370294205, -8.206075668106582 ], [ 114.313066482953403, -8.206205367074713 ], [ 114.313058852663389, -8.206392288075314 ], [ 114.312997818428016, -8.206514357785968 ], [ 114.312925338757651, -8.206607818346351 ], [ 114.313013077211451, -8.206628799086351 ], [ 114.313119887797029, -8.20668602020532 ], [ 114.31320762714914, -8.206764221165805 ], [ 114.313322068024775, -8.206741333078259 ], [ 114.313364029229987, -8.206718444078515 ], [ 114.313371657723408, -8.206626892659786 ], [ 114.313291549559622, -8.206611633939749 ], [ 114.313219069889229, -8.206556320170918 ], [ 114.313169479292299, -8.206556320170918 ], [ 114.313131333232064, -8.206535340348122 ], [ 114.313116072652022, -8.206462859622333 ], [ 114.313161849900581, -8.206361770653363 ], [ 114.313158034755574, -8.206304549579867 ], [ 114.313222885034236, -8.206096649732691 ], [ 114.313344956199884, -8.206174849666732 ], [ 114.31336021408498, -8.206138611161204 ], [ 114.31338691740514, -8.206123353372899 ], [ 114.313489912845725, -8.206188201945915 ], [ 114.313806533949091, -8.206285477108457 ], [ 114.3139286042164, -8.206348419281973 ], [ 114.313974379668323, -8.206405640361622 ], [ 114.314031602351932, -8.20644760090843 ], [ 114.314065933267131, -8.20639038073638 ], [ 114.314096450833972, -8.206382752294184 ], [ 114.314111708719068, -8.206434248620756 ], [ 114.314153671720945, -8.206418990821396 ], [ 114.314161301112662, -8.206476210997467 ], [ 114.314073561760523, -8.206533432095037 ], [ 114.314012528423504, -8.206657410101569 ], [ 114.313974379668323, -8.206678390844127 ], [ 114.313970566319952, -8.206707000035864 ], [ 114.3139286042164, -8.206729889034968 ], [ 114.313955306638221, -8.206785201913847 ], [ 114.314043045092021, -8.206785201913847 ], [ 114.314046860237042, -8.20681381202656 ], [ 114.314073561760523, -8.206829070754161 ], [ 114.314138412937524, -8.206830979008627 ], [ 114.314176559896055, -8.206783293659594 ], [ 114.314199448071193, -8.206726074353941 ], [ 114.314191817781165, -8.206611633939749 ], [ 114.31421852110131, -8.206533432095037 ], [ 114.314306258656799, -8.206539153200406 ], [ 114.314355850152054, -8.206581115587905 ], [ 114.314439774359144, -8.20648384126836 ], [ 114.314149855677613, -8.206285477108457 ], [ 114.313974379668323, -8.206258774371113 ], [ 114.313772201237214, -8.20614433226104 ], [ 114.31353569009427, -8.206092834144108 ], [ 114.313470840713919, -8.206043243370987 ], [ 114.313440323147077, -8.205957413200982 ], [ 114.31336021408498, -8.205907820617371 ], [ 114.313318252879768, -8.205936431582025 ], [ 114.313318251981428, -8.206008911300819 ], [ 114.313268662282795, -8.206037521359095 ], [ 114.313043593879954, -8.205888748164499 ], [ 114.312929153902658, -8.205753326375634 ], [ 114.312898636335817, -8.205814362044284 ], [ 114.312837601202176, -8.205833435407154 ], [ 114.312749861850037, -8.205821991389321 ], [ 114.312696457006382, -8.205791474010024 ], [ 114.312646866409452, -8.205804825363188 ], [ 114.312635420974445, -8.205833435407154 ], [ 114.312635421872727, -8.205883026154776 ], [ 114.312746049399991, -8.205923080224563 ], [ 114.312791824851914, -8.206089020382519 ], [ 114.312742233356644, -8.206312179847552 ], [ 114.312723160326541, -8.206346511943238 ], [ 114.312635421872727, -8.206365586244459 ], [ 114.312437056790003, -8.20634460460451 ], [ 114.312379836801341, -8.206314087186128 ], [ 114.312326431059418, -8.206243514751364 ], [ 114.312238692605604, -8.206212998254008 ], [ 114.312158584441846, -8.206214904678644 ], [ 114.312074661133039, -8.20619201570844 ], [ 114.312063216596329, -8.206130980896774 ], [ 114.312097550206474, -8.20608901855557 ], [ 114.312177658370246, -8.206100462580885 ], [ 114.312204359893769, -8.206029892010021 ], [ 114.312204359893769, -8.205736160352386 ], [ 114.312219619575501, -8.205677032031021 ], [ 114.312211991082108, -8.205598832192397 ], [ 114.312166213833521, -8.205598832192397 ], [ 114.312112808091584, -8.205558777240965 ], [ 114.311967848750797, -8.205553055235859 ], [ 114.311792373639832, -8.205602645949405 ], [ 114.311643600950703, -8.20562172021585 ], [ 114.311517716436654, -8.20557403592162 ], [ 114.311498641609916, -8.205492019606298 ], [ 114.31153297432175, -8.20528793301372 ], [ 114.311582564918723, -8.205204010335981 ], [ 114.311647415197385, -8.20504188520318 ], [ 114.311681747010923, -8.204904556363378 ], [ 114.311758040928012, -8.205005645884798 ], [ 114.31180000303155, -8.20501708987973 ], [ 114.311868667556922, -8.204980848736598 ], [ 114.311964035402411, -8.204978942317737 ], [ 114.312036515072819, -8.204950332333683 ], [ 114.311941147227301, -8.204879761048263 ], [ 114.311769486363033, -8.204788208215138 ], [ 114.311590194310426, -8.204738616687099 ], [ 114.311494827363234, -8.20474052401832 ], [ 114.311227798653448, -8.204656602366631 ], [ 114.311223984406766, -8.204734802024689 ], [ 114.311315536208909, -8.204816818187824 ], [ 114.311357498312503, -8.204841614412578 ], [ 114.311384200734281, -8.204805374198511 ], [ 114.311494827363234, -8.204828262177459 ], [ 114.31159782460044, -8.204916001268943 ], [ 114.311597823702115, -8.204965590991595 ], [ 114.31153297432175, -8.205156326090565 ], [ 114.311460494651371, -8.205245971672689 ], [ 114.311445236766261, -8.205390929964377 ], [ 114.311309185119867, -8.205546822598533 ], [ 114.311262131365311, -8.205600737700681 ], [ 114.311216355015048, -8.205522537876671 ], [ 114.311204909579985, -8.205451964665352 ], [ 114.311185837448221, -8.205421448227197 ], [ 114.31114813156249, -8.205401870645785 ], [ 114.311086653559357, -8.205369950201504 ], [ 114.311037063860752, -8.205495834275782 ], [ 114.311002732047214, -8.205513000288922 ], [ 114.310853959358084, -8.205503463614869 ], [ 114.31079292332609, -8.205545425895853 ], [ 114.310758590614228, -8.205610275290489 ], [ 114.310708999119001, -8.205629347730339 ], [ 114.310575485213249, -8.2054634086728 ], [ 114.310537339153015, -8.205362319951446 ], [ 114.310537339153015, -8.205312429647606 ], [ 114.310537339153015, -8.205230713004299 ], [ 114.310472488874353, -8.205158234337208 ], [ 114.310377121028822, -8.205142974758621 ], [ 114.310224533194685, -8.205072403439893 ], [ 114.310117720812443, -8.204959869908281 ], [ 114.310029984155292, -8.204816818187824 ], [ 114.310019013030711, -8.204803187344265 ], [ 114.309904098742948, -8.204660416114832 ], [ 114.309961318731595, -8.204364777200045 ], [ 114.309965133876602, -8.204265595166369 ], [ 114.310106277174057, -8.204284666629896 ], [ 114.310430526770801, -8.204364776286575 ], [ 114.310464858584339, -8.204389571570388 ], [ 114.310464858584339, -8.204454421694811 ], [ 114.310525892819669, -8.204496383867919 ], [ 114.310548781893118, -8.204454421694811 ], [ 114.310609817026773, -8.204483031644097 ], [ 114.310632705201911, -8.204530715810826 ], [ 114.310873032388187, -8.204599379705318 ], [ 114.31089210541829, -8.204635619901088 ], [ 114.311037063860752, -8.204711914050982 ], [ 114.311109542632806, -8.204694747158069 ], [ 114.311140061097959, -8.204578399983129 ], [ 114.311067582325876, -8.204505921431906 ], [ 114.31091880784011, -8.204414367769182 ], [ 114.310838698778028, -8.204416275098888 ], [ 114.310716629409001, -8.204374312934014 ], [ 114.310636520346918, -8.204374312934014 ], [ 114.310541151603104, -8.204332350773459 ], [ 114.310319901040174, -8.204277039140546 ], [ 114.31013679474087, -8.204198836829786 ], [ 114.310037612648671, -8.204055787203043 ], [ 114.310041426895395, -8.203948975020829 ], [ 114.310161370850437, -8.203799046133769 ], [ 114.310186386236154, -8.20376777711942 ], [ 114.310205460164582, -8.203674316296043 ], [ 114.310255049863187, -8.203617095599396 ], [ 114.310377120130525, -8.203617097426342 ], [ 114.310571670068242, -8.203680038274804 ], [ 114.310739516685828, -8.203678131862013 ], [ 114.310831070284635, -8.203741073633356 ], [ 114.310949325406952, -8.203783035733117 ], [ 114.311048508397477, -8.203962326313711 ], [ 114.311059952035862, -8.204027174543302 ], [ 114.311101913241117, -8.204084396210911 ], [ 114.311223984406766, -8.204103470406393 ], [ 114.311208724725034, -8.204175949799609 ], [ 114.311273575003696, -8.204181670871927 ], [ 114.311346053775779, -8.204145431629936 ], [ 114.311418531649537, -8.204231262332293 ], [ 114.311571121280295, -8.204288483115048 ], [ 114.311780930001447, -8.20429229685981 ], [ 114.31184577938177, -8.204227446761156 ], [ 114.311895369978743, -8.204227447674624 ], [ 114.311967849649122, -8.204191208428567 ], [ 114.312101363554859, -8.204175948886139 ], [ 114.312134806036227, -8.204280457351926 ], [ 114.312147139905122, -8.204319000381943 ], [ 114.312211990183783, -8.204347610321733 ], [ 114.312234878358893, -8.204296113345029 ], [ 114.312221744989472, -8.204253432290274 ], [ 114.312219618677162, -8.20424652096332 ], [ 114.31227684136077, -8.204202652400658 ], [ 114.31239128133808, -8.204166412243334 ], [ 114.312410355266508, -8.204114914376021 ], [ 114.31246757525517, -8.204036712096324 ], [ 114.312582015232451, -8.20395660341752 ], [ 114.312761307285086, -8.203905105576693 ], [ 114.312841415448844, -8.203954696089975 ], [ 114.312875526276841, -8.204050204066647 ], [ 114.312879563305714, -8.204061508273684 ], [ 114.312879562407389, -8.204139708731189 ], [ 114.31280708273701, -8.204305648163924 ], [ 114.312803269388638, -8.204513549839008 ], [ 114.312788009706907, -8.204614639263577 ], [ 114.312879563305714, -8.204513548925537 ], [ 114.312952041179472, -8.204542158878967 ], [ 114.312982559644595, -8.204576491739198 ], [ 114.312990189036313, -8.204656601453161 ], [ 114.312948226034464, -8.204742431349548 ], [ 114.313020705704844, -8.204784392638802 ], [ 114.313055038416678, -8.204862595061769 ], [ 114.313127517188761, -8.20488357571203 ], [ 114.313150406262196, -8.204906463695364 ], [ 114.313184738075691, -8.204818724605937 ], [ 114.313226700179243, -8.204761504662304 ], [ 114.313299178951326, -8.204782485307376 ], [ 114.313360214983305, -8.204954146998109 ], [ 114.313425064363685, -8.204975127653077 ], [ 114.313505171629146, -8.205045699868462 ], [ 114.313577652197822, -8.205087661188889 ], [ 114.313688277928449, -8.205131530760161 ], [ 114.313741683670386, -8.205051422779915 ], [ 114.313741683670386, -8.205015182547216 ], [ 114.313653947013236, -8.204986571647153 ], [ 114.313589095836249, -8.204944611250589 ], [ 114.313467024670601, -8.204917907687511 ], [ 114.31340980558025, -8.204868317057183 ], [ 114.313379288013422, -8.204767226656308 ], [ 114.313322067126435, -8.204710006719896 ], [ 114.313192368365748, -8.204647062972171 ], [ 114.313127517188761, -8.204633711656891 ], [ 114.312952042077768, -8.204441071299302 ], [ 114.313009261168119, -8.204376221177002 ], [ 114.313051223271671, -8.204376220263532 ], [ 114.313100813868601, -8.204404831120806 ], [ 114.313138961725485, -8.204385757824712 ], [ 114.313123703840375, -8.204288483115048 ], [ 114.312966094423757, -8.204022050883312 ], [ 114.312963484817857, -8.204017638817442 ], [ 114.312876173962138, -8.203657479209586 ], [ 114.312875405004263, -8.203654305813483 ], [ 114.312871933015671, -8.203639984425177 ], [ 114.31289482119081, -8.203588484797347 ], [ 114.312944412686051, -8.203609467209052 ], [ 114.312947758910511, -8.203613371381033 ], [ 114.312949285148164, -8.203615151734617 ], [ 114.313024520849851, -8.203702927104109 ], [ 114.313062667808396, -8.203731537000714 ] ], [ [ 114.313886642112848, -8.205207824089298 ], [ 114.313859939691028, -8.205436705989252 ], [ 114.313779830628931, -8.205488204936843 ], [ 114.313760757598814, -8.20551681495861 ], [ 114.313753128207111, -8.20561790463171 ], [ 114.313703535813545, -8.205732345680646 ], [ 114.313695908218463, -8.205833435407154 ], [ 114.31366157460829, -8.205940246255672 ], [ 114.313756941555482, -8.20590210043432 ], [ 114.313791275165656, -8.205785751088182 ], [ 114.313840865762586, -8.205720900752183 ], [ 114.313856125444346, -8.205635069736504 ], [ 114.313890457257855, -8.205585479019019 ], [ 114.313955306638221, -8.205570221251408 ], [ 114.313913345432994, -8.205619811967038 ], [ 114.31390571604129, -8.205671310024266 ], [ 114.313955308434842, -8.205734253016512 ], [ 114.314008712380186, -8.205720900752183 ], [ 114.314043045092021, -8.205656052253438 ], [ 114.314027786308586, -8.205598831278914 ], [ 114.313955306638221, -8.205484390267424 ], [ 114.313940047854828, -8.205434797741306 ], [ 114.314004897235151, -8.205240248758507 ], [ 114.314096449935661, -8.205238342338422 ], [ 114.314184189287772, -8.205316543021443 ], [ 114.314283371379972, -8.205329895272538 ], [ 114.314420700430716, -8.205387116209348 ], [ 114.314657210675364, -8.205381393293177 ], [ 114.314527511914619, -8.205287933927194 ], [ 114.314447402852537, -8.205253601007104 ], [ 114.314275741089958, -8.205240249671977 ], [ 114.314172743852751, -8.205154418757402 ], [ 114.314043045092021, -8.205099106099603 ], [ 114.313951493289835, -8.205106735431261 ], [ 114.313886642112848, -8.205207824089298 ] ], [ [ 114.312627791582713, -8.205499648945308 ], [ 114.312723159428202, -8.20547485359404 ], [ 114.312776565170182, -8.205522537876671 ], [ 114.312837601202176, -8.205539702977461 ], [ 114.312891006944113, -8.20550918561927 ], [ 114.312944412686051, -8.205503463614869 ], [ 114.312997818428016, -8.2053718566222 ], [ 114.313001632674741, -8.205301285263879 ], [ 114.312929153902658, -8.205301285263879 ], [ 114.312902450582499, -8.205352783280906 ], [ 114.312868118769003, -8.205381393293177 ], [ 114.312723160326541, -8.205381393293177 ], [ 114.312620163089335, -8.205318451268836 ], [ 114.312578200985755, -8.205253601007104 ], [ 114.312360763771238, -8.205091476768072 ], [ 114.312147139905122, -8.205013275214712 ], [ 114.312017441144377, -8.205104828098332 ], [ 114.311975479939136, -8.205110550097151 ], [ 114.311941147227301, -8.205146790338322 ], [ 114.312005996607667, -8.205183028755764 ], [ 114.312173843225239, -8.205324173270652 ], [ 114.312273026215763, -8.205358505283204 ], [ 114.312273026215763, -8.205425262896027 ], [ 114.31231498742099, -8.205461502251675 ], [ 114.312345504089521, -8.205568313916309 ], [ 114.312417983759886, -8.20557403592162 ], [ 114.31244087193501, -8.205543517647397 ], [ 114.312490464328604, -8.205577850591879 ], [ 114.312536239780528, -8.20556068457601 ], [ 114.312524795243817, -8.205619811967038 ], [ 114.312593459769175, -8.205602645949405 ], [ 114.312627791582713, -8.205499648945308 ] ], [ [ 114.314664840965364, -8.206209182664345 ], [ 114.314592362193324, -8.206195831297952 ], [ 114.314588547048317, -8.206245423003093 ], [ 114.314611434325101, -8.2063674926698 ], [ 114.314691544285523, -8.206436156873378 ], [ 114.314943314211902, -8.20644760090843 ], [ 114.315011978737274, -8.206514358699444 ], [ 114.315073012972604, -8.206527710076264 ], [ 114.315130232961252, -8.206499099983615 ], [ 114.315107345684467, -8.206363677992169 ], [ 114.31505012479748, -8.206335067911022 ], [ 114.315004348447218, -8.206350326620717 ], [ 114.314874648788191, -8.206336975249704 ], [ 114.314817428799543, -8.20628738444691 ], [ 114.31480979940784, -8.206193923959928 ], [ 114.314752579419178, -8.206123351545953 ], [ 114.314725876099061, -8.206190109283913 ], [ 114.314664840965364, -8.206209182664345 ] ], [ [ 114.31422424426799, -8.207138061024313 ], [ 114.314245225319752, -8.206949234167427 ], [ 114.3142070765646, -8.206970214924986 ], [ 114.31416511535933, -8.206941603887827 ], [ 114.31409263658729, -8.20692825341094 ], [ 114.314043045092021, -8.206979750719842 ], [ 114.314050673585413, -8.207050324195436 ], [ 114.31422424426799, -8.207138061024313 ] ] ] } },
{ "type": "Feature", "properties": { "fid": 291, "class_id": 1, "class_name": "Sawah", "source": "Kementan", "source_class": "Bondowoso", "kode": "VALID", "alasan": "", "n_valid": 553, "n_nodata": 0, "status_v5": "ok" }, "geometry": { "type": "Polygon", "coordinates": [ [ [ 113.94605536020336, -7.826988686640152 ], [ 113.946180280825104, -7.826988685727504 ], [ 113.946412278832042, -7.827030327089534 ], [ 113.946555046283521, -7.827054121633862 ], [ 113.946531251708279, -7.82744078407716 ], [ 113.946953606317194, -7.827506219139975 ], [ 113.947173707036569, -7.827488374125412 ], [ 113.947179479610583, -7.827714769398365 ], [ 113.947209496815802, -7.827958515168529 ], [ 113.947245189576961, -7.828035846697462 ], [ 113.947393905672257, -7.828148871972949 ], [ 113.947405802959878, -7.828238101754168 ], [ 113.947405802959878, -7.828321382900084 ], [ 113.947370111097001, -7.828458201960702 ], [ 113.947352265165605, -7.828565277777785 ], [ 113.947435547077262, -7.828612867038421 ], [ 113.947518828090608, -7.828571226435077 ], [ 113.947524775836087, -7.828648558074717 ], [ 113.947500981260873, -7.828767532172033 ], [ 113.947417700247499, -7.82883891518606 ], [ 113.947346317420084, -7.828916247786722 ], [ 113.947298727371276, -7.828975735324778 ], [ 113.947257085966299, -7.829023323718408 ], [ 113.947221395001705, -7.829136349254681 ], [ 113.947221395001705, -7.829274781232302 ], [ 113.947221395001705, -7.829338603006172 ], [ 113.94716190766529, -7.829326704757688 ], [ 113.94703698704356, -7.829285064997536 ], [ 113.94699534563857, -7.829326704757688 ], [ 113.946918013269041, -7.82930885966721 ], [ 113.946787143105169, -7.829350500342335 ], [ 113.946721708023261, -7.829308858754557 ], [ 113.946620581078434, -7.829285064997536 ], [ 113.946507556846029, -7.829255320749645 ], [ 113.946400481257442, -7.829314808334837 ], [ 113.946293404770515, -7.829344550761561 ], [ 113.946138740031415, -7.829314808334837 ], [ 113.946031664442827, -7.829291012752183 ], [ 113.945930536599704, -7.829255321662298 ], [ 113.945954332073256, -7.829112553681941 ], [ 113.945912690668266, -7.82901142639134 ], [ 113.945793717792043, -7.82899952906461 ], [ 113.94570448903319, -7.829035221045806 ], [ 113.945615259375998, -7.829070913029976 ], [ 113.945508181990775, -7.829017375054832 ], [ 113.945034079031586, -7.828944435940226 ], [ 113.945044899239193, -7.82881459394275 ], [ 113.945052598699476, -7.828722192578992 ], [ 113.945089021790992, -7.828407475025312 ], [ 113.945096278381854, -7.828351602573843 ], [ 113.945119224947476, -7.828174917174021 ], [ 113.945147777898782, -7.827856069372546 ], [ 113.94519536704928, -7.827447396214144 ], [ 113.945207265235211, -7.827155912869516 ], [ 113.94522273871597, -7.826800518879037 ], [ 113.945293931998876, -7.826810226704601 ], [ 113.945478339957035, -7.82685186804927 ], [ 113.945656800169687, -7.826905405753539 ], [ 113.945835260382353, -7.826941096647454 ], [ 113.945918541395699, -7.826941097560102 ], [ 113.94605536020336, -7.826988686640152 ] ] ] } },
{ "type": "Feature", "properties": { "fid": 305, "class_id": 1, "class_name": "Sawah", "source": "Kementan", "source_class": "Jember", "kode": "VALID", "alasan": "", "n_valid": 284, "n_nodata": 0, "status_v5": "ok" }, "geometry": { "type": "Polygon", "coordinates": [ [ [ 113.882471284768243, -8.178765100837332 ], [ 113.882409290233852, -8.178818131874761 ], [ 113.882174672739524, -8.178886735731609 ], [ 113.882122170702729, -8.178925355834275 ], [ 113.881954414815013, -8.178950457395821 ], [ 113.881812355235979, -8.178937325226119 ], [ 113.881810373552455, -8.178937141629675 ], [ 113.881713626792973, -8.178827876184778 ], [ 113.881651252271254, -8.178828321931247 ], [ 113.881560196339095, -8.178843312896845 ], [ 113.881502997910005, -8.178896310148057 ], [ 113.881484148560418, -8.178944250739786 ], [ 113.881431648320245, -8.178982870847877 ], [ 113.881129585314412, -8.179013711401327 ], [ 113.881082051859451, -8.179076199061029 ], [ 113.881082566594102, -8.179147906747353 ], [ 113.881112076251185, -8.179248092010747 ], [ 113.881246659152097, -8.179280596827956 ], [ 113.88149056342985, -8.179168899778897 ], [ 113.881610339399941, -8.179144141648219 ], [ 113.881691972004745, -8.179153119610286 ], [ 113.881700762019818, -8.179174566609687 ], [ 113.88171150766722, -8.179200787120788 ], [ 113.881419830982693, -8.179341509799139 ], [ 113.881299984943993, -8.179356708128973 ], [ 113.881223700010082, -8.179424182180199 ], [ 113.881190697703175, -8.179505690885438 ], [ 113.881095221161516, -8.179573301060282 ], [ 113.880884729720762, -8.179660856614102 ], [ 113.880909200727416, -8.179727610942932 ], [ 113.880909613054129, -8.179784978095693 ], [ 113.880848235662341, -8.179924056823646 ], [ 113.880795766863244, -8.179967457851035 ], [ 113.880762868760897, -8.180063307321378 ], [ 113.88069590384805, -8.180092469094458 ], [ 113.880585620375541, -8.180102818117346 ], [ 113.880508544025844, -8.180060341454267 ], [ 113.880431123621406, -8.179970059263919 ], [ 113.880243008316086, -8.179832759856911 ], [ 113.880102666315878, -8.179666434850271 ], [ 113.880030456140062, -8.179633485168493 ], [ 113.879953105804233, -8.179552763802841 ], [ 113.879866810943099, -8.179562940176362 ], [ 113.87985810806461, -8.179687301856887 ], [ 113.879983007126782, -8.179834480734806 ], [ 113.879983485030507, -8.179835043399766 ], [ 113.880148457937494, -8.180029444190078 ], [ 113.880125187978393, -8.180130005083939 ], [ 113.880053495232161, -8.18016876231659 ], [ 113.879972857062384, -8.180298418352903 ], [ 113.879790705672235, -8.180323619561236 ], [ 113.879685494986134, -8.180372177790918 ], [ 113.879603998026937, -8.18038232038834 ], [ 113.879522193843925, -8.180349439155309 ], [ 113.87941691308923, -8.180388435724344 ], [ 113.879325545441674, -8.180360402915223 ], [ 113.879253164585975, -8.180303549936259 ], [ 113.879204601661726, -8.180222622919416 ], [ 113.879151000087049, -8.180108267567631 ], [ 113.879161111523871, -8.179917541417785 ], [ 113.879161118710385, -8.179917407145448 ], [ 113.879176354137627, -8.179630013271654 ], [ 113.879209149831993, -8.179519823264378 ], [ 113.879165488115945, -8.179453205068459 ], [ 113.879155102692934, -8.179343320189739 ], [ 113.879159179247694, -8.179242895588091 ], [ 113.879210617679178, -8.179056081086193 ], [ 113.879224255901818, -8.178950807233836 ], [ 113.879354453227549, -8.179040712872268 ], [ 113.879494072982254, -8.179106647766247 ], [ 113.879609292697225, -8.179115388239444 ], [ 113.879705457348379, -8.179143387166933 ], [ 113.879811457653616, -8.179204779660958 ], [ 113.879861820801693, -8.179212218518808 ], [ 113.880027605785671, -8.179236704455686 ], [ 113.880181002103612, -8.179216487824066 ], [ 113.880478508854324, -8.17921914586395 ], [ 113.880689410825184, -8.179188956560418 ], [ 113.880919333723824, -8.179134728900538 ], [ 113.880971768386956, -8.179086548058224 ], [ 113.880956102666715, -8.178909772972704 ], [ 113.881066008846787, -8.178846838678497 ], [ 113.881104530402794, -8.17886568699622 ], [ 113.881195622267569, -8.178855475930265 ], [ 113.881195174906551, -8.17879332900797 ], [ 113.881329002324293, -8.178720664125192 ], [ 113.881366938178772, -8.178658244112427 ], [ 113.881385065282885, -8.178509911101857 ], [ 113.88159079205937, -8.178427173139623 ], [ 113.881682432794733, -8.178493447724856 ], [ 113.881740523250912, -8.178564745186076 ], [ 113.881765991387553, -8.178770133752678 ], [ 113.881852147009795, -8.178740835061598 ], [ 113.881904271754152, -8.178649628786776 ], [ 113.881908690567045, -8.178597009721047 ], [ 113.881944103053854, -8.178575758222577 ], [ 113.882037685048587, -8.178519596946025 ], [ 113.882095225735796, -8.178514406013099 ], [ 113.882181726311131, -8.178532911785181 ], [ 113.882282826306465, -8.178579997378526 ], [ 113.882368672908285, -8.178507674150513 ], [ 113.882334297077293, -8.178397963074239 ], [ 113.882411097644223, -8.178402194921038 ], [ 113.882488930375359, -8.178549841918455 ], [ 113.882471284768243, -8.178765100837332 ] ] ] } },
{ "type": "Feature", "properties": { "fid": 310, "class_id": 1, "class_name": "Sawah", "source": "Kementan", "source_class": "Pasuruan", "kode": "VALID", "alasan": "", "n_valid": 1501, "n_nodata": 0, "status_v5": "ok" }, "geometry": { "type": "Polygon", "coordinates": [ [ [ 112.725108917388596, -7.740093123839514 ], [ 112.725480112942094, -7.740050293734733 ], [ 112.725679987194496, -7.740250168809935 ], [ 112.72596552299575, -7.740235892406851 ], [ 112.725970091827293, -7.740209622585438 ], [ 112.726003823566202, -7.740015663938792 ], [ 112.726022629796674, -7.73990752614107 ], [ 112.726508039850359, -7.739650544773602 ], [ 112.72706483362974, -7.739293626207266 ], [ 112.727164771205096, -7.739664821157391 ], [ 112.727007725930534, -7.739764757682018 ], [ 112.726964896054383, -7.739964634450335 ], [ 112.726979172979227, -7.740121677549213 ], [ 112.726760670362765, -7.740181269611874 ], [ 112.726598679862519, -7.740225448350535 ], [ 112.726508039850359, -7.740250167897472 ], [ 112.726554168340172, -7.740380866446111 ], [ 112.726591701749371, -7.740487214107769 ], [ 112.726593699602589, -7.740492874121766 ], [ 112.72642081433456, -7.74052745103296 ], [ 112.726379548425356, -7.740535704270332 ], [ 112.726342624073936, -7.740424931147161 ], [ 112.726313439606969, -7.740337377514099 ], [ 112.726308164699645, -7.740321551744922 ], [ 112.72625984342217, -7.740348397337693 ], [ 112.726179674172982, -7.74039293560413 ], [ 112.726138995761943, -7.740325139551858 ], [ 112.726136843398535, -7.740321552657382 ], [ 112.725665710269681, -7.740507151445794 ], [ 112.72554764199694, -7.740630841433938 ], [ 112.725516019502308, -7.740663970275256 ], [ 112.725365898441936, -7.740821239006599 ], [ 112.725401058502129, -7.740859914735654 ], [ 112.725440124437199, -7.740902888177518 ], [ 112.7255086658934, -7.740978284241159 ], [ 112.725294513817857, -7.741078221069 ], [ 112.725237953192632, -7.741150942727197 ], [ 112.725194577140826, -7.741206711701174 ], [ 112.725169494381461, -7.741222673460073 ], [ 112.725037531866221, -7.741306650406673 ], [ 112.724923319162698, -7.74104966820867 ], [ 112.724723443113646, -7.741149605052986 ], [ 112.724580675662168, -7.740992560668734 ], [ 112.724266586909621, -7.741163882398673 ], [ 112.724009604957956, -7.741092498412335 ], [ 112.723895392254434, -7.741063943726137 ], [ 112.723509918877795, -7.741278094793884 ], [ 112.723352875399854, -7.741449416636832 ], [ 112.723310043727068, -7.742163254881221 ], [ 112.723253499271536, -7.74222608192266 ], [ 112.723181553200448, -7.742306022306391 ], [ 112.723218900658367, -7.742707506497771 ], [ 112.723238660001357, -7.742919922862505 ], [ 112.723010231899337, -7.743105521852617 ], [ 112.722893107755965, -7.743194535997087 ], [ 112.722662830022756, -7.743288740288436 ], [ 112.722377295119813, -7.743372022333743 ], [ 112.722151246654974, -7.74351478924519 ], [ 112.721830018990858, -7.743717043819089 ], [ 112.721634047020018, -7.743870413758366 ], [ 112.721556381375535, -7.743931195287158 ], [ 112.721330332012357, -7.744216730438615 ], [ 112.721151871799719, -7.744395189889905 ], [ 112.721141091117985, -7.744402376521013 ], [ 112.720937720622487, -7.744537957138935 ], [ 112.720860991022505, -7.744592764803234 ], [ 112.721021698728521, -7.74423506108548 ], [ 112.721182806184828, -7.743876467091645 ], [ 112.721260712577831, -7.743616777892537 ], [ 112.721396958260343, -7.74316262875888 ], [ 112.721768152915544, -7.742477343643743 ], [ 112.723947234029481, -7.737886579182528 ], [ 112.724309416785744, -7.737123557436457 ], [ 112.724364754803872, -7.73716690552732 ], [ 112.724940661139257, -7.73761803087286 ], [ 112.724940969261397, -7.737618272674206 ], [ 112.724953375893762, -7.737627990351112 ], [ 112.725166024189519, -7.73779456505416 ], [ 112.725008978914914, -7.738051547145034 ], [ 112.725456486351803, -7.738455036627053 ], [ 112.725879862345195, -7.738836768864264 ], [ 112.725637157318374, -7.73903664337925 ], [ 112.725537218844707, -7.739265071639715 ], [ 112.725480112942094, -7.739550607362878 ], [ 112.725474962002238, -7.739576363428172 ], [ 112.725437282167647, -7.739764758594486 ], [ 112.725237407016934, -7.739893249749277 ], [ 112.725037532764546, -7.74000746363418 ], [ 112.725108917388596, -7.740093123839514 ] ] ] } },
{ "type": "Feature", "properties": { "fid": 328, "class_id": 1, "class_name": "Sawah", "source": "Kementan", "source_class": "Jember", "kode": "VALID", "alasan": "", "n_valid": 33, "n_nodata": 0, "status_v5": "ok" }, "geometry": { "type": "Polygon", "coordinates": [ [ [ 113.795778891268867, -8.066617008184966 ], [ 113.795616912446732, -8.066606159769295 ], [ 113.795491238138467, -8.066642877274278 ], [ 113.795394436581773, -8.066518033752645 ], [ 113.795393902982497, -8.066440346154275 ], [ 113.795519698563311, -8.066421556852617 ], [ 113.795567421562779, -8.066385372656033 ], [ 113.795655804108634, -8.066157666606616 ], [ 113.795589148216251, -8.066056524429891 ], [ 113.795505077583741, -8.066039168814726 ], [ 113.795474685781045, -8.065979614021211 ], [ 113.795455833736497, -8.065854240150362 ], [ 113.7957199123789, -8.065888293887378 ], [ 113.795828214167869, -8.065941341455176 ], [ 113.795876716905013, -8.066018702960283 ], [ 113.79587211842906, -8.066221929706673 ], [ 113.795962636270332, -8.066304981199044 ], [ 113.795969043054967, -8.066364702235393 ], [ 113.795892612593946, -8.066586347713939 ], [ 113.795778891268867, -8.066617008184966 ] ] ] } },
{ "type": "Feature", "properties": { "fid": 344, "class_id": 1, "class_name": "Sawah", "source": "Kementan", "source_class": "Bondowoso", "kode": "VALID", "alasan": "", "n_valid": 75, "n_nodata": 0, "status_v5": "ok" }, "geometry": { "type": "Polygon", "coordinates": [ [ [ 113.875644256593887, -8.005653534940043 ], [ 113.875550385341626, -8.005603991046957 ], [ 113.875467478925742, -8.005579470643085 ], [ 113.875395942486406, -8.005637338652438 ], [ 113.875298776213711, -8.005630845163834 ], [ 113.875191095160602, -8.00566386681875 ], [ 113.875148083824811, -8.005640675787012 ], [ 113.875046664927538, -8.005585990608841 ], [ 113.874999993855269, -8.005632776227989 ], [ 113.874999993855269, -8.004939922847997 ], [ 113.874935794855162, -8.004725111315715 ], [ 113.874772277218938, -8.004490200446194 ], [ 113.874731215227314, -8.004191687151653 ], [ 113.874739577644306, -8.004101988398352 ], [ 113.874781143590795, -8.004044926806166 ], [ 113.874853627752756, -8.004122109739935 ], [ 113.874935439122311, -8.004247035007142 ], [ 113.874999993855269, -8.004297411422726 ], [ 113.87507058347029, -8.004381065959455 ], [ 113.875106955357822, -8.004438182379285 ], [ 113.875093120404131, -8.004517162229163 ], [ 113.875147501716498, -8.004577738139746 ], [ 113.875248392404373, -8.004602133399738 ], [ 113.875306170246816, -8.004634000902886 ], [ 113.875320959211336, -8.00469126709427 ], [ 113.875292586821402, -8.004748833680621 ], [ 113.875328655976688, -8.004762925397827 ], [ 113.875343522196331, -8.004830948024379 ], [ 113.875441241831254, -8.004916320079346 ], [ 113.875441921855924, -8.005013126043176 ], [ 113.875496153149626, -8.005052190091344 ], [ 113.875518262485386, -8.005127332585285 ], [ 113.8754441362031, -8.005328643319086 ], [ 113.875437722231965, -8.005439839679871 ], [ 113.875506491860236, -8.0055003162035 ], [ 113.875576855099808, -8.005525736852746 ], [ 113.87560385935555, -8.005535492604798 ], [ 113.875644256593887, -8.005653534940043 ] ] ] } },
{ "type": "Feature", "properties": { "fid": 345, "class_id": 1, "class_name": "Sawah", "source": "Kementan", "source_class": "Banyuwangi", "kode": "VALID", "alasan": "", "n_valid": 4579, "n_nodata": 0, "status_v5": "ok" }, "geometry": { "type": "Polygon", "coordinates": [ [ [ 114.259740830296352, -8.395086288752735 ], [ 114.259916306305641, -8.395191193066278 ], [ 114.259931564190722, -8.395242690660284 ], [ 114.259916306305641, -8.395305634000916 ], [ 114.25984001059193, -8.395458221355588 ], [ 114.25984001059193, -8.395593642887412 ], [ 114.259782790603268, -8.395788193240577 ], [ 114.259786605748275, -8.395959854911915 ], [ 114.259927749944069, -8.396112441603096 ], [ 114.260187149262109, -8.396310806856492 ], [ 114.260711404265294, -8.396799818589027 ], [ 114.260847092094039, -8.396907805965798 ], [ 114.260984420246444, -8.396965026675412 ], [ 114.261026383248335, -8.397014618085571 ], [ 114.261022568103328, -8.397186279371152 ], [ 114.260858535732424, -8.397523879262145 ], [ 114.260766983930239, -8.397647858429913 ], [ 114.260599136414342, -8.397605896259794 ], [ 114.260602950661053, -8.397670747303614 ], [ 114.260751724248522, -8.397747039598512 ], [ 114.260747910001811, -8.397840498799191 ], [ 114.260725020928405, -8.397863387683966 ], [ 114.260705947898259, -8.397962569820105 ], [ 114.260557175209129, -8.398429869951055 ], [ 114.260412215868328, -8.398382186612142 ], [ 114.259957118565637, -8.398189687637259 ], [ 114.259901046623909, -8.398328781279343 ], [ 114.259801865430035, -8.398466110206357 ], [ 114.259462357049856, -8.398374557278453 ], [ 114.2594127655546, -8.398303985948685 ], [ 114.259481430079958, -8.398153305750883 ], [ 114.259580612172172, -8.398023605344576 ], [ 114.259256362575414, -8.397789001783488 ], [ 114.259206771978469, -8.397853851029277 ], [ 114.259077073217753, -8.397827149311288 ], [ 114.259046554752629, -8.397754668920189 ], [ 114.258989333865642, -8.397712706738826 ], [ 114.259000778402367, -8.397579193644512 ], [ 114.258913039050256, -8.39755058278763 ], [ 114.258752822722698, -8.397451399840106 ], [ 114.258588791250148, -8.397388457988477 ], [ 114.258523940971443, -8.397390366231077 ], [ 114.258386611920699, -8.397348404088071 ], [ 114.258306503756927, -8.397298812636381 ], [ 114.258123398355934, -8.397228240583186 ], [ 114.258073806860665, -8.397300719964639 ], [ 114.257997512943618, -8.397272110041662 ], [ 114.257932662664928, -8.397294997979879 ], [ 114.257890700561376, -8.397388457988477 ], [ 114.257833480572728, -8.397445677853181 ], [ 114.257715224552086, -8.397411345933373 ], [ 114.257791520265812, -8.396894454681313 ], [ 114.257875441777969, -8.396692276314562 ], [ 114.257802963005886, -8.396614074154849 ], [ 114.257745743017253, -8.396657943545733 ], [ 114.257703780913701, -8.39675140431887 ], [ 114.257688522130252, -8.396829604677707 ], [ 114.257711411203715, -8.396858214568921 ], [ 114.257596969429784, -8.39703178402802 ], [ 114.257539749441122, -8.397024154720178 ], [ 114.257474899162446, -8.396945954323167 ], [ 114.257493972192577, -8.396839142221786 ], [ 114.257532120049419, -8.39673805212572 ], [ 114.257532120049419, -8.396667481085712 ], [ 114.257035458596803, -8.39644640780374 ], [ 114.256978987803109, -8.396495819109649 ], [ 114.2569217687128, -8.396667481085712 ], [ 114.256864547825799, -8.39675521805626 ], [ 114.25678062361871, -8.396942138756145 ], [ 114.256521225198952, -8.396821976287633 ], [ 114.256011454631405, -8.396655964935761 ], [ 114.255962916859957, -8.396640157990053 ], [ 114.255941391429118, -8.396633148319026 ], [ 114.25556755123543, -8.396385193395007 ], [ 114.255586624265533, -8.396234512094777 ], [ 114.255693434851153, -8.396039962437701 ], [ 114.255743027244719, -8.395910262719063 ], [ 114.255868911758739, -8.395744323945411 ], [ 114.255819321161809, -8.39550209061928 ], [ 114.25570869363456, -8.395473479911493 ], [ 114.25565910393594, -8.395395278904775 ], [ 114.255723953316277, -8.395330429145053 ], [ 114.255834579945216, -8.395013808859998 ], [ 114.255899430223891, -8.3948841085613 ], [ 114.25596046535756, -8.394554139252392 ], [ 114.256067275943181, -8.394439696705657 ], [ 114.256181716818773, -8.394502639919512 ], [ 114.256383897046504, -8.394687652247452 ], [ 114.256402969178311, -8.394744872638395 ], [ 114.25634193404467, -8.394884110389112 ], [ 114.256591539929502, -8.395013904819901 ], [ 114.256723403630062, -8.395082474117416 ], [ 114.256841658752364, -8.395116804922738 ], [ 114.257001876876544, -8.395265580309792 ], [ 114.257150649565673, -8.395299911130884 ], [ 114.257287978616418, -8.395393371585635 ], [ 114.257417678275488, -8.395448684758451 ], [ 114.257852555399452, -8.395582198966983 ], [ 114.258153915024465, -8.39569473177937 ], [ 114.25822639469483, -8.395765305388879 ], [ 114.258321760743712, -8.39579200788266 ], [ 114.258394241312416, -8.395792006968748 ], [ 114.258383463325643, -8.395747996931711 ], [ 114.258247506900659, -8.39566605160095 ], [ 114.258081436252382, -8.395601272167882 ], [ 114.257551192181225, -8.395345686782155 ], [ 114.257429122812212, -8.395309447724472 ], [ 114.257226944381102, -8.395212172652831 ], [ 114.256769179980282, -8.394956589344362 ], [ 114.256635601395857, -8.394899919092994 ], [ 114.256517410053945, -8.394849776862101 ], [ 114.256448744630248, -8.394773483293896 ], [ 114.25652503944562, -8.394659041598103 ], [ 114.256139754715221, -8.394403457730315 ], [ 114.256166458035381, -8.39428901614073 ], [ 114.256174088325395, -8.394145965799275 ], [ 114.255804202515563, -8.393821983153469 ], [ 114.255113601979659, -8.393217087087779 ], [ 114.254930495680355, -8.393095015692124 ], [ 114.254842758124852, -8.392980576305861 ], [ 114.254793166629611, -8.392847061140678 ], [ 114.254812240558024, -8.39274215744385 ], [ 114.254667282115562, -8.392589569300746 ], [ 114.254560469733349, -8.392610549664314 ], [ 114.254426955827626, -8.392610548750417 ], [ 114.254262924355046, -8.392478942842105 ], [ 114.254259110108336, -8.392345428758766 ], [ 114.254365920693957, -8.39217186042586 ], [ 114.254392624014088, -8.392019271587047 ], [ 114.254362106447246, -8.391914368107962 ], [ 114.254369735838964, -8.391847609784358 ], [ 114.25441932823253, -8.391702652103277 ], [ 114.25453758335486, -8.391544342455637 ], [ 114.254819869949728, -8.391620636319953 ], [ 114.255182267403328, -8.391855238993157 ], [ 114.255258560422106, -8.39188194305288 ], [ 114.255571364583815, -8.392181396944627 ], [ 114.255878560563232, -8.392523921250355 ], [ 114.256086348973284, -8.392679215421779 ], [ 114.256238936807421, -8.392841340133735 ], [ 114.256032944129643, -8.393171309853077 ], [ 114.256467820355311, -8.393491745122917 ], [ 114.256666183641414, -8.393194199383672 ], [ 114.256906509031026, -8.393344878620981 ], [ 114.257135475223905, -8.393606743049157 ], [ 114.257238388019488, -8.39372444158567 ], [ 114.257360458286826, -8.393564223825079 ], [ 114.257302974193479, -8.393531060204294 ], [ 114.257266848444331, -8.393501589657681 ], [ 114.256151200150271, -8.392591475692578 ], [ 114.25555610669872, -8.392044068354632 ], [ 114.255258560422106, -8.391803741836616 ], [ 114.254896163866817, -8.391597747793563 ], [ 114.254663466970555, -8.3913478850454 ], [ 114.254671097260598, -8.391290664227984 ], [ 114.254739760887645, -8.391210556742402 ], [ 114.254709243320818, -8.391120910951473 ], [ 114.254602431836901, -8.391242980829002 ], [ 114.254552842138267, -8.391323089235 ], [ 114.254388809767406, -8.391244889042191 ], [ 114.254373904021904, -8.39121259290075 ], [ 114.254343033417143, -8.391145705835411 ], [ 114.254491806106302, -8.39077758819324 ], [ 114.254476548221177, -8.390712738270535 ], [ 114.254495621251309, -8.39062690718416 ], [ 114.25454902699326, -8.390569685556267 ], [ 114.254621504867004, -8.390640258258783 ], [ 114.254743576032638, -8.390653611161646 ], [ 114.254770277556176, -8.390624999887818 ], [ 114.25476264996108, -8.390539168820313 ], [ 114.254720687857528, -8.390510559382477 ], [ 114.254594803343508, -8.390346527409022 ], [ 114.254510879136419, -8.390348434704036 ], [ 114.254461289437771, -8.390377045044133 ], [ 114.254281998283474, -8.390644072851622 ], [ 114.254186631336296, -8.390866278887419 ], [ 114.253976821716833, -8.390510559382477 ], [ 114.253950120193352, -8.390388487901301 ], [ 114.253957519616336, -8.390380676855807 ], [ 114.253984451108565, -8.390352249294073 ], [ 114.254114150767592, -8.390336990020225 ], [ 114.25414848258113, -8.390251159014698 ], [ 114.254026414110399, -8.390186311005364 ], [ 114.25397300657184, -8.390094758150809 ], [ 114.253988266253572, -8.39000701899012 ], [ 114.254018783820385, -8.389978407762667 ], [ 114.254114150767592, -8.389698029357213 ], [ 114.254266738601757, -8.389633178696121 ], [ 114.254411697942516, -8.389732362440716 ], [ 114.25461387727195, -8.389730454234769 ], [ 114.254671097260598, -8.389772414662238 ], [ 114.254827500239742, -8.389785765708274 ], [ 114.255025864424184, -8.389774322868394 ], [ 114.255418776749678, -8.389953612951276 ], [ 114.255540847016988, -8.389877319405805 ], [ 114.255418776749678, -8.389871596613677 ], [ 114.25535392826761, -8.38981437692191 ], [ 114.255323409802486, -8.389757157238359 ], [ 114.255281448597231, -8.389728546028824 ], [ 114.255231857101961, -8.389736176110983 ], [ 114.255201340433459, -8.389772414662238 ], [ 114.255029677772555, -8.389730453320873 ], [ 114.254980086277286, -8.389659881693198 ], [ 114.254861831154997, -8.389652253440287 ], [ 114.254789352382915, -8.389581679084769 ], [ 114.254747391177645, -8.389581679998658 ], [ 114.254690170290715, -8.389654159818081 ], [ 114.254606246083611, -8.389627456821385 ], [ 114.25457572941508, -8.389591217369398 ], [ 114.254510879136419, -8.389606475700823 ], [ 114.254453659147757, -8.389528274930642 ], [ 114.254415512189212, -8.389528274930642 ], [ 114.254381180375674, -8.389484406324073 ], [ 114.254335403127129, -8.389463424297144 ], [ 114.254308700705309, -8.389507292901415 ], [ 114.254270552848439, -8.389514922979336 ], [ 114.254251480716661, -8.389436722227108 ], [ 114.254255294065032, -8.389364243361079 ], [ 114.254198074076385, -8.389429093064564 ], [ 114.254159928016136, -8.389429093064564 ], [ 114.25414848258113, -8.389402389169037 ], [ 114.254163742262847, -8.389364242447192 ], [ 114.254240036179937, -8.389318465654664 ], [ 114.254220963149834, -8.389240264940945 ], [ 114.254175185901246, -8.389221191130368 ], [ 114.254163742262847, -8.389293670884294 ], [ 114.254091262592468, -8.389343262254361 ], [ 114.253915785684853, -8.389238356737343 ], [ 114.253831863274385, -8.389144896811063 ], [ 114.253808975099275, -8.389074326200857 ], [ 114.253755569357295, -8.388980866313011 ], [ 114.253718000913821, -8.388938396932103 ], [ 114.25366783180182, -8.388881683669128 ], [ 114.253638526062304, -8.388787107967229 ], [ 114.253625869698269, -8.388746261674655 ], [ 114.253545760636172, -8.388595582346694 ], [ 114.253520108344929, -8.388561684372201 ], [ 114.253492354894234, -8.388525009091975 ], [ 114.253486299350897, -8.388497323740273 ], [ 114.253465653370711, -8.388402939132218 ], [ 114.253396987947042, -8.388238907111408 ], [ 114.25340080219371, -8.388143540134767 ], [ 114.253366470380215, -8.388124467290504 ], [ 114.253389358555324, -8.388074874244143 ], [ 114.253366470380215, -8.387985230071695 ], [ 114.253446579442311, -8.387966156321124 ], [ 114.253545760636172, -8.387821198222609 ], [ 114.253675461193538, -8.387699126650382 ], [ 114.253717422398751, -8.387727736800503 ], [ 114.253774642387427, -8.387691496607175 ], [ 114.253777772117857, -8.387691198679995 ], [ 114.253854752347834, -8.387683868391896 ], [ 114.253797530562551, -8.387725830431913 ], [ 114.253862380841213, -8.387775420693229 ], [ 114.253904342944764, -8.387775420693229 ], [ 114.253934861409917, -8.387825012788488 ], [ 114.253934861409917, -8.38787651034532 ], [ 114.253950119295027, -8.387910843272092 ], [ 114.254049302285551, -8.387968062690858 ], [ 114.254097892159251, -8.387968062690858 ], [ 114.254102706230853, -8.387968062690858 ], [ 114.254144669232744, -8.387989043725263 ], [ 114.254141677842838, -8.388028669900041 ], [ 114.254137038942702, -8.388090133431474 ], [ 114.25409507683915, -8.388175963972097 ], [ 114.254137038942702, -8.388160704781493 ], [ 114.254209517714784, -8.388168334833672 ], [ 114.254232406788219, -8.388217926977759 ], [ 114.254152297726122, -8.388225555203249 ], [ 114.254140854087737, -8.388282774667147 ], [ 114.254182816191289, -8.38829612657722 ], [ 114.254224777396502, -8.388339995967034 ], [ 114.254240036179937, -8.388418197418199 ], [ 114.254312515850316, -8.388338088681623 ], [ 114.254350662808861, -8.388366698877569 ], [ 114.254350661910536, -8.388410569189016 ], [ 114.254407881899169, -8.388423919275592 ], [ 114.254407881899169, -8.388460158621552 ], [ 114.254373550983971, -8.388538361010156 ], [ 114.254487990961266, -8.38860893243945 ], [ 114.254461289437771, -8.388696671292683 ], [ 114.254362106447246, -8.388868331739459 ], [ 114.254354477055543, -8.388948439668598 ], [ 114.254312515850316, -8.388984680889974 ], [ 114.254266740398393, -8.38907050979526 ], [ 114.254327774633708, -8.389112472894993 ], [ 114.254484175816259, -8.388896941973417 ], [ 114.254510879136419, -8.388767241836092 ], [ 114.254659631164316, -8.388745605502006 ], [ 114.254662984575248, -8.388745117485026 ], [ 114.254720687857528, -8.38873672432412 ], [ 114.254678849721486, -8.388767648516932 ], [ 114.254676702747958, -8.388769235943055 ], [ 114.254632950302053, -8.388801574839496 ], [ 114.254617690620321, -8.388845443370993 ], [ 114.254671097260598, -8.388851166148404 ], [ 114.2547016139291, -8.388994216418666 ], [ 114.254743576032638, -8.389059066975896 ], [ 114.254770277556176, -8.389015198420912 ], [ 114.254816054804721, -8.389087677223531 ], [ 114.254865646300004, -8.389051436906687 ], [ 114.254930496578666, -8.389137267654108 ], [ 114.254880905083397, -8.389280318940841 ], [ 114.254911421751927, -8.389308930118231 ], [ 114.254987715669003, -8.389179229846976 ], [ 114.255049672474144, -8.389208577612893 ], [ 114.255060196237679, -8.389213561971946 ], [ 114.255059912370072, -8.389218955754036 ], [ 114.255056381092672, -8.3892860408106 ], [ 114.255105971689645, -8.389356613286033 ], [ 114.255269611496729, -8.389431159372224 ], [ 114.25527763435052, -8.389434814022566 ], [ 114.255280160413122, -8.389441759594689 ], [ 114.255292893133955, -8.389476776246729 ], [ 114.255323409802486, -8.389505387438208 ], [ 114.25533923811777, -8.389501125049572 ], [ 114.255373000399416, -8.389492033659886 ], [ 114.25538063068943, -8.389533996803957 ], [ 114.2554302221847, -8.389533996803957 ], [ 114.255495070666726, -8.389604568409363 ], [ 114.255485417370679, -8.389648015725147 ], [ 114.255483627926665, -8.389656067109778 ], [ 114.255506516101789, -8.389705657611 ], [ 114.255527086623474, -8.389689886582572 ], [ 114.255563736090423, -8.389661788071036 ], [ 114.255598068802257, -8.389604569323259 ], [ 114.255624772122417, -8.389625550443711 ], [ 114.255655288790919, -8.389724731444741 ], [ 114.255628586369085, -8.389776230160669 ], [ 114.255651473645912, -8.38979721037626 ], [ 114.25562095697741, -8.38991165159085 ], [ 114.255715828952873, -8.38992294638413 ], [ 114.255781173304939, -8.389930725434436 ], [ 114.255807876625084, -8.389921188055581 ], [ 114.255861282367022, -8.389940261899627 ], [ 114.255887984788842, -8.389909744297928 ], [ 114.255865096613732, -8.389829635261878 ], [ 114.255865096613732, -8.389751434447952 ], [ 114.255926132645726, -8.389291763594329 ], [ 114.256017685346208, -8.388975144447627 ], [ 114.256002425664477, -8.388912201192177 ], [ 114.256029128984636, -8.388746261674655 ], [ 114.256052595674774, -8.38872279390729 ], [ 114.256135247867448, -8.38847564538194 ], [ 114.256002425664477, -8.388374328019786 ], [ 114.255331039194161, -8.388029097599556 ], [ 114.255098343196224, -8.387880324911736 ], [ 114.255140305299776, -8.387722014953091 ], [ 114.255205154680141, -8.387607574366543 ], [ 114.25527763435052, -8.387434007181062 ], [ 114.255403517966229, -8.38727569557172 ], [ 114.255475997636623, -8.387210846218208 ], [ 114.255609513338982, -8.386930466101949 ], [ 114.25569724999616, -8.386894225981024 ], [ 114.255781173304939, -8.386806488437998 ], [ 114.255807876625084, -8.386699676310315 ], [ 114.255815506016802, -8.386548995927367 ], [ 114.255765916318154, -8.386564254142469 ], [ 114.255655288790919, -8.386543274096857 ], [ 114.255598067903961, -8.386571885078004 ], [ 114.255537033668602, -8.386657715292081 ], [ 114.255514144595168, -8.38681602391463 ], [ 114.255510330348486, -8.386987686294038 ], [ 114.255380629791134, -8.387119293132516 ], [ 114.255365371007699, -8.387176514265553 ], [ 114.25530433677234, -8.387269972816897 ], [ 114.255239485595354, -8.387348174972249 ], [ 114.255174638011638, -8.38739967338144 ], [ 114.255151748039879, -8.38731384300778 ], [ 114.255151748938204, -8.387220382618397 ], [ 114.255228042855293, -8.387054443804416 ], [ 114.255262374668789, -8.386724471833391 ], [ 114.255220414361872, -8.386653899823479 ], [ 114.255174637113313, -8.38664627071414 ], [ 114.255117416226355, -8.386676788066239 ], [ 114.255052566846004, -8.386619567918737 ], [ 114.255044936555947, -8.386575698718058 ], [ 114.255102158341273, -8.386539459543231 ], [ 114.255247115885396, -8.386531830436082 ], [ 114.255311967062383, -8.386560439588635 ], [ 114.255346297977596, -8.386480331225004 ], [ 114.255346297977596, -8.386409759258264 ], [ 114.255411149154583, -8.386301039961088 ], [ 114.255453110359809, -8.386264800811212 ], [ 114.255510330348486, -8.386272429913248 ], [ 114.255598067903961, -8.386356353700878 ], [ 114.255662918182622, -8.386392592859076 ], [ 114.255704880286174, -8.386369704632614 ], [ 114.255720139069609, -8.386304855426326 ], [ 114.255712508779567, -8.386234282576732 ], [ 114.255655288790919, -8.386213301634582 ], [ 114.255617141832374, -8.386177063406544 ], [ 114.255537032770278, -8.386150359728653 ], [ 114.255472183389941, -8.386171340667483 ], [ 114.255437850678078, -8.386157989742383 ], [ 114.2554302221847, -8.386106490579547 ], [ 114.255399703719533, -8.386043547776572 ], [ 114.255392074327844, -8.385971068612966 ], [ 114.255422591894686, -8.385864257622755 ], [ 114.255479811883319, -8.385848999434424 ], [ 114.255594253657264, -8.385875702178271 ], [ 114.255926131747387, -8.386060714160738 ], [ 114.255998611417766, -8.386117935142009 ], [ 114.255899429325567, -8.386211395273222 ], [ 114.255964278705932, -8.386440276592273 ], [ 114.256055061550242, -8.38663209179367 ], [ 114.256082534726573, -8.38669013992258 ], [ 114.25626564012758, -8.386852264028454 ], [ 114.256330490406242, -8.386932374294515 ], [ 114.256322861014525, -8.387031554626112 ], [ 114.256258010735849, -8.387168885146233 ], [ 114.256189347108815, -8.387226105372498 ], [ 114.256059646551449, -8.387435911720493 ], [ 114.256116867438408, -8.387441635391571 ], [ 114.256208419240593, -8.387319564849339 ], [ 114.256269455272587, -8.387275694657825 ], [ 114.256311415579503, -8.387268066450495 ], [ 114.256390510443637, -8.387313833868918 ], [ 114.256490707632125, -8.387216568058289 ], [ 114.256570815795897, -8.387229919932688 ], [ 114.256685256671517, -8.38737297144951 ], [ 114.256681442424807, -8.387508392977901 ], [ 114.25670432970162, -8.38767433198063 ], [ 114.256666182743089, -8.387760163345712 ], [ 114.256559372157483, -8.387754439670065 ], [ 114.256258010735849, -8.387649536398539 ], [ 114.256280898910973, -8.387580872420704 ], [ 114.256273270417594, -8.387533187637338 ], [ 114.256208420138933, -8.387535095832776 ], [ 114.256166458035381, -8.387578964225037 ], [ 114.256036759274636, -8.387596130675249 ], [ 114.255994797171098, -8.387586593352205 ], [ 114.255975723242656, -8.387529373074242 ], [ 114.255903243572277, -8.387529373074242 ], [ 114.255880356295464, -8.387630462664003 ], [ 114.2562122343856, -8.387699126650382 ], [ 114.256357192828062, -8.387798309000315 ], [ 114.256620407291152, -8.387887954958551 ], [ 114.256792069053731, -8.387828827354401 ], [ 114.256864547825799, -8.387657166440942 ], [ 114.256906509031026, -8.387599945238984 ], [ 114.25699424658653, -8.387598037957112 ], [ 114.257253646802923, -8.387676238348982 ], [ 114.257383347360289, -8.38773155227938 ], [ 114.257482527655853, -8.387666701937903 ], [ 114.257619857604894, -8.387643814552249 ], [ 114.257856368747838, -8.387792588065787 ], [ 114.257822036934328, -8.387914657838824 ], [ 114.257665633955156, -8.388130188229798 ], [ 114.257608413966508, -8.388153075643348 ], [ 114.257326125574963, -8.38806915330564 ], [ 114.257284165268047, -8.388175963972097 ], [ 114.25721931409106, -8.388227463402007 ], [ 114.257162094102412, -8.388242721681276 ], [ 114.25723075862777, -8.38841438284665 ], [ 114.257299423153157, -8.388292312920726 ], [ 114.257349013750115, -8.388240814396342 ], [ 114.257436753102226, -8.388196945017434 ], [ 114.257493972192577, -8.388196945017434 ], [ 114.257608413966508, -8.38823127705788 ], [ 114.257677077593542, -8.388324737684043 ], [ 114.257791520265812, -8.38843155024669 ], [ 114.258253097116665, -8.38862037707368 ], [ 114.258310317105312, -8.388511657174245 ], [ 114.258424758879244, -8.388532639151119 ], [ 114.258481979766216, -8.388568877593068 ], [ 114.258497237651326, -8.38863372808116 ], [ 114.258634567600396, -8.388732910663418 ], [ 114.258745193330981, -8.388702393154071 ], [ 114.258932112978655, -8.38873672432412 ], [ 114.258962631443822, -8.388822555917729 ], [ 114.259035110215905, -8.388908385702019 ], [ 114.259079913690698, -8.388934860178111 ], [ 114.259286881040566, -8.38905715968705 ], [ 114.259344101029214, -8.389127732122006 ], [ 114.259294510432284, -8.389213562885834 ], [ 114.259405136162883, -8.389307021914302 ], [ 114.259618760029042, -8.389362335156886 ], [ 114.259804312440863, -8.389542510615295 ], [ 114.259881972695467, -8.389617920363667 ], [ 114.259897232377227, -8.389682770108388 ], [ 114.259855270273675, -8.389760971822744 ], [ 114.259804312440863, -8.389908750897165 ], [ 114.259798050284999, -8.38992691084842 ], [ 114.259740830296352, -8.389984130556329 ], [ 114.25967598001769, -8.390014648163717 ], [ 114.259302139824001, -8.389858245564771 ], [ 114.258977890227243, -8.389768600077744 ], [ 114.258825302393078, -8.389677047319051 ], [ 114.258703231227429, -8.389635085987715 ], [ 114.258562087929988, -8.389463424297144 ], [ 114.258478164621209, -8.389543533259667 ], [ 114.258382795877395, -8.389450073261898 ], [ 114.258237839231569, -8.389373778898836 ], [ 114.258035659902163, -8.389310835580494 ], [ 114.258001328088625, -8.389238356737343 ], [ 114.257913588736486, -8.389217376551132 ], [ 114.257715226348722, -8.389463425211035 ], [ 114.257612228213176, -8.389471055288125 ], [ 114.257474899162446, -8.389423371192755 ], [ 114.257417678275488, -8.389423371192755 ], [ 114.257253646802923, -8.389661788984927 ], [ 114.257028580196661, -8.390108109207631 ], [ 114.256952286279613, -8.390336990934125 ], [ 114.256879806609206, -8.390359879388164 ], [ 114.256814957228869, -8.390352250207966 ], [ 114.256784438763717, -8.390388487901301 ], [ 114.256952286279613, -8.390588760345212 ], [ 114.256917953567751, -8.390689849796251 ], [ 114.256738663311779, -8.390567779174102 ], [ 114.256719589383351, -8.390453338685175 ], [ 114.256597520014338, -8.390289306735253 ], [ 114.256574630940889, -8.390003205317273 ], [ 114.256509780662228, -8.390003204403381 ], [ 114.256486893385414, -8.390068054210733 ], [ 114.256444932180159, -8.390090941735448 ], [ 114.256177901673766, -8.389999388902782 ], [ 114.256082534726573, -8.389944077399662 ], [ 114.256017685346208, -8.389886855869717 ], [ 114.255968093850939, -8.389965056710187 ], [ 114.255995914675324, -8.390062426460679 ], [ 114.255998612316105, -8.390071867884201 ], [ 114.256067276841463, -8.390102387326083 ], [ 114.256068556940761, -8.390102591124132 ], [ 114.256151199251946, -8.390115736555368 ], [ 114.256235121662414, -8.390167236235664 ], [ 114.256509780662228, -8.390272140169156 ], [ 114.256544783517271, -8.390365896460908 ], [ 114.25656318730249, -8.390415191862825 ], [ 114.25656318730249, -8.390428867362511 ], [ 114.25656318730249, -8.390473941498389 ], [ 114.25656318730249, -8.39051628218378 ], [ 114.256635666074558, -8.390542984326078 ], [ 114.256799696648812, -8.39067840601655 ], [ 114.256831667689781, -8.390678405102655 ], [ 114.256834030258986, -8.390678405102655 ], [ 114.256839345590507, -8.390684252195934 ], [ 114.256872177217517, -8.390720366543736 ], [ 114.256872177217517, -8.390785217381564 ], [ 114.256864313365497, -8.390809203448264 ], [ 114.256834031157283, -8.390901565263357 ], [ 114.256734848166772, -8.390989303706906 ], [ 114.256685257569814, -8.391054153674565 ], [ 114.256682922848384, -8.39105448724616 ], [ 114.2565784451876, -8.391069412061949 ], [ 114.256540298229055, -8.391025544199794 ], [ 114.256547927620772, -8.390954971429116 ], [ 114.256628035784544, -8.390802383969731 ], [ 114.256605149406042, -8.390752792418281 ], [ 114.256517410952242, -8.390718460160839 ], [ 114.256437301890145, -8.390768050794135 ], [ 114.256368637364773, -8.390876770394584 ], [ 114.256322861014525, -8.390913009049461 ], [ 114.256441117035152, -8.391040801672187 ], [ 114.256528853692345, -8.391105651648219 ], [ 114.25655174276578, -8.391162872439102 ], [ 114.256772995125317, -8.391309738137512 ], [ 114.256868362072481, -8.391452789289398 ], [ 114.257123948042192, -8.391630172825542 ], [ 114.257280349224743, -8.391635894729005 ], [ 114.257352828895122, -8.391571044666762 ], [ 114.257417679173784, -8.391441344573911 ], [ 114.257478714307467, -8.391368866257553 ], [ 114.257623672749901, -8.391389846556907 ], [ 114.257818221789293, -8.391466141305568 ], [ 114.25787544267628, -8.391372680857351 ], [ 114.257881984208169, -8.391369894389982 ], [ 114.257925655805721, -8.391351293875426 ], [ 114.257989882653575, -8.391250610026235 ], [ 114.258272171045107, -8.391376494543293 ], [ 114.258554297739849, -8.391600250040868 ], [ 114.25860405003354, -8.391639709331358 ], [ 114.258447647054396, -8.391855239907052 ], [ 114.258516311579754, -8.391984940134497 ], [ 114.258685730249084, -8.392035073780081 ], [ 114.258703231227429, -8.392040252834521 ], [ 114.258709305635378, -8.392052881977774 ], [ 114.258775710897822, -8.392190934377521 ], [ 114.258775710897822, -8.392297745233684 ], [ 114.258848189669905, -8.392332076713164 ], [ 114.258913039948567, -8.392274855754549 ], [ 114.258962631443822, -8.392274855754549 ], [ 114.25902366567918, -8.39237403924211 ], [ 114.259023666577477, -8.392431259301068 ], [ 114.259115219278002, -8.392459869790567 ], [ 114.259202956833462, -8.392459869790567 ], [ 114.259428024338035, -8.392549514054647 ], [ 114.259442941761634, -8.392655799515241 ], [ 114.259443283121428, -8.392658234140695 ], [ 114.259420394946304, -8.392686843732582 ], [ 114.259417225689987, -8.39268550304347 ], [ 114.259321211955779, -8.392644882998523 ], [ 114.259328842245822, -8.392709733235371 ], [ 114.259355544667642, -8.392723084379716 ], [ 114.259368029453441, -8.392742331084595 ], [ 114.259401321916201, -8.392793655635456 ], [ 114.259349823297597, -8.392862319596659 ], [ 114.259313584360726, -8.392902373960268 ], [ 114.25931271568983, -8.392908451388704 ], [ 114.259310808566497, -8.392921798884112 ], [ 114.259302139824001, -8.392982482699562 ], [ 114.259546280358663, -8.39316558884148 ], [ 114.259568245065651, -8.393178593633133 ], [ 114.259691237902786, -8.393251418646402 ], [ 114.25972938486133, -8.393365859938184 ], [ 114.259804313339174, -8.393515716729985 ], [ 114.259832382098537, -8.393571853980607 ], [ 114.259832382996862, -8.3936214449687 ], [ 114.259804313339174, -8.393654777668639 ], [ 114.259801865430035, -8.39365768387297 ], [ 114.259804313339174, -8.393665435579093 ], [ 114.259810294322335, -8.393684375258781 ], [ 114.25982475270682, -8.393730162605284 ], [ 114.259954453264186, -8.393686295364359 ], [ 114.260377884054833, -8.393331528369709 ], [ 114.260427474651763, -8.393323898218769 ], [ 114.260507583713846, -8.393381119327914 ], [ 114.26068305882481, -8.393714905030004 ], [ 114.260789871207066, -8.393886565808678 ], [ 114.260812760280501, -8.393993378032906 ], [ 114.260206223190551, -8.394329070647657 ], [ 114.260083646273401, -8.394414873285927 ], [ 114.259977339642674, -8.394489287801676 ], [ 114.259504318255111, -8.394771575977723 ], [ 114.259491018697304, -8.39477583202537 ], [ 114.259408951307918, -8.394802093037546 ], [ 114.259157181381539, -8.394710540037284 ], [ 114.258592606395155, -8.394392012930147 ], [ 114.258539199754864, -8.394256590892571 ], [ 114.258466720982796, -8.39430809110757 ], [ 114.258514431405857, -8.394427993270039 ], [ 114.258649827282127, -8.394521713982666 ], [ 114.25897407508225, -8.394712448267068 ], [ 114.259321212854104, -8.394874572891796 ], [ 114.259386062234483, -8.394931794223467 ], [ 114.259515761893496, -8.394865036308621 ], [ 114.259740830296352, -8.395086288752735 ] ], [ [ 114.259325027100786, -8.395030975630192 ], [ 114.259294508635662, -8.39512443602189 ], [ 114.258783340289526, -8.395000457638945 ], [ 114.258680343950616, -8.39491462654364 ], [ 114.258615493671954, -8.394887925022536 ], [ 114.258523940971443, -8.394887925022536 ], [ 114.25840187070412, -8.394975663429234 ], [ 114.258043289293838, -8.39469528242449 ], [ 114.258005142335293, -8.39473915069032 ], [ 114.257992006270911, -8.39480877275726 ], [ 114.258161545314479, -8.394989013735543 ], [ 114.258523940971443, -8.395046234169746 ], [ 114.258588791250148, -8.394994735687204 ], [ 114.25864601213712, -8.394994735687204 ], [ 114.258695602734051, -8.395044325938365 ], [ 114.258848190568187, -8.395099640890566 ], [ 114.259309769215676, -8.395204544293717 ], [ 114.259359359812649, -8.395174027203085 ], [ 114.259401321017876, -8.395067214662573 ], [ 114.259386062234483, -8.394931794223467 ], [ 114.259325027100786, -8.395030975630192 ] ], [ [ 114.257482527655853, -8.392429351996096 ], [ 114.257516861265984, -8.392322540190792 ], [ 114.25742750943796, -8.392277078353434 ], [ 114.257337570111687, -8.392316819191372 ], [ 114.257195327276364, -8.392341588560528 ], [ 114.257117682293071, -8.392434849092135 ], [ 114.257200241959282, -8.392518997167221 ], [ 114.257238388019488, -8.392518997167221 ], [ 114.257204055307653, -8.392662048752833 ], [ 114.257162094102412, -8.392740250137392 ], [ 114.257028580196661, -8.392669677977205 ], [ 114.256732917687216, -8.39240642503959 ], [ 114.256681442424807, -8.39239311228955 ], [ 114.25663126702463, -8.39243074294874 ], [ 114.257139205927288, -8.392827988071533 ], [ 114.257242203164495, -8.393005371305414 ], [ 114.257291793761468, -8.392961502316426 ], [ 114.257341384358398, -8.392883299974574 ], [ 114.257448195842315, -8.392875670746109 ], [ 114.25748634280086, -8.392938614626988 ], [ 114.257593155183073, -8.39302444529695 ], [ 114.257543563687804, -8.392860412289625 ], [ 114.257490157945867, -8.39275932320235 ], [ 114.257474899162446, -8.392501829591266 ], [ 114.257482527655853, -8.392429351996096 ] ], [ [ 114.259248734082021, -8.389444352303686 ], [ 114.259332657390829, -8.389465331587932 ], [ 114.259233475298629, -8.38958740187274 ], [ 114.259305953172387, -8.389593124660792 ], [ 114.25938987737949, -8.389492034573777 ], [ 114.259405136162883, -8.389556884298033 ], [ 114.259477614934966, -8.389528274930642 ], [ 114.259405136162883, -8.389450073261898 ], [ 114.259374618596055, -8.389392851802818 ], [ 114.259252548328746, -8.389322281148754 ], [ 114.259195328340084, -8.389350891415262 ], [ 114.259195328340084, -8.389423371192755 ], [ 114.259187698948367, -8.389459609715605 ], [ 114.259248734082021, -8.389444352303686 ] ], [ [ 114.25831413225032, -8.396348953328912 ], [ 114.258344649817147, -8.396305083972038 ], [ 114.258352279208864, -8.396236419417949 ], [ 114.258314133148659, -8.396205901334424 ], [ 114.258279800436782, -8.39624214230142 ], [ 114.258230208941555, -8.396255492650141 ], [ 114.258218766201452, -8.396324158121427 ], [ 114.25826454075505, -8.396364211918911 ], [ 114.25831413225032, -8.396348953328912 ] ], [ [ 114.259496688863393, -8.397142410836029 ], [ 114.259469986441573, -8.397073746137695 ], [ 114.259439468874746, -8.397085189187036 ], [ 114.259408951307918, -8.397142409922113 ], [ 114.259408951307918, -8.397178649146438 ], [ 114.259439468874746, -8.397212981960111 ], [ 114.259496688863393, -8.397142410836029 ] ], [ [ 114.260015486601205, -8.397489549163417 ], [ 114.260023116891247, -8.397424698149079 ], [ 114.259843826635262, -8.397317885919406 ], [ 114.259595870955593, -8.397233961653068 ], [ 114.259531020676931, -8.397285461338798 ], [ 114.259664536379304, -8.397333144546495 ], [ 114.259794235139992, -8.397354126987503 ], [ 114.259981155686006, -8.397510527957023 ], [ 114.260015486601205, -8.397489549163417 ] ] ] } },
{ "type": "Feature", "properties": { "fid": 348, "class_id": 1, "class_name": "Sawah", "source": "Kementan", "source_class": "Jember", "kode": "VALID", "alasan": "", "n_valid": 1173, "n_nodata": 0, "status_v5": "ok" }, "geometry": { "type": "Polygon", "coordinates": [ [ [ 113.82893787963377, -8.186135349205326 ], [ 113.828896486163771, -8.186219306330125 ], [ 113.828909452446581, -8.186356666339796 ], [ 113.828964066422614, -8.18644592598219 ], [ 113.829043472103848, -8.186648559938885 ], [ 113.828953841798054, -8.186696997432703 ], [ 113.828953231841965, -8.186697001999864 ], [ 113.828755915991508, -8.186698384023185 ], [ 113.828570236018905, -8.186735544284495 ], [ 113.828468695849082, -8.186796017177489 ], [ 113.828391609617924, -8.186922057205942 ], [ 113.828380543271948, -8.187053610756351 ], [ 113.828405210111299, -8.18714905632228 ], [ 113.828317774389745, -8.187508238617291 ], [ 113.828318618806136, -8.187627756942554 ], [ 113.828217667931142, -8.187771893285042 ], [ 113.828134078795628, -8.187826264585533 ], [ 113.828050699865898, -8.187910516183582 ], [ 113.828189156302329, -8.187981259003644 ], [ 113.828573185187963, -8.188002470799471 ], [ 113.828788812297219, -8.187959125552705 ], [ 113.828944417572401, -8.187910226624631 ], [ 113.829087815641202, -8.1878315314517 ], [ 113.829182894229191, -8.187705364175526 ], [ 113.82942952309719, -8.187805230005218 ], [ 113.829615412377251, -8.187797949928818 ], [ 113.829836951299342, -8.187742610391203 ], [ 113.830028332879067, -8.187663577279714 ], [ 113.830500216999496, -8.187385364370426 ], [ 113.830714828114125, -8.187198597303148 ], [ 113.830808470295963, -8.187717866356678 ], [ 113.830829208802626, -8.188106171304403 ], [ 113.830795839983068, -8.188476926766164 ], [ 113.830771976237543, -8.18849502285587 ], [ 113.830669549430539, -8.188430004452403 ], [ 113.830561883648812, -8.18847259342372 ], [ 113.830526952658971, -8.188622241741397 ], [ 113.830509846041011, -8.188747861238234 ], [ 113.83051077579735, -8.188879330426335 ], [ 113.830493372735347, -8.188963118215103 ], [ 113.830289192857762, -8.1889286953234 ], [ 113.829965142687044, -8.188907064211742 ], [ 113.829712811313627, -8.188849071902185 ], [ 113.82953279162561, -8.188838382859386 ], [ 113.829346182795021, -8.188744072301386 ], [ 113.829338877695136, -8.188558862936436 ], [ 113.829081223803641, -8.18859652575698 ], [ 113.829081814895105, -8.188680188346943 ], [ 113.829034592257244, -8.188788090834533 ], [ 113.828956366962302, -8.188752781923627 ], [ 113.828812208020452, -8.188723911833064 ], [ 113.828608282366133, -8.188725342275388 ], [ 113.828368538186467, -8.188750927646403 ], [ 113.828296183381909, -8.188697648693532 ], [ 113.828229658643536, -8.188620424915676 ], [ 113.828127527382264, -8.188597238237616 ], [ 113.827990124669654, -8.188675890626376 ], [ 113.827912743791089, -8.188760098554509 ], [ 113.827883473085862, -8.18886190021542 ], [ 113.827878149669502, -8.188957556294046 ], [ 113.827764865823951, -8.189053968721488 ], [ 113.827591561941063, -8.189144826555564 ], [ 113.827393716982868, -8.189158166403336 ], [ 113.827273253801565, -8.18908729641181 ], [ 113.827235983598754, -8.189089245688084 ], [ 113.827141345185254, -8.189094195607597 ], [ 113.827098641971602, -8.188992899933272 ], [ 113.827115918371135, -8.188891184102847 ], [ 113.827149444395843, -8.188881186531013 ], [ 113.827259570663173, -8.18884834480612 ], [ 113.82733103793224, -8.18877613028887 ], [ 113.827252983317194, -8.188764725113296 ], [ 113.827115159294735, -8.188783617732911 ], [ 113.827108762391603, -8.188783372931759 ], [ 113.827010056406493, -8.188779596782707 ], [ 113.826983164440136, -8.18877856825252 ], [ 113.826959574680771, -8.188785602631784 ], [ 113.826839512148098, -8.188821406628502 ], [ 113.826809550638444, -8.188803451193674 ], [ 113.826731086391646, -8.188756429277802 ], [ 113.826592714396824, -8.188697636818855 ], [ 113.82647791239846, -8.188578917437967 ], [ 113.826482980693328, -8.188447406328377 ], [ 113.826535780072462, -8.188279703098345 ], [ 113.826506691725243, -8.188198023659474 ], [ 113.826496486863618, -8.188169368265482 ], [ 113.826431751569288, -8.187987598244893 ], [ 113.826298914094963, -8.187863030345374 ], [ 113.826249875961921, -8.187713968730639 ], [ 113.826271336714072, -8.18735524662565 ], [ 113.826258076682151, -8.187176053762911 ], [ 113.825868217730317, -8.187178785842622 ], [ 113.825718569183749, -8.187221666982401 ], [ 113.825641060744417, -8.187287946645801 ], [ 113.825810685127948, -8.187525806699091 ], [ 113.825895246240592, -8.187608881731602 ], [ 113.825956025354373, -8.187722003302653 ], [ 113.825957162621535, -8.187883350622409 ], [ 113.826025332175192, -8.188193636427272 ], [ 113.826127590997217, -8.18823475291531 ], [ 113.826218021701933, -8.188299857150717 ], [ 113.826351196942838, -8.1884722344432 ], [ 113.826346001087231, -8.188585818452044 ], [ 113.826406527774409, -8.188663084241465 ], [ 113.826395039220273, -8.188734877644285 ], [ 113.826089358698752, -8.188766901833873 ], [ 113.82601788963305, -8.188839116349493 ], [ 113.825916265021604, -8.188887637225578 ], [ 113.825856076100919, -8.188858178871879 ], [ 113.825794916999769, -8.188691273817227 ], [ 113.825799860428745, -8.188541833737832 ], [ 113.825852196277225, -8.188308396864377 ], [ 113.825833655049749, -8.188230836102194 ], [ 113.825689031678891, -8.188136228817729 ], [ 113.825455158887948, -8.188143844131046 ], [ 113.825353616023179, -8.1882043172323 ], [ 113.825264239042298, -8.188288610012862 ], [ 113.825276866660232, -8.188378165116823 ], [ 113.82522402506028, -8.18853989085822 ], [ 113.825158554045743, -8.188612064229094 ], [ 113.825123536817657, -8.188749761187287 ], [ 113.825287208065788, -8.188993638904281 ], [ 113.825461146159313, -8.188992421291971 ], [ 113.82550370115095, -8.189024923229628 ], [ 113.825515420572145, -8.189033874005387 ], [ 113.82553996164738, -8.189111392901765 ], [ 113.825474320851271, -8.189159660787842 ], [ 113.825408513866805, -8.189184027659715 ], [ 113.825427730627382, -8.18935720184324 ], [ 113.825200613167354, -8.189472339857094 ], [ 113.825049432993225, -8.189468619421435 ], [ 113.824962659330069, -8.189411854693605 ], [ 113.824857703765517, -8.18949864689144 ], [ 113.824704090953631, -8.189490160132358 ], [ 113.824692337396442, -8.189184263326725 ], [ 113.824679535505339, -8.189140781852423 ], [ 113.824653005560066, -8.189050671211303 ], [ 113.824630652780812, -8.189042284939669 ], [ 113.824527913360114, -8.189003736957009 ], [ 113.824546161736777, -8.188869742074711 ], [ 113.824611990280815, -8.188678043597115 ], [ 113.824553398564703, -8.188535025895026 ], [ 113.824409043790126, -8.18847866503571 ], [ 113.824446014853962, -8.188277605849294 ], [ 113.824445138996566, -8.188153307324963 ], [ 113.824310583943429, -8.188125562629454 ], [ 113.824308007575183, -8.187760167521857 ], [ 113.824306538829703, -8.187551877028707 ], [ 113.824392301888182, -8.187465218605476 ], [ 113.824547469683822, -8.187402115836917 ], [ 113.824583693349354, -8.187387383973007 ], [ 113.824775757648666, -8.187405163052878 ], [ 113.824881589070614, -8.187442668656509 ], [ 113.82496869960201, -8.187547241349286 ], [ 113.824951193233787, -8.18778641233247 ], [ 113.825095275818811, -8.187804525746875 ], [ 113.825190027420049, -8.187631748651524 ], [ 113.82527477717889, -8.187401670081108 ], [ 113.825283227630777, -8.187239057845751 ], [ 113.825340536552645, -8.187200408641953 ], [ 113.825469063011894, -8.187156720942632 ], [ 113.825512869356757, -8.187141830150138 ], [ 113.825506222721955, -8.187090232124261 ], [ 113.825505150133495, -8.187081906179429 ], [ 113.825472258319365, -8.186826572415379 ], [ 113.825489900333224, -8.186606524697472 ], [ 113.825496739207509, -8.18660030422382 ], [ 113.825585257398956, -8.186519799794013 ], [ 113.825661084192092, -8.1863854029022 ], [ 113.82577631019528, -8.186394157232357 ], [ 113.825968576615551, -8.186440620769723 ], [ 113.826073801674653, -8.186392074607886 ], [ 113.826110567922598, -8.186162331050712 ], [ 113.826229464442022, -8.186154526694013 ], [ 113.826273640892765, -8.186151626549799 ], [ 113.826398462699814, -8.186160315107902 ], [ 113.826582145717509, -8.186350265923901 ], [ 113.826694731572061, -8.186323548047859 ], [ 113.826706698029966, -8.186320708188934 ], [ 113.82681279894652, -8.186396459080472 ], [ 113.82681387782317, -8.186549441579134 ], [ 113.827035880275943, -8.186729563128198 ], [ 113.827228214069862, -8.186785587603232 ], [ 113.827516042371741, -8.186774008017538 ], [ 113.827707566783573, -8.186715294398795 ], [ 113.827735545711391, -8.18660035628946 ], [ 113.827779364632647, -8.186600049376223 ], [ 113.827965861173851, -8.186598742254676 ], [ 113.828109606890663, -8.186569049313793 ], [ 113.828098728292588, -8.186387449902799 ], [ 113.828030202107769, -8.186196691596226 ], [ 113.827999859712406, -8.185976982186617 ], [ 113.828154233397342, -8.185906462590339 ], [ 113.82819118290162, -8.185889583304819 ], [ 113.828228982212153, -8.185908083929833 ], [ 113.828499349061502, -8.186040413570449 ], [ 113.828613763885983, -8.185934430925844 ], [ 113.828644198807808, -8.185917092183516 ], [ 113.828766700266499, -8.185847302428584 ], [ 113.828774504829681, -8.185933303752291 ], [ 113.828816910700965, -8.18599276809897 ], [ 113.82887693073836, -8.185998325412552 ], [ 113.828931206049532, -8.186039776909046 ], [ 113.82893787963377, -8.186135349205326 ] ], [ [ 113.827360072380515, -8.186941239298683 ], [ 113.827281470691489, -8.186910550691024 ], [ 113.827222122593923, -8.186942204797377 ], [ 113.827108332996886, -8.186966907680484 ], [ 113.827033153889047, -8.18700502067696 ], [ 113.826964890910631, -8.187039627006813 ], [ 113.826809032310521, -8.187052670833532 ], [ 113.826767932589661, -8.18717845883342 ], [ 113.82676294783812, -8.187321921816791 ], [ 113.826743346598619, -8.187358333118919 ], [ 113.826727424858532, -8.187387909197561 ], [ 113.826719225934923, -8.187386249487979 ], [ 113.826613298393255, -8.187364803885009 ], [ 113.826572072009938, -8.187472664007537 ], [ 113.826611282573779, -8.187511186269713 ], [ 113.826638512306658, -8.187537937106971 ], [ 113.826645986289833, -8.187747050597782 ], [ 113.826622585176693, -8.187830881085977 ], [ 113.826702793053457, -8.188147055770971 ], [ 113.82671905256008, -8.188159600897102 ], [ 113.826787224808683, -8.188212202923905 ], [ 113.827080823887925, -8.188168313247195 ], [ 113.827224772624021, -8.188167303900688 ], [ 113.827327199431039, -8.188232324089263 ], [ 113.827501177948719, -8.18823708126342 ], [ 113.82772263422585, -8.188169790272807 ], [ 113.827811926765065, -8.188073546125974 ], [ 113.827858896976338, -8.187929787839339 ], [ 113.827863880829526, -8.187786324642722 ], [ 113.827785234224706, -8.187691258003449 ], [ 113.827783701698834, -8.187687686473851 ], [ 113.827705955205943, -8.187506553331062 ], [ 113.827674954345497, -8.187363339650384 ], [ 113.827626676187194, -8.187321846001781 ], [ 113.827607965178117, -8.187220381781273 ], [ 113.827541692866362, -8.187179014201012 ], [ 113.827421653689868, -8.187167903195578 ], [ 113.827397029071307, -8.187078432392521 ], [ 113.827498484799492, -8.187006007184761 ], [ 113.82749797904799, -8.18693429629444 ], [ 113.827431666312052, -8.186886951238254 ], [ 113.827360072380515, -8.186941239298683 ] ] ] } },
{ "type": "Feature", "properties": { "fid": 366, "class_id": 1, "class_name": "Sawah", "source": "Kementan", "source_class": "Banyuwangi", "kode": "VALID", "alasan": "", "n_valid": 397, "n_nodata": 0, "status_v5": "ok" }, "geometry": { "type": "Polygon", "coordinates": [ [ [ 114.349382400060009, -8.352768453678527 ], [ 114.349382400060009, -8.352787017673446 ], [ 114.349377420698389, -8.352786509596582 ], [ 114.349195480412334, -8.352767943774081 ], [ 114.349145889815404, -8.352804183543986 ], [ 114.349103926813513, -8.352941513276221 ], [ 114.348989486836217, -8.352991103793087 ], [ 114.348997117126231, -8.353134154941815 ], [ 114.349050521969886, -8.353292464914896 ], [ 114.349235052997244, -8.353379697993308 ], [ 114.349260329792699, -8.353391646955444 ], [ 114.349279403721098, -8.353454589188539 ], [ 114.349275086417848, -8.35346399410907 ], [ 114.349225997080822, -8.353570938086419 ], [ 114.349222183732451, -8.353609085048694 ], [ 114.347581863616924, -8.353612900202023 ], [ 114.346368790335362, -8.353572846119794 ], [ 114.346387863365464, -8.353292464914896 ], [ 114.346456527890837, -8.353246687682962 ], [ 114.346559524229733, -8.353208541668993 ], [ 114.347887039285226, -8.352474213331671 ], [ 114.349744796615298, -8.351493836217912 ], [ 114.349718094193477, -8.351623535232227 ], [ 114.349641800276402, -8.351854324887134 ], [ 114.349576949997726, -8.351961135019319 ], [ 114.349542617285906, -8.352054596307072 ], [ 114.349493026688933, -8.35222816458645 ], [ 114.349458694875423, -8.352449417190639 ], [ 114.349382400060009, -8.352695466071706 ], [ 114.349382400060009, -8.352768453678527 ] ] ] } },
{ "type": "Feature", "properties": { "fid": 367, "class_id": 1, "class_name": "Sawah", "source": "Kementan", "source_class": "Banyuwangi", "kode": "VALID", "alasan": "", "n_valid": 40, "n_nodata": 0, "status_v5": "ok" }, "geometry": { "type": "Polygon", "coordinates": [ [ [ 114.294855117759823, -8.483167647719652 ], [ 114.294897078965036, -8.483165740892412 ], [ 114.294969558635444, -8.483129502035649 ], [ 114.295064925582651, -8.483165739978306 ], [ 114.295091628902753, -8.483142852567575 ], [ 114.295141220398023, -8.483150481704335 ], [ 114.29517173796485, -8.483179093253776 ], [ 114.295221327663484, -8.483192443787383 ], [ 114.295244216736933, -8.483249664152106 ], [ 114.295228957953498, -8.483306885439243 ], [ 114.295167922819843, -8.483350754367049 ], [ 114.295129776759595, -8.483415603896626 ], [ 114.295125960716291, -8.483543396158701 ], [ 114.295103073439478, -8.483673096205965 ], [ 114.295068740727658, -8.483701705965101 ], [ 114.295030593769113, -8.483610152549327 ], [ 114.294988631665561, -8.483573912737624 ], [ 114.294931411676913, -8.483625412669292 ], [ 114.294889448675022, -8.483633040901278 ], [ 114.294828414439664, -8.483617782609233 ], [ 114.2948093423079, -8.483705521452972 ], [ 114.294759749914292, -8.483734131214458 ], [ 114.294660568720417, -8.483770370126766 ], [ 114.294645309936996, -8.483741760362653 ], [ 114.294580458760009, -8.483757018659496 ], [ 114.294530868163079, -8.483800887637363 ], [ 114.294507979987955, -8.483707427368714 ], [ 114.294576643615002, -8.483505248610152 ], [ 114.294588089050052, -8.483255385549166 ], [ 114.294626236008554, -8.483182906908382 ], [ 114.294740676884189, -8.483060837071429 ], [ 114.294797896872836, -8.483066559379854 ], [ 114.294820785946285, -8.483152390359709 ], [ 114.294855117759823, -8.483167647719652 ] ] ] } },
{ "type": "Feature", "properties": { "fid": 376, "class_id": 1, "class_name": "Sawah", "source": "Kementan", "source_class": "Bangkalan", "kode": "VALID", "alasan": "", "n_valid": 115, "n_nodata": 0, "status_v5": "ok" }, "geometry": { "type": "Polygon", "coordinates": [ [ [ 112.864173520448531, -6.954853548770306 ], [ 112.864256800563581, -6.954895189400072 ], [ 112.864292493324754, -6.954942779086015 ], [ 112.864310338357853, -6.95504390570404 ], [ 112.864351979762873, -6.955091495404662 ], [ 112.864340081576927, -6.955145033254156 ], [ 112.864250851919763, -6.955269955229725 ], [ 112.864250851919763, -6.955418670738332 ], [ 112.864268698749498, -6.955466261386821 ], [ 112.864292492426415, -6.95549600303954 ], [ 112.864328185187617, -6.955507901158581 ], [ 112.864334132933109, -6.955543592784764 ], [ 112.864381722981904, -6.955591181623779 ], [ 112.864453105809332, -6.955609027895074 ], [ 112.864637514665816, -6.955710154652767 ], [ 112.864631566022013, -6.955846973991187 ], [ 112.864506643603647, -6.955924307271955 ], [ 112.864488797672209, -6.955948100798757 ], [ 112.864470952639095, -6.955983793368416 ], [ 112.86447095174077, -6.956043278561308 ], [ 112.864405516658863, -6.956186047062136 ], [ 112.864184723338425, -6.956076863322941 ], [ 112.863864190072007, -6.955918358207266 ], [ 112.863905829680363, -6.955876716578275 ], [ 112.863905830578702, -6.955775589785663 ], [ 112.863810651379396, -6.955739899053217 ], [ 112.863792806346297, -6.955710154652767 ], [ 112.863820718798777, -6.955673868199178 ], [ 112.863852292784387, -6.955632822317218 ], [ 112.863935572899436, -6.955496003950435 ], [ 112.863929625153958, -6.955412722590774 ], [ 112.863882036003446, -6.955382979121392 ], [ 112.863840394598455, -6.955329441245492 ], [ 112.863840394598455, -6.955287799667339 ], [ 112.863887983748924, -6.955216417366359 ], [ 112.863887983748924, -6.955168826742528 ], [ 112.863745217195785, -6.955073649152514 ], [ 112.863638140708872, -6.955055802901027 ], [ 112.86353106512027, -6.95520452016541 ], [ 112.863471577783812, -6.955258057116553 ], [ 112.863370450839028, -6.955252108970976 ], [ 112.863257428403259, -6.955210468310401 ], [ 112.863227684285889, -6.955174776708867 ], [ 112.863203889710633, -6.955026060364554 ], [ 112.863174145593248, -6.954936830033432 ], [ 112.863180095135377, -6.954782164711788 ], [ 112.863203888812308, -6.954746473141941 ], [ 112.863459681394517, -6.954740525002671 ], [ 112.863548911051709, -6.954770268432441 ], [ 112.863614347031941, -6.9548238053354 ], [ 112.8637154730784, -6.954823806246295 ], [ 112.863769011771041, -6.954752422192185 ], [ 112.863810652277692, -6.95465129472437 ], [ 112.863876087359628, -6.954603705978064 ], [ 112.863977214304413, -6.954603705978064 ], [ 112.864084289893043, -6.954764319381986 ], [ 112.864173520448531, -6.954853548770306 ] ] ] } },
{ "type": "Feature", "properties": { "fid": 392, "class_id": 1, "class_name": "Sawah", "source": "Kementan", "source_class": "Banyuwangi", "kode": "VALID", "alasan": "", "n_valid": 1218, "n_nodata": 0, "status_v5": "ok" }, "geometry": { "type": "Polygon", "coordinates": [ [ [ 114.401178273890494, -8.00879232322025 ], [ 114.401256796527775, -8.00879232322025 ], [ 114.401338888171693, -8.008760199749247 ], [ 114.401353545083865, -8.00875402851511 ], [ 114.40140670289081, -8.008731647178056 ], [ 114.401463808793437, -8.008731647178056 ], [ 114.401510210371114, -8.008753061606265 ], [ 114.401512585516727, -8.008756794111816 ], [ 114.401519208795335, -8.008767202762495 ], [ 114.401535193417487, -8.00879232322025 ], [ 114.401549471240614, -8.008899399039954 ], [ 114.401553039348926, -8.009017182108087 ], [ 114.401553039348926, -8.009066376711061 ], [ 114.401553039348926, -8.009134965209393 ], [ 114.401549471240614, -8.009227763901508 ], [ 114.401562891172659, -8.009256096463783 ], [ 114.401581594096868, -8.009295579080835 ], [ 114.401606578041537, -8.009338408909144 ], [ 114.401613716054769, -8.009466900246482 ], [ 114.401638699999467, -8.009531146386481 ], [ 114.401770760431077, -8.00954185270788 ], [ 114.401917097787475, -8.009534714551556 ], [ 114.402017034464535, -8.009502591936565 ], [ 114.40211340213493, -8.009488314712343 ], [ 114.402231185641725, -8.009488314712343 ], [ 114.402338262128666, -8.009474039314686 ], [ 114.402466752655329, -8.009470469324048 ], [ 114.402576381255969, -8.009457819140076 ], [ 114.402652349982901, -8.009449053946064 ], [ 114.40280225634595, -8.00942050132784 ], [ 114.402980716558616, -8.00942050132784 ], [ 114.403066376310846, -8.009427638569175 ], [ 114.403105637180317, -8.009491884703133 ], [ 114.403119915003458, -8.009552560855631 ], [ 114.403098499167086, -8.009609667938138 ], [ 114.402977146653683, -8.009659636870003 ], [ 114.402873640969986, -8.009691758584006 ], [ 114.402787979421134, -8.009698897656051 ], [ 114.402684472839141, -8.009698897656051 ], [ 114.402652349982901, -8.009659636870003 ], [ 114.402617666928109, -8.009627620158225 ], [ 114.402605951100156, -8.009616806095742 ], [ 114.402541705387677, -8.009631083324351 ], [ 114.402523859456238, -8.009688190417592 ], [ 114.402456043838811, -8.009784558312717 ], [ 114.402163371820947, -8.009995141405613 ], [ 114.402063433347251, -8.010048677639949 ], [ 114.401967064778532, -8.010084370292731 ], [ 114.401942080833862, -8.01012720111488 ], [ 114.401917097787475, -8.010184308275868 ], [ 114.401856420183293, -8.010202153694626 ], [ 114.40179217536911, -8.010195014613991 ], [ 114.401670821957381, -8.010177169195538 ], [ 114.40153876242411, -8.010159322864803 ], [ 114.40139956397924, -8.010084370292731 ], [ 114.401381718047816, -8.00996658601097 ], [ 114.401378149041207, -8.009895202554645 ], [ 114.401385287054453, -8.009770281991907 ], [ 114.401349595191576, -8.009588252553026 ], [ 114.401349214305895, -8.00957720566603 ], [ 114.401346026184967, -8.009484745634623 ], [ 114.401324611246906, -8.009395515962416 ], [ 114.401267504445983, -8.009359825194512 ], [ 114.401206827740097, -8.009366963347849 ], [ 114.401167567768923, -8.009427638569175 ], [ 114.401150519541474, -8.00946059478489 ], [ 114.401114028177986, -8.009531146386481 ], [ 114.401092613239939, -8.009627514245414 ], [ 114.401092613239939, -8.009738159358827 ], [ 114.401092613239939, -8.009830958184802 ], [ 114.401096183144858, -8.009938034270458 ], [ 114.401110459171377, -8.010005846825848 ], [ 114.401074767308501, -8.010062954883303 ], [ 114.400953414795069, -8.010066523965959 ], [ 114.400689295728498, -8.010030833140782 ], [ 114.400614342097839, -8.010059385800679 ], [ 114.400589357254844, -8.010130770198083 ], [ 114.400567942316769, -8.010391320658535 ], [ 114.400546528277033, -8.010641164018494 ], [ 114.400517973529091, -8.010769654843115 ], [ 114.400507266509223, -8.010862453898007 ], [ 114.400492989584421, -8.01097309933821 ], [ 114.400418036852059, -8.01102663661081 ], [ 114.400387995392336, -8.011063280739512 ], [ 114.400387995392336, -8.011109679840448 ], [ 114.40043796418, -8.011116818936701 ], [ 114.400509347905725, -8.011120388028351 ], [ 114.400516485918999, -8.011170356227703 ], [ 114.400534331850437, -8.011213187161101 ], [ 114.400605716474487, -8.011248879000249 ], [ 114.400680669206835, -8.011248879000249 ], [ 114.400752052932546, -8.011227462618134 ], [ 114.400859129419487, -8.011259586278673 ], [ 114.40090196019392, -8.011320261774641 ], [ 114.400930513145227, -8.011402352756358 ], [ 114.400937651158472, -8.011488013762015 ], [ 114.400937651158472, -8.011566535681181 ], [ 114.400891251377416, -8.011659335825996 ], [ 114.400780605883867, -8.011684320413655 ], [ 114.400666392282034, -8.0116557658167 ], [ 114.400591440447968, -8.011677182220756 ], [ 114.400527194735488, -8.011680751317192 ], [ 114.40040584132376, -8.011677182220756 ], [ 114.400320182469841, -8.011662904922279 ], [ 114.400263073872296, -8.011630782143792 ], [ 114.400230951016027, -8.011566535681181 ], [ 114.400073908436383, -8.011552260212568 ], [ 114.399963262044508, -8.011573674785234 ], [ 114.399874033285656, -8.011584382985022 ], [ 114.399781232825234, -8.011584382985022 ], [ 114.399659880311802, -8.011559398403335 ], [ 114.399563513539704, -8.011570105689716 ], [ 114.399545665811644, -8.011509430157478 ], [ 114.399552805621539, -8.011466599193739 ], [ 114.399520681866974, -8.011359523629675 ], [ 114.399477851990852, -8.01130598631444 ], [ 114.399445729134612, -8.01124173990174 ], [ 114.399488559010734, -8.01119890987847 ], [ 114.39954209680505, -8.01119890987847 ], [ 114.399599204504256, -8.011231032623773 ], [ 114.399681295249877, -8.011259586278673 ], [ 114.399756248880564, -8.011259586278673 ], [ 114.399827632606275, -8.011209618068659 ], [ 114.39983477241617, -8.011156079859576 ], [ 114.399784801831871, -8.011088265291548 ], [ 114.399674158134943, -8.011049004375041 ], [ 114.399584927579454, -8.011020449821469 ], [ 114.399545665811644, -8.010974050730438 ], [ 114.399499267827224, -8.010345873028115 ], [ 114.399420745189943, -8.010335165773089 ], [ 114.399399329353542, -8.010395842047952 ], [ 114.399399329353542, -8.010499348278836 ], [ 114.399420745189943, -8.011045435284 ], [ 114.399335084539402, -8.011091834382954 ], [ 114.399295822771577, -8.011177495324999 ], [ 114.399263699915338, -8.011191771693857 ], [ 114.399128071375401, -8.011170356227703 ], [ 114.399024563895111, -8.011163218043579 ], [ 114.398921058211457, -8.011181064417169 ], [ 114.398810413616218, -8.011188201688546 ], [ 114.398746167005399, -8.011213187161101 ], [ 114.398706906135942, -8.011252448093028 ], [ 114.398715236213548, -8.011310744192427 ], [ 114.398774721753341, -8.011333349363593 ], [ 114.398853244390665, -8.011333349363593 ], [ 114.398874658430415, -8.011369041212999 ], [ 114.398874658430415, -8.011435666128456 ], [ 114.39876996247898, -8.011499911657912 ], [ 114.398646231226678, -8.011549879902624 ], [ 114.398532015828224, -8.011578433579304 ], [ 114.39840590404043, -8.011587952080664 ], [ 114.398336899951858, -8.011578433579304 ], [ 114.39831072663776, -8.011554638696433 ], [ 114.398272655137703, -8.011457080695148 ], [ 114.398279793150948, -8.011347625737772 ], [ 114.398265516226147, -8.011269103859725 ], [ 114.398222686350024, -8.011209618068659 ], [ 114.398106092212643, -8.011211996550571 ], [ 114.398041847398474, -8.01123341201885 ], [ 114.398006155535626, -8.011216756253575 ], [ 114.39791811524789, -8.011190581996431 ], [ 114.397844351884956, -8.011202478970821 ], [ 114.397782485809657, -8.011242929599302 ], [ 114.39773727629634, -8.011304795703644 ], [ 114.397580231021735, -8.011319072989901 ], [ 114.397149549030146, -8.011347625737772 ], [ 114.397080544941602, -8.011326211176687 ], [ 114.397047231817595, -8.011278622354043 ], [ 114.396942833208527, -8.01078577554682 ], [ 114.396782220723949, -8.009667428766171 ], [ 114.396764373894186, -8.009542508271487 ], [ 114.396753665976021, -8.009396705654726 ], [ 114.39677746144956, -8.009319373835154 ], [ 114.396819101956254, -8.009277732787726 ], [ 114.396949973018422, -8.009277732787726 ], [ 114.396997561270595, -8.009295579080835 ], [ 114.397057046810403, -8.009277732787726 ], [ 114.397146277365877, -8.009218247279955 ], [ 114.397318788036415, -8.009152810583368 ], [ 114.397526991468126, -8.009140913667297 ], [ 114.397872012809188, -8.009087375723098 ], [ 114.398151599966653, -8.009087375723098 ], [ 114.398365751143842, -8.009087375723098 ], [ 114.398556108644144, -8.009129016751572 ], [ 114.398639388759193, -8.009218247279955 ], [ 114.398657235588914, -8.009313425374703 ], [ 114.398883284053767, -8.009355066425686 ], [ 114.399037948792866, -8.009349117051697 ], [ 114.399180717142642, -8.009366963347849 ], [ 114.399436507928215, -8.009402655029401 ], [ 114.399620916784698, -8.009426448876766 ], [ 114.399823171572592, -8.009491884703133 ], [ 114.399954040838153, -8.009545421786086 ], [ 114.400114655119353, -8.009616806095742 ], [ 114.40022173160628, -8.009616806095742 ], [ 114.400269319858452, -8.009593012237547 ], [ 114.400272923899365, -8.009586525991859 ], [ 114.400299063077512, -8.009539474235467 ], [ 114.400275269400595, -8.009497833166122 ], [ 114.40015034698223, -8.009444295176221 ], [ 114.400025425462189, -8.00941455195292 ], [ 114.399936194906715, -8.009355066425686 ], [ 114.399858863435483, -8.009236092657483 ], [ 114.399829121114706, -8.009158759954564 ], [ 114.399829121114706, -8.009078636101977 ], [ 114.399829121114706, -8.009063581895026 ], [ 114.399876709366907, -8.009033837785756 ], [ 114.399920884919311, -8.00903616329896 ], [ 114.399989733599313, -8.009039787155261 ], [ 114.400036134278693, -8.00905644283382 ], [ 114.400118224125976, -8.009031459316224 ], [ 114.400175330926899, -8.009038596550919 ], [ 114.400257422570832, -8.009049304685782 ], [ 114.400343083221372, -8.009049304685782 ], [ 114.400414466947126, -8.009020751181817 ], [ 114.400453727816611, -8.008981489546393 ], [ 114.400446589803366, -8.008920814389802 ], [ 114.400425173966994, -8.008881552763754 ], [ 114.400368067166056, -8.008881552763754 ], [ 114.400285976420463, -8.008913676244081 ], [ 114.400239577537718, -8.008927951622598 ], [ 114.400171762818601, -8.008920814389802 ], [ 114.400132501050791, -8.008867275560736 ], [ 114.400114655119353, -8.008820875795584 ], [ 114.400125362139221, -8.008760199749247 ], [ 114.400178900831833, -8.008731647178056 ], [ 114.400211023688072, -8.008663832090177 ], [ 114.400211023688072, -8.008571032610158 ], [ 114.400211023688072, -8.008456818736594 ], [ 114.40022173160628, -8.008378297401395 ], [ 114.400271699495619, -8.008303344235498 ], [ 114.400360929152811, -8.008224822016077 ], [ 114.400427056835809, -8.008216149977812 ], [ 114.400578650234962, -8.008196267655352 ], [ 114.400675017905399, -8.008196267655352 ], [ 114.400789232405558, -8.008217682969189 ], [ 114.400956983801706, -8.008264082667427 ], [ 114.401006953487709, -8.008321189573989 ], [ 114.401030684282574, -8.008388993649847 ], [ 114.401031938330689, -8.008392573674687 ], [ 114.401028368425742, -8.008513925669472 ], [ 114.401028368425742, -8.008613864190339 ], [ 114.401028368425742, -8.008674540215447 ], [ 114.401071199200189, -8.008742354392025 ], [ 114.401178273890494, -8.00879232322025 ] ], [ [ 114.39903114315625, -8.010222701720595 ], [ 114.399024366265749, -8.01026700438193 ], [ 114.398980680295168, -8.010281282545789 ], [ 114.398958931183856, -8.010353258632943 ], [ 114.398958931183856, -8.01042464308051 ], [ 114.398941085252403, -8.010499001322374 ], [ 114.398941085252403, -8.010564437316583 ], [ 114.398961905505729, -8.010603102883193 ], [ 114.399021391943862, -8.010614999840863 ], [ 114.399110621601011, -8.010614999840863 ], [ 114.39916118507341, -8.010597154404486 ], [ 114.399184980546991, -8.010537667795973 ], [ 114.399187954868879, -8.010463308634192 ], [ 114.399187954868879, -8.010388951311725 ], [ 114.399184980546991, -8.010332439426797 ], [ 114.399217697189655, -8.010293772972171 ], [ 114.399223645833416, -8.010240234880369 ], [ 114.39920579990202, -8.010192646181332 ], [ 114.399187954868879, -8.010165875771483 ], [ 114.399104672957208, -8.010165875771483 ], [ 114.399043688129225, -8.010188745663122 ], [ 114.39903114315625, -8.010222701720595 ] ], [ [ 114.398563345472056, -8.010192646181332 ], [ 114.398503859033937, -8.010192646181332 ], [ 114.398468168069385, -8.010204543127328 ], [ 114.398408680732956, -8.010228337933361 ], [ 114.398384886157714, -8.010296746752834 ], [ 114.398387861377941, -8.010359208021219 ], [ 114.398411655054844, -8.01042464308051 ], [ 114.398432475308212, -8.010475207413977 ], [ 114.39845924510368, -8.01050792358185 ], [ 114.398447346917735, -8.010597154404486 ], [ 114.398462218527285, -8.010623923015862 ], [ 114.398527653609179, -8.010656641021463 ], [ 114.398604985978736, -8.010656641021463 ], [ 114.398655550349432, -8.010656641021463 ], [ 114.398679344026391, -8.010626896798875 ], [ 114.398694216534238, -8.010552539447307 ], [ 114.398703139499929, -8.010430591556769 ], [ 114.398697189957815, -8.010353258632943 ], [ 114.398697189957815, -8.010281876023639 ], [ 114.3986763706028, -8.010231311713559 ], [ 114.398604985978736, -8.010198593741242 ], [ 114.398563345472056, -8.010192646181332 ] ] ] } },
{ "type": "Feature", "properties": { "fid": 393, "class_id": 1, "class_name": "Sawah", "source": "Kementan", "source_class": "Pasuruan", "kode": "VALID", "alasan": "", "n_valid": 95, "n_nodata": 0, "status_v5": "ok" }, "geometry": { "type": "Polygon", "coordinates": [ [ [ 112.655786568310191, -7.605419249270691 ], [ 112.655884084027548, -7.605408413462853 ], [ 112.655894797335634, -7.605407223065594 ], [ 112.655915058836854, -7.605404971800902 ], [ 112.656038790987466, -7.605371658922743 ], [ 112.656143486938873, -7.605328829255911 ], [ 112.656300531315154, -7.605285998681063 ], [ 112.656514683390711, -7.605266963276763 ], [ 112.656600343142941, -7.605247926961111 ], [ 112.656629320997368, -7.605247926961111 ], [ 112.65671564999451, -7.605285993207974 ], [ 112.656743110594405, -7.605309792937588 ], [ 112.656766906067958, -7.605352624426931 ], [ 112.656766906067958, -7.605408407989761 ], [ 112.656734997909084, -7.605453282776146 ], [ 112.656732662289329, -7.605455774857106 ], [ 112.656707954127427, -7.60548212961756 ], [ 112.656674656274816, -7.60550272212583 ], [ 112.656519441766775, -7.60555725693033 ], [ 112.65640046889051, -7.605614364095487 ], [ 112.65626245981511, -7.605661953557465 ], [ 112.656167282412468, -7.605700025313174 ], [ 112.656136332755963, -7.605711318131597 ], [ 112.655991201836969, -7.605764270325194 ], [ 112.65593409413772, -7.605747613872221 ], [ 112.655834156562364, -7.605704784168851 ], [ 112.655758355820382, -7.605691601308677 ], [ 112.655724702234892, -7.605685747834282 ], [ 112.655658076885217, -7.605685747834282 ], [ 112.655581933885117, -7.605733337303967 ], [ 112.655561894267777, -7.605753377953551 ], [ 112.655543863283356, -7.605771409065851 ], [ 112.655294699369634, -7.605762963167603 ], [ 112.655263085858152, -7.60576189135312 ], [ 112.655177426105922, -7.605752372728412 ], [ 112.655166396590872, -7.6057473593733 ], [ 112.655125077681063, -7.605728579360168 ], [ 112.655120319305013, -7.605695265545376 ], [ 112.65511146011967, -7.605637686771497 ], [ 112.655110800756262, -7.605633400426967 ], [ 112.65509652383146, -7.605581052113689 ], [ 112.655025140105707, -7.605500149772578 ], [ 112.654939801950349, -7.605461360146962 ], [ 112.6549204441543, -7.605452561240257 ], [ 112.654917671055017, -7.605450342813886 ], [ 112.654849060428546, -7.605395454096073 ], [ 112.654840118598187, -7.605371610577117 ], [ 112.654820506578929, -7.605319310640556 ], [ 112.654820506578929, -7.605271722127761 ], [ 112.654872855003788, -7.605162266743474 ], [ 112.65491255604779, -7.605069630181323 ], [ 112.654944174949151, -7.605023332431619 ], [ 112.654955911438321, -7.605018637435974 ], [ 112.65500134642879, -7.605000463142056 ], [ 112.65513505706555, -7.605004515049918 ], [ 112.655179971931432, -7.605025725082416 ], [ 112.655233670524183, -7.605076738808751 ], [ 112.655253569106037, -7.605095641938563 ], [ 112.655315435181336, -7.605186060993319 ], [ 112.655410612584006, -7.605233651321225 ], [ 112.655543863283356, -7.605247926961111 ], [ 112.65564379996043, -7.605309792937588 ], [ 112.655705666035729, -7.605357383278856 ], [ 112.655786568310191, -7.605419249270691 ] ] ] } },
{ "type": "Feature", "properties": { "fid": 405, "class_id": 1, "class_name": "Sawah", "source": "Kementan", "source_class": "Jember", "kode": "VALID", "alasan": "", "n_valid": 317, "n_nodata": 0, "status_v5": "ok" }, "geometry": { "type": "Polygon", "coordinates": [ [ [ 113.896892070279932, -8.138587324986572 ], [ 113.896925342081431, -8.13854406168066 ], [ 113.896987914232554, -8.138572299871628 ], [ 113.897074783117134, -8.138643388553266 ], [ 113.897080404774201, -8.138758084894818 ], [ 113.89706200637886, -8.138868170798835 ], [ 113.896995391808957, -8.138945137698576 ], [ 113.897006671055678, -8.139179310020261 ], [ 113.897093195885503, -8.13920259619738 ], [ 113.897204327367632, -8.139311757933468 ], [ 113.897314803977906, -8.139330091145769 ], [ 113.897616797813498, -8.139294471394612 ], [ 113.897644482992249, -8.139141290973255 ], [ 113.897773220555607, -8.139030416795531 ], [ 113.89788815191136, -8.139000910876272 ], [ 113.898084810195044, -8.138994726744201 ], [ 113.898147279938229, -8.139008623003299 ], [ 113.898148173761939, -8.139132913942012 ], [ 113.898129808604281, -8.139247781212143 ], [ 113.898024644630567, -8.139301120414595 ], [ 113.897871198006996, -8.139311777113324 ], [ 113.897872640701351, -8.139512553826066 ], [ 113.897907392926413, -8.139674849396584 ], [ 113.89789820855097, -8.139732283103299 ], [ 113.897792908033367, -8.139766499107283 ], [ 113.897639494647464, -8.139781937090099 ], [ 113.897510343859068, -8.139835447154162 ], [ 113.89739489687031, -8.13979324500416 ], [ 113.897355968377497, -8.139717032354563 ], [ 113.897325635863609, -8.139502118147357 ], [ 113.897027923398653, -8.139465998791284 ], [ 113.896922141384067, -8.139433288888878 ], [ 113.896846035214878, -8.139524666374184 ], [ 113.896817731096903, -8.139591796858667 ], [ 113.896846998208858, -8.13965851818328 ], [ 113.896857622583738, -8.139801862254124 ], [ 113.896790803197931, -8.139850146257096 ], [ 113.896160626941295, -8.139615610962499 ], [ 113.895468462438487, -8.139434103576763 ], [ 113.895102898423488, -8.139302853909108 ], [ 113.894338326115502, -8.139059711738511 ], [ 113.894035197707709, -8.138937577184878 ], [ 113.894097186852207, -8.138884545820416 ], [ 113.894221952963719, -8.138888438415865 ], [ 113.894318002630513, -8.13890209537994 ], [ 113.894394967589122, -8.138930230389629 ], [ 113.89448132084074, -8.138929613894511 ], [ 113.894539198396203, -8.138972226952708 ], [ 113.894965513677207, -8.138878352556834 ], [ 113.895037200135206, -8.138839595570307 ], [ 113.895065297640642, -8.138743782214251 ], [ 113.895064678701431, -8.13865773415664 ], [ 113.895025785242893, -8.138586301148868 ], [ 113.895010636952236, -8.138481234041702 ], [ 113.89511597340244, -8.138451799401185 ], [ 113.895279359884626, -8.138488878572927 ], [ 113.895275076717368, -8.138560620267727 ], [ 113.895299579165069, -8.138632154650164 ], [ 113.895357388448545, -8.138665207899265 ], [ 113.895372331024959, -8.13874159114593 ], [ 113.895598769358656, -8.138873834333193 ], [ 113.895675459432766, -8.138863725641377 ], [ 113.895732614742712, -8.138805949558733 ], [ 113.895756258400979, -8.138757975295732 ], [ 113.895986121112514, -8.13869896623838 ], [ 113.896062501267892, -8.138645834438874 ], [ 113.896085904177667, -8.138564395041143 ], [ 113.896133293003857, -8.13848278486774 ], [ 113.896166704044191, -8.138458643859101 ], [ 113.896478222716738, -8.138413394084941 ], [ 113.896593429855301, -8.138422132778224 ], [ 113.896742354359745, -8.13844975355309 ], [ 113.896795365741255, -8.13848284058057 ], [ 113.896829257380318, -8.138525624384309 ], [ 113.896892070279932, -8.138587324986572 ] ] ] } },
{ "type": "Feature", "properties": { "fid": 453, "class_id": 1, "class_name": "Sawah", "source": "Kementan", "source_class": "Malang", "kode": "VALID", "alasan": "", "n_valid": 174, "n_nodata": 0, "status_v5": "ok" }, "geometry": { "type": "Polygon", "coordinates": [ [ [ 112.646136404692442, -8.416073480165478 ], [ 112.646060261692327, -8.416221006698297 ], [ 112.645941288816118, -8.416416121900184 ], [ 112.645831833590307, -8.41650178306546 ], [ 112.645655753014836, -8.416487506203294 ], [ 112.645574851638671, -8.416401845955054 ], [ 112.645537805116348, -8.416196404925088 ], [ 112.6455237024647, -8.416118195278511 ], [ 112.645523677311886, -8.416118057271712 ], [ 112.645522504112122, -8.416111550845455 ], [ 112.645608163864338, -8.415983060144512 ], [ 112.645659719975129, -8.415988320852112 ], [ 112.645661039600299, -8.415988455203047 ], [ 112.645711760277877, -8.415993630913183 ], [ 112.645841351240762, -8.416006854884873 ], [ 112.64588632988702, -8.415790142294572 ], [ 112.645893699665621, -8.415754631623367 ], [ 112.645769968413333, -8.415673729563242 ], [ 112.645789002815903, -8.415421508340907 ], [ 112.64579852136464, -8.415193079228363 ], [ 112.64579852136464, -8.414993204776451 ], [ 112.645722378364539, -8.414750500024043 ], [ 112.645275039810898, -8.413960518814187 ], [ 112.645084683208964, -8.413898652810495 ], [ 112.644946419012001, -8.413379118044732 ], [ 112.644946296841098, -8.41337865924384 ], [ 112.644927637934359, -8.413308545883394 ], [ 112.644953311785159, -8.413297893844909 ], [ 112.644953654043292, -8.413297752183302 ], [ 112.645374977386254, -8.413122948205377 ], [ 112.64556533398823, -8.413793955604536 ], [ 112.64595028454535, -8.414520714997135 ], [ 112.645956133476176, -8.414531756410488 ], [ 112.64611736939159, -8.414836159916602 ], [ 112.646181364474103, -8.415073408440444 ], [ 112.646181464187109, -8.415073777676191 ], [ 112.646250876110798, -8.415331110402979 ], [ 112.64625102972272, -8.415331680708078 ], [ 112.646257872190233, -8.415357048318345 ], [ 112.646312485267913, -8.415559515832085 ], [ 112.646222730994623, -8.415819801850771 ], [ 112.646222624993428, -8.415820108024556 ], [ 112.646217306068607, -8.415835533699955 ], [ 112.646136404692442, -8.416073480165478 ] ] ] } },
{ "type": "Feature", "properties": { "fid": 457, "class_id": 1, "class_name": "Sawah", "source": "Kementan", "source_class": "Banyuwangi", "kode": "VALID", "alasan": "", "n_valid": 398, "n_nodata": 0, "status_v5": "ok" }, "geometry": { "type": "Polygon", "coordinates": [ [ [ 114.31910514783776, -8.194892883417461 ], [ 114.319147109941312, -8.194934844607996 ], [ 114.319196701436582, -8.194906235327698 ], [ 114.319375991692567, -8.19501304605804 ], [ 114.319570540731959, -8.195032118916338 ], [ 114.319639206155642, -8.195060730032349 ], [ 114.319780348554787, -8.195173263576097 ], [ 114.319913865155456, -8.195215225708873 ], [ 114.319982528782518, -8.195272445228188 ], [ 114.320295333842552, -8.195434571049166 ], [ 114.320440292284985, -8.195619581656874 ], [ 114.320569991045716, -8.195653914680319 ], [ 114.320592881017475, -8.195726394400623 ], [ 114.320512771955393, -8.195777893036876 ], [ 114.320478439243516, -8.19582748439004 ], [ 114.320520401347068, -8.195877074835762 ], [ 114.320600508612529, -8.195877074835762 ], [ 114.320775986418454, -8.19597625665873 ], [ 114.320737838561612, -8.19609069774547 ], [ 114.320734024314902, -8.196147918300861 ], [ 114.320669174934537, -8.1962909697244 ], [ 114.320692063109675, -8.196399689022494 ], [ 114.32069206221135, -8.196514130227849 ], [ 114.320657730397812, -8.196599961152911 ], [ 114.320569991944041, -8.196628570551818 ], [ 114.320428848646571, -8.196594238359912 ], [ 114.320081710874717, -8.196432113905626 ], [ 114.319978713637482, -8.196441651281246 ], [ 114.319917677605531, -8.196571349015647 ], [ 114.31967353796918, -8.196636199725196 ], [ 114.319581535212734, -8.196631748460593 ], [ 114.319555281948539, -8.196630477845153 ], [ 114.31954664374878, -8.196625692256198 ], [ 114.319414138651112, -8.196552276998949 ], [ 114.319337844734022, -8.196474075254255 ], [ 114.319215775365009, -8.196432113905626 ], [ 114.31907844541594, -8.196304320766876 ], [ 114.319013596035575, -8.196283340557471 ], [ 114.31895637514863, -8.196285247849191 ], [ 114.318883896376548, -8.196207047069077 ], [ 114.318803787314451, -8.196149825591942 ], [ 114.318681717047141, -8.196014404293047 ], [ 114.318567276171507, -8.195972442991632 ], [ 114.318479537717707, -8.195865631097012 ], [ 114.318147658729274, -8.195711135174534 ], [ 114.318059921173756, -8.195625305349669 ], [ 114.318052291782081, -8.195466994942244 ], [ 114.318101883277308, -8.19537353601873 ], [ 114.318105696625679, -8.195274353428637 ], [ 114.317975997864991, -8.195196151015127 ], [ 114.317968367574935, -8.195116044070662 ], [ 114.318037628581692, -8.194985945793299 ], [ 114.318109511770729, -8.194850922231238 ], [ 114.318144904494602, -8.194831260205742 ], [ 114.318281174431633, -8.194755555250612 ], [ 114.31833839442028, -8.194740296060786 ], [ 114.318433762265784, -8.194812774705552 ], [ 114.318506241037866, -8.194782257235648 ], [ 114.31851387042957, -8.194711684053754 ], [ 114.318635939798554, -8.194753647052584 ], [ 114.318685532192148, -8.194852828602814 ], [ 114.318822861242893, -8.194822311129919 ], [ 114.318857193056431, -8.194780349950943 ], [ 114.318880081231541, -8.194700241261097 ], [ 114.318986891817119, -8.194736480578326 ], [ 114.319059372385837, -8.194814681990406 ], [ 114.31910514783776, -8.194892883417461 ] ] ] } },
{ "type": "Feature", "properties": { "fid": 469, "class_id": 1, "class_name": "Sawah", "source": "Kementan", "source_class": "Banyuwangi", "kode": "VALID", "alasan": "", "n_valid": 68, "n_nodata": 0, "status_v5": "ok" }, "geometry": { "type": "Polygon", "coordinates": [ [ [ 114.371473313182918, -8.201387404743066 ], [ 114.371492386213021, -8.201314926758455 ], [ 114.371545791056661, -8.201250076219367 ], [ 114.371564864985103, -8.201179504660253 ], [ 114.371599196798641, -8.201179504660253 ], [ 114.371637343757186, -8.201221465583224 ], [ 114.372228622063702, -8.201337813628212 ], [ 114.372323989909219, -8.201395034005348 ], [ 114.372308731125798, -8.201631545774248 ], [ 114.372259139630529, -8.201732636311961 ], [ 114.372117996333074, -8.201719284178548 ], [ 114.372053146054412, -8.201698302777471 ], [ 114.37195777910722, -8.201641082357838 ], [ 114.37187004065342, -8.201642989674582 ], [ 114.37180519127304, -8.201679229607862 ], [ 114.371599197696938, -8.201644897904799 ], [ 114.371511459243152, -8.201696397287407 ], [ 114.371492386213021, -8.201766968022403 ], [ 114.371503829851449, -8.201831817730142 ], [ 114.371412277150924, -8.201847077184933 ], [ 114.371065140277395, -8.201778411013057 ], [ 114.371137619049435, -8.201599121391737 ], [ 114.371179581152987, -8.201375960849905 ], [ 114.371274947201883, -8.201066970375019 ], [ 114.371404647759249, -8.201093673686147 ], [ 114.371515272591537, -8.201135634600288 ], [ 114.371393205019146, -8.201267242053941 ], [ 114.371400832614242, -8.201324463334647 ], [ 114.371473313182918, -8.201387404743066 ] ] ] } },
{ "type": "Feature", "properties": { "fid": 479, "class_id": 1, "class_name": "Sawah", "source": "Kementan", "source_class": "Kota Pasuruan", "kode": "VALID", "alasan": "", "n_valid": 108, "n_nodata": 0, "status_v5": "ok" }, "geometry": { "type": "Polygon", "coordinates": [ [ [ 112.888718925575063, -7.635651392796898 ], [ 112.888460244909211, -7.635545568794504 ], [ 112.888404836822474, -7.635522902260569 ], [ 112.889622738548709, -7.633371274517232 ], [ 112.88963683581045, -7.633346369459214 ], [ 112.889689745682375, -7.633252895911337 ], [ 112.89000383443495, -7.633367111054808 ], [ 112.889978145312796, -7.633412781429994 ], [ 112.889964380427671, -7.633437252265567 ], [ 112.888718925575063, -7.635651392796898 ] ] ] } },
{ "type": "Feature", "properties": { "fid": 513, "class_id": 2, "class_name": "Bangunan / Permukiman", "source": "BIG", "source_class": "Perumahan Padat", "kode": "VALID", "alasan": "", "n_valid": 368, "n_nodata": 0, "status_v5": "ok" }, "geometry": { "type": "Polygon", "coordinates": [ [ [ 112.629062, -7.245025 ], [ 112.628954, -7.245313 ], [ 112.628949, -7.245327 ], [ 112.628944, -7.245341 ], [ 112.628847632000088, -7.245598597999958 ], [ 112.628821127000037, -7.245929894999961 ], [ 112.628788289000113, -7.246225435999975 ], [ 112.628755451000075, -7.24632394899993 ], [ 112.62861315400005, -7.24640057199997 ], [ 112.628444, -7.246473 ], [ 112.628355041000077, -7.246454779999965 ], [ 112.627890721000085, -7.246520975999942 ], [ 112.627551396000058, -7.246630436999965 ], [ 112.627266801000019, -7.246575705999931 ], [ 112.627269, -7.246358 ], [ 112.627003, -7.246179 ], [ 112.626839910000058, -7.246126921999974 ], [ 112.627299639000057, -7.24490097599994 ], [ 112.627124504000108, -7.244824354999935 ], [ 112.62716522300002, -7.244696003999934 ], [ 112.627305277, -7.24474904799996 ], [ 112.627548097000044, -7.244816961999959 ], [ 112.627577711000072, -7.244724148999978 ], [ 112.628212743000063, -7.244924970999932 ], [ 112.628265, -7.24477 ], [ 112.628296, -7.244763 ], [ 112.628614855000023, -7.244864377999932 ], [ 112.62905400000011, -7.245004 ], [ 112.629057000000103, -7.245005 ], [ 112.629067, -7.245011 ], [ 112.629062, -7.245025 ] ] ] } },
{ "type": "Feature", "properties": { "fid": 517, "class_id": 2, "class_name": "Bangunan / Permukiman", "source": "BIG", "source_class": "Kampung Jarang Teratur", "kode": "VALID", "alasan": "", "n_valid": 15, "n_nodata": 0, "status_v5": "ok" }, "geometry": { "type": "Polygon", "coordinates": [ [ [ 112.767607958000099, -8.278187106999951 ], [ 112.767821316000095, -8.27819582199993 ], [ 112.768083544000092, -8.278206531999956 ], [ 112.768147519000081, -8.278012481999951 ], [ 112.768313066000019, -8.278293202999976 ], [ 112.767508921000058, -8.278374508999946 ], [ 112.7675276330001, -8.278183933999969 ], [ 112.767607958000099, -8.278187106999951 ] ] ] } },
{ "type": "Feature", "properties": { "fid": 519, "class_id": 2, "class_name": "Bangunan / Permukiman", "source": "BIG", "source_class": "Perumahan Padat", "kode": "VALID", "alasan": "", "n_valid": 603, "n_nodata": 0, "status_v5": "ok" }, "geometry": { "type": "Polygon", "coordinates": [ [ [ 112.752379, -7.341894 ], [ 112.751652092000086, -7.342215648999968 ], [ 112.751484806, -7.341857688999937 ], [ 112.751316080000038, -7.341496648999964 ], [ 112.751318358000049, -7.341495653999971 ], [ 112.751188112000023, -7.341176590999964 ], [ 112.75328709900009, -7.340242582999963 ], [ 112.75377998600004, -7.340017705999969 ], [ 112.753788018000023, -7.339939790999949 ], [ 112.753731, -7.339956 ], [ 112.751927, -7.340745 ], [ 112.751130921000026, -7.341091048999942 ], [ 112.750930845000084, -7.340646504999938 ], [ 112.753839346000063, -7.339402674999974 ], [ 112.753840109000066, -7.339411730999927 ], [ 112.753929159000108, -7.339372870999966 ], [ 112.753929459, -7.339449422999962 ], [ 112.753912352000043, -7.339975792999951 ], [ 112.753908197000101, -7.340138484999954 ], [ 112.75385613900005, -7.340306148999957 ], [ 112.753837288000113, -7.340387559999954 ], [ 112.753808778, -7.340449870999976 ], [ 112.753677264000089, -7.340496235999979 ], [ 112.753609494000102, -7.340574870999944 ], [ 112.753567507000071, -7.340690334999977 ], [ 112.753586338000105, -7.340953971999966 ], [ 112.753588501000081, -7.340984243999969 ], [ 112.753609954000012, -7.341361202999963 ], [ 112.75362523900003, -7.34162979499996 ], [ 112.753593749000061, -7.341865971999937 ], [ 112.753478285000028, -7.341976187999933 ], [ 112.752995434000013, -7.342186122999976 ], [ 112.752605795000022, -7.342285155999946 ], [ 112.752566755000089, -7.342285155999946 ], [ 112.752379, -7.341894 ] ] ] } },
{ "type": "Feature", "properties": { "fid": 530, "class_id": 2, "class_name": "Bangunan / Permukiman", "source": "BIG", "source_class": "Kampung Padat Teratur", "kode": "VALID", "alasan": "", "n_valid": 4025, "n_nodata": 0, "status_v5": "ok" }, "geometry": { "type": "Polygon", "coordinates": [ [ [ 112.704844025000057, -7.629996405999975 ], [ 112.704833882000116, -7.630020835999971 ], [ 112.704830277000042, -7.630029496999953 ], [ 112.704830212000047, -7.630029499999978 ], [ 112.704801833000033, -7.630097733999946 ], [ 112.704733683000086, -7.63009290399998 ], [ 112.704638034000027, -7.630086125999981 ], [ 112.704484646000083, -7.630091513999957 ], [ 112.704393836, -7.630161225999927 ], [ 112.70427931100005, -7.630295602999979 ], [ 112.704229552000015, -7.630441681999969 ], [ 112.704138760000092, -7.630516176999947 ], [ 112.703743628000097, -7.630611002999956 ], [ 112.703537875000052, -7.63070986699995 ], [ 112.703365567000105, -7.630779899999936 ], [ 112.70323174300006, -7.630883261999941 ], [ 112.703155342000059, -7.630960091999953 ], [ 112.702997406, -7.631027676999963 ], [ 112.702814980000085, -7.630963823999934 ], [ 112.702711881000027, -7.630957055999943 ], [ 112.702580558000022, -7.631086714999981 ], [ 112.702409375000116, -7.631441334999977 ], [ 112.70228996100002, -7.631551814999966 ], [ 112.702177756000083, -7.631667049999976 ], [ 112.702017470000101, -7.631746601999964 ], [ 112.701830864000044, -7.631838214999959 ], [ 112.701759380000112, -7.631946114999948 ], [ 112.701692633000107, -7.632039646999942 ], [ 112.701554014000067, -7.632143027999973 ], [ 112.701350837000064, -7.632287318999943 ], [ 112.70113067300008, -7.632379063999963 ], [ 112.70057367600009, -7.63276150799993 ], [ 112.700098393000076, -7.633168974999933 ], [ 112.699990774000071, -7.633261238999978 ], [ 112.699752103000037, -7.633522853999978 ], [ 112.699427811000078, -7.633954603999939 ], [ 112.699114786000109, -7.63420455399995 ], [ 112.698882871000023, -7.634356131999937 ], [ 112.698519281000017, -7.634548882999979 ], [ 112.698352247000116, -7.634582300999966 ], [ 112.698116895000112, -7.634629384999926 ], [ 112.697539357000096, -7.634667526999976 ], [ 112.69733352500009, -7.634747255999969 ], [ 112.697225933000027, -7.634817032999933 ], [ 112.696976766000034, -7.634849101999976 ], [ 112.696527692000018, -7.634820184999967 ], [ 112.696451678000017, -7.634815290999938 ], [ 112.696290824000016, -7.634751350999977 ], [ 112.695808741000064, -7.634681496999974 ], [ 112.695350666000081, -7.63462111399997 ], [ 112.695110899000042, -7.634605313999941 ], [ 112.694851795000091, -7.634548933999952 ], [ 112.69462619300009, -7.634478072999968 ], [ 112.694323971000017, -7.634429034999926 ], [ 112.694124953000028, -7.634413074999941 ], [ 112.693916365000064, -7.634401934999971 ], [ 112.693774913000084, -7.634395314999949 ], [ 112.693489922000026, -7.634461002999956 ], [ 112.692903331000025, -7.634635491999973 ], [ 112.692747266000083, -7.634697082999935 ], [ 112.692762389000109, -7.634721791999937 ], [ 112.69277012200007, -7.634734427999945 ], [ 112.693156908000105, -7.634952933999955 ], [ 112.693649324000035, -7.635211681999976 ], [ 112.693877446000101, -7.635313622999945 ], [ 112.69392253400008, -7.635335894999969 ], [ 112.693925480000075, -7.635337349999929 ], [ 112.694148149000057, -7.635271905999957 ], [ 112.694205989000011, -7.635265647999972 ], [ 112.694353317000036, -7.63504822699997 ], [ 112.694641385000068, -7.635130828999934 ], [ 112.694977504, -7.635237165999968 ], [ 112.695109431000105, -7.635248609999962 ], [ 112.694787375000033, -7.635668530999965 ], [ 112.69469231100004, -7.63588421399993 ], [ 112.694573315000071, -7.636111951999965 ], [ 112.694478769000057, -7.636459210999931 ], [ 112.69445582700007, -7.636722457999952 ], [ 112.6944396130001, -7.636849174999952 ], [ 112.694100784000057, -7.636635265999928 ], [ 112.693942241000059, -7.636549791999926 ], [ 112.693766825000012, -7.636440469999968 ], [ 112.693589030000112, -7.636335938999935 ], [ 112.693351103000055, -7.636179029999937 ], [ 112.693314039000029, -7.636163196999973 ], [ 112.693190229000038, -7.636110305999978 ], [ 112.693094348000045, -7.63611068199998 ], [ 112.692988766000099, -7.636082396999939 ], [ 112.692796675000068, -7.635999445999971 ], [ 112.692304635000028, -7.635836357999949 ], [ 112.692014068000049, -7.635703569999976 ], [ 112.691989778000107, -7.635622352999974 ], [ 112.691802131000031, -7.635692191999965 ], [ 112.691682381000078, -7.635728545999939 ], [ 112.691538652000077, -7.635764993999942 ], [ 112.691298869000093, -7.63576593199997 ], [ 112.691094819000114, -7.63570692299993 ], [ 112.690914888000066, -7.635683703999973 ], [ 112.690579192000087, -7.635685016999957 ], [ 112.690435322000098, -7.635685579999972 ], [ 112.690268458000105, -7.635548234999931 ], [ 112.690157642000031, -7.635586113999977 ], [ 112.690023813000039, -7.635689473999946 ], [ 112.689959892000047, -7.635893004999957 ], [ 112.689912778, -7.636103644999935 ], [ 112.689779212000076, -7.636273965999976 ], [ 112.689657424000075, -7.636391627999956 ], [ 112.689463959000022, -7.636569358999964 ], [ 112.689364208000029, -7.636694205999959 ], [ 112.689352972000052, -7.63662052899997 ], [ 112.689346545000035, -7.636578388999965 ], [ 112.68932914700008, -7.636447905999944 ], [ 112.689256668000098, -7.635978698999963 ], [ 112.68924903900006, -7.635927199999969 ], [ 112.689161301000013, -7.635337829999969 ], [ 112.689125912, -7.635113701999956 ], [ 112.689116005000074, -7.635048929999925 ], [ 112.689345159000027, -7.635010187999967 ], [ 112.689321364000079, -7.634788897999954 ], [ 112.689081332000114, -7.634812365999949 ], [ 112.689081192000117, -7.634811400999979 ], [ 112.689001083000107, -7.634279250999953 ], [ 112.688985825000032, -7.63418960599995 ], [ 112.688883012000019, -7.633589866999955 ], [ 112.688931901000046, -7.633586450999928 ], [ 112.689069577000055, -7.633547050999937 ], [ 112.689252291000116, -7.633531388999927 ], [ 112.689467952000086, -7.633512609999968 ], [ 112.689578743000084, -7.633494239999948 ], [ 112.689734479000094, -7.633475694999959 ], [ 112.689815507000048, -7.633508261999964 ], [ 112.689995647000046, -7.633600228999967 ], [ 112.69020875800004, -7.633695057999944 ], [ 112.690358807000052, -7.633754258999943 ], [ 112.690493522000111, -7.63372383799998 ], [ 112.690610000000106, -7.633627720999925 ], [ 112.690705517000083, -7.633534674999964 ], [ 112.690756253000018, -7.633483655999953 ], [ 112.690977394000015, -7.63317554799994 ], [ 112.691034501000104, -7.632975672999976 ], [ 112.691048778000095, -7.632804351999937 ], [ 112.691048778000095, -7.632640168999956 ], [ 112.690991671, -7.632404601999951 ], [ 112.690906010000049, -7.632204727999977 ], [ 112.690720412000019, -7.631933468999932 ], [ 112.690282168000067, -7.63145992699998 ], [ 112.690241728000046, -7.631462327999941 ], [ 112.69005710600004, -7.631373366999981 ], [ 112.689874511000085, -7.631228345999943 ], [ 112.689709797000091, -7.631058592999977 ], [ 112.689621567000017, -7.630908718999933 ], [ 112.689585313000066, -7.630832629999929 ], [ 112.689540008000108, -7.630740881999941 ], [ 112.689363856000114, -7.63051960599995 ], [ 112.689365852000037, -7.630460724999978 ], [ 112.689293988000031, -7.630467563999957 ], [ 112.689202293000108, -7.630580025999961 ], [ 112.689099063000072, -7.630616301999964 ], [ 112.689015944000062, -7.630623352999976 ], [ 112.688885607000088, -7.630623861999936 ], [ 112.688843209000083, -7.630700257999933 ], [ 112.688863839000078, -7.630803312999944 ], [ 112.689014735000114, -7.630887921999943 ], [ 112.689122873000088, -7.630957003999981 ], [ 112.689109777000112, -7.631055705999927 ], [ 112.689175289000104, -7.631142890999968 ], [ 112.688776788000041, -7.631025997999927 ], [ 112.688581672000055, -7.630983167999943 ], [ 112.688497639000047, -7.630987750999964 ], [ 112.68849754300004, -7.630987166999944 ], [ 112.688470840000036, -7.630830764999928 ], [ 112.688463211000112, -7.630786895999961 ], [ 112.688417435000019, -7.630535125999927 ], [ 112.688291550000031, -7.629919051999934 ], [ 112.688178365000113, -7.629329754999958 ], [ 112.688116701000013, -7.629006114999981 ], [ 112.688116600000058, -7.629005599999971 ], [ 112.687986384000055, -7.628356479999979 ], [ 112.687981235000052, -7.628325583999981 ], [ 112.687948377000112, -7.62812514999996 ], [ 112.687979634000044, -7.628120104999937 ], [ 112.688183249000076, -7.628086426999971 ], [ 112.688309384000036, -7.628244431999974 ], [ 112.68835221400002, -7.628320574999975 ], [ 112.688466428000083, -7.628382440999928 ], [ 112.688580642000034, -7.628396717999976 ], [ 112.688747205000027, -7.628420511999934 ], [ 112.688842383000065, -7.628487136999979 ], [ 112.68878527600009, -7.628634663999946 ], [ 112.688737687000071, -7.628796466999972 ], [ 112.688747205000027, -7.628929716999949 ], [ 112.68880171100011, -7.629100274999928 ], [ 112.688866076000068, -7.629213399999969 ], [ 112.688802990000113, -7.629426227999943 ], [ 112.688782657000047, -7.629674318999946 ], [ 112.68878091900001, -7.62975172299997 ], [ 112.688840443000117, -7.629751374999955 ], [ 112.688984263000066, -7.629750813999976 ], [ 112.689144250000027, -7.629798018999963 ], [ 112.689338378000116, -7.62938272699995 ], [ 112.689374083000075, -7.62931881399993 ], [ 112.689401860000089, -7.629270873999928 ], [ 112.689501531000019, -7.629218667999965 ], [ 112.689625016000036, -7.629126509999935 ], [ 112.689680696000096, -7.629062517999955 ], [ 112.689788498000098, -7.629046152999933 ], [ 112.689984361000029, -7.629073288999962 ], [ 112.690172376000078, -7.629136328999948 ], [ 112.690308284000025, -7.629155726999954 ], [ 112.690508221000073, -7.629202775999943 ], [ 112.690576089000047, -7.629190552999944 ], [ 112.69068379700002, -7.629150272999937 ], [ 112.690763634000064, -7.629134016999956 ], [ 112.690859654000064, -7.629169514999944 ], [ 112.690803157, -7.629357869999978 ], [ 112.691161622000095, -7.629335629999957 ], [ 112.691150146000041, -7.62947080899994 ], [ 112.691066408000097, -7.629510994999976 ], [ 112.690966768000067, -7.629571173999977 ], [ 112.690899166, -7.629651155999966 ], [ 112.690775353000049, -7.629659611999955 ], [ 112.690607548000116, -7.629656281999928 ], [ 112.690539930000114, -7.629732277999949 ], [ 112.690456208000114, -7.629776450999941 ], [ 112.690432473000101, -7.629836331999968 ], [ 112.690348766000056, -7.629884489999938 ], [ 112.690052792000074, -7.629797956999937 ], [ 112.690016602000014, -7.629738309999937 ], [ 112.689864667000052, -7.62970701699993 ], [ 112.689748672000064, -7.62967159699997 ], [ 112.689660688000117, -7.629648024999938 ], [ 112.689574882000102, -7.629595428999949 ], [ 112.689521845000058, -7.629637905999971 ], [ 112.689407033000066, -7.629730844999926 ], [ 112.689545522000117, -7.629823854999927 ], [ 112.689709583000081, -7.629890973999977 ], [ 112.689849564000042, -7.629930285999933 ], [ 112.689897691000056, -7.629977928999949 ], [ 112.689862331000086, -7.630129530999966 ], [ 112.689818590000073, -7.630181518999962 ], [ 112.68959064, -7.630122620999941 ], [ 112.689463082000088, -7.630194865999954 ], [ 112.689487740000118, -7.63037014899993 ], [ 112.689664459000028, -7.630608611999946 ], [ 112.689752694000049, -7.630695956999944 ], [ 112.689877274000082, -7.630882807999967 ], [ 112.690001604000031, -7.631005883999933 ], [ 112.690177917000028, -7.631140715999948 ], [ 112.690302028000019, -7.63120799099994 ], [ 112.690370021000035, -7.631227653999929 ], [ 112.690574075000086, -7.631408797999939 ], [ 112.69080012400002, -7.631563462999964 ], [ 112.691049968000016, -7.63173597399998 ], [ 112.691329554000049, -7.632021508999969 ], [ 112.691472322000095, -7.632188070999973 ], [ 112.691543706000061, -7.632342735999941 ], [ 112.691543706000061, -7.632562836999966 ], [ 112.691513963000034, -7.632788884999968 ], [ 112.691496117000042, -7.633032779999951 ], [ 112.691519911000114, -7.63317554799994 ], [ 112.691626987000063, -7.633157701999949 ], [ 112.691722165000101, -7.633038728999963 ], [ 112.691793549000067, -7.632824576999951 ], [ 112.691942266000069, -7.632687757999975 ], [ 112.692025547000071, -7.632544990999975 ], [ 112.692037444000107, -7.632378427999981 ], [ 112.692114776000039, -7.632199968999942 ], [ 112.692215904000022, -7.632092892999935 ], [ 112.69242410600009, -7.631950124999946 ], [ 112.692537131000108, -7.631765716999951 ], [ 112.692697744000043, -7.631682435999949 ], [ 112.69285835800008, -7.631730024999968 ], [ 112.692834563000019, -7.631860895999978 ], [ 112.692751282000017, -7.631985816999929 ], [ 112.692685847, -7.63211668799994 ], [ 112.69266205200006, -7.632241608999948 ], [ 112.692679898000051, -7.632318941999927 ], [ 112.692781026000034, -7.63239032599995 ], [ 112.693216360000065, -7.63251680999997 ], [ 112.693372359000023, -7.63255208399994 ], [ 112.693552618000012, -7.632659031999935 ], [ 112.693853239000077, -7.632885125999962 ], [ 112.694345260000091, -7.633002813999951 ], [ 112.694489035000061, -7.632978326999933 ], [ 112.694644751000055, -7.632941831999972 ], [ 112.694811843000025, -7.632749789999934 ], [ 112.69499149, -7.632701238999971 ], [ 112.695195304000094, -7.632700439999951 ], [ 112.695279698000036, -7.632819724999933 ], [ 112.695256616000052, -7.633047086999966 ], [ 112.695185860000038, -7.63334640599993 ], [ 112.69515074100002, -7.633561853999936 ], [ 112.695067478000055, -7.63372964399997 ], [ 112.695032453000067, -7.633969013999945 ], [ 112.695033066000065, -7.634124512999961 ], [ 112.695097741000041, -7.63440316599997 ], [ 112.695287052000026, -7.634442090999926 ], [ 112.695729598000071, -7.634515687999965 ], [ 112.695988645000057, -7.634557718999929 ], [ 112.696267433000116, -7.634590703999947 ], [ 112.696476008000104, -7.634598853999933 ], [ 112.69667197800004, -7.634601670999928 ], [ 112.697031382000091, -7.634562593999931 ], [ 112.697378172000072, -7.634516389999931 ], [ 112.69778064400009, -7.63445741299995 ], [ 112.698042982000061, -7.634422302999951 ], [ 112.698233438000102, -7.634394648999944 ], [ 112.698352005000061, -7.63437265999994 ], [ 112.69869299100003, -7.634222446999956 ], [ 112.698840131000111, -7.634151915999951 ], [ 112.699066053000024, -7.634000361999938 ], [ 112.699313349000022, -7.633798500999944 ], [ 112.699393958000087, -7.633724644999972 ], [ 112.699603275000072, -7.63346553699995 ], [ 112.699480997000023, -7.633378444999948 ], [ 112.699430665000023, -7.633222750999948 ], [ 112.699642444, -7.632895961999964 ], [ 112.699833365000018, -7.632614666999928 ], [ 112.699840159000019, -7.632604657999934 ], [ 112.700023697, -7.632320495999977 ], [ 112.700142922000055, -7.631937382999979 ], [ 112.700354336000032, -7.631518476999929 ], [ 112.700368093000066, -7.63140504699993 ], [ 112.700529567000103, -7.630929649999928 ], [ 112.700486366000064, -7.630781012999932 ], [ 112.700386544000025, -7.630682201999946 ], [ 112.70019430900004, -7.630562495999925 ], [ 112.70013696, -7.630428086999927 ], [ 112.700186115000065, -7.630286173999934 ], [ 112.700341719000107, -7.630122583999935 ], [ 112.700461420000011, -7.629859930999942 ], [ 112.700489129000061, -7.629682671999944 ], [ 112.700474421000081, -7.629555180999944 ], [ 112.700558807000107, -7.629342268999949 ], [ 112.700827429000014, -7.629022342999974 ], [ 112.701026261000038, -7.629014474999963 ], [ 112.701189863000081, -7.629077604999964 ], [ 112.701374519000069, -7.629076878999967 ], [ 112.701537448000067, -7.628969947999963 ], [ 112.701643504000117, -7.628849067999965 ], [ 112.701735216000088, -7.628692814999965 ], [ 112.701791641000113, -7.628593388999946 ], [ 112.701869372000033, -7.628493878999961 ], [ 112.701940058000105, -7.62840856899993 ], [ 112.702053608000028, -7.628386863999935 ], [ 112.702162304000012, -7.628399942999977 ], [ 112.702170312000021, -7.628504609999936 ], [ 112.702252084000065, -7.628513630999976 ], [ 112.702401040000041, -7.628465213999959 ], [ 112.702592693000042, -7.628437886999961 ], [ 112.702950122000061, -7.628574656999945 ], [ 112.702993323000101, -7.62872329299995 ], [ 112.70299926000007, -7.628877389999957 ], [ 112.70299947, -7.628930533999949 ], [ 112.703064760000075, -7.629092960999969 ], [ 112.703007331000094, -7.629140219999954 ], [ 112.702919455000028, -7.62919437499994 ], [ 112.70284773000003, -7.629241291999961 ], [ 112.702969832, -7.629311448999943 ], [ 112.703065243000083, -7.629368628999941 ], [ 112.703180834000023, -7.629422851999948 ], [ 112.703261585000064, -7.629419655999925 ], [ 112.703296152, -7.629408008999974 ], [ 112.703397332, -7.629465166999978 ], [ 112.703524654000034, -7.629568265999978 ], [ 112.70366923600011, -7.629659785999934 ], [ 112.703787735000105, -7.629719752999961 ], [ 112.703926286000069, -7.629745106999962 ], [ 112.704044386000078, -7.629704351999976 ], [ 112.704162462000113, -7.629657841999972 ], [ 112.70435886100006, -7.629723256999966 ], [ 112.704471477000084, -7.629754468999977 ], [ 112.704601558000036, -7.629825900999947 ], [ 112.704734478000091, -7.629885810999951 ], [ 112.70487211000011, -7.629928760999974 ], [ 112.704844025000057, -7.629996405999975 ] ] ] } },
{ "type": "Feature", "properties": { "fid": 532, "class_id": 2, "class_name": "Bangunan / Permukiman", "source": "BIG", "source_class": "Kampung Padat Tidak Teratur", "kode": "VALID", "alasan": "", "n_valid": 220, "n_nodata": 0, "status_v5": "ok" }, "geometry": { "type": "Polygon", "coordinates": [ [ [ 113.843170798000074, -7.970909291999931 ], [ 113.843186781000099, -7.970975822999947 ], [ 113.843251113000065, -7.97124359399993 ], [ 113.843322841000031, -7.971655121999959 ], [ 113.843201787000112, -7.971662273999925 ], [ 113.843186286000105, -7.971646559999954 ], [ 113.84309751, -7.971556566999936 ], [ 113.842768249000073, -7.971513917999971 ], [ 113.842748883000013, -7.971359403999941 ], [ 113.842590297000015, -7.97131268399994 ], [ 113.842491860000109, -7.971332722999932 ], [ 113.842383688000041, -7.971256730999926 ], [ 113.842253941000081, -7.971219373999929 ], [ 113.842224903000101, -7.971181324999975 ], [ 113.842185978000089, -7.97110031699998 ], [ 113.842132564000053, -7.971005064999929 ], [ 113.842074554000078, -7.970938528999966 ], [ 113.84199865100004, -7.971058575999962 ], [ 113.841984857000057, -7.971144724999931 ], [ 113.841985352000052, -7.971216435999963 ], [ 113.841933161000043, -7.971298068999943 ], [ 113.84189979000007, -7.971326983999973 ], [ 113.841972121000026, -7.971383859999946 ], [ 113.842053878000115, -7.971416763999969 ], [ 113.842130112000063, -7.971344527999975 ], [ 113.842177541000069, -7.971267706999981 ], [ 113.84233619400004, -7.971323988999927 ], [ 113.842384381000102, -7.97135712499994 ], [ 113.842346709000026, -7.971457782999948 ], [ 113.842260949000092, -7.971539646999929 ], [ 113.842213324000113, -7.971587783999951 ], [ 113.84219969500009, -7.971697838999944 ], [ 113.842161827000041, -7.971769810999945 ], [ 113.842099681000036, -7.971798924999973 ], [ 113.841998741000111, -7.971766148999961 ], [ 113.8419071940001, -7.971704626999951 ], [ 113.841853914000012, -7.971628496999926 ], [ 113.84179124000002, -7.97158111899995 ], [ 113.841676076000113, -7.971608445999948 ], [ 113.841614717000084, -7.971564021999939 ], [ 113.84154619200001, -7.971363693999933 ], [ 113.84158617300011, -7.971267183999942 ], [ 113.841621668000016, -7.971181500999933 ], [ 113.841877596000018, -7.970739899999955 ], [ 113.842000367000082, -7.970461762999946 ], [ 113.842113944000062, -7.970241061999957 ], [ 113.842257152000116, -7.970144459999972 ], [ 113.84244891000003, -7.97013358199996 ], [ 113.842669246000014, -7.970093823999946 ], [ 113.842975025000101, -7.970062670999937 ], [ 113.843009158000086, -7.970236478999936 ], [ 113.843128558000103, -7.970733472999939 ], [ 113.843170798000074, -7.970909291999931 ] ] ] } },
{ "type": "Feature", "properties": { "fid": 536, "class_id": 2, "class_name": "Bangunan / Permukiman", "source": "BIG", "source_class": "Kampung Padat Teratur", "kode": "VALID", "alasan": "", "n_valid": 21, "n_nodata": 0, "status_v5": "ok" }, "geometry": { "type": "Polygon", "coordinates": [ [ [ 112.706449027000076, -8.185373468999956 ], [ 112.706381479000015, -8.185531657999945 ], [ 112.70614996900008, -8.185432211999967 ], [ 112.706160544000113, -8.185378340999932 ], [ 112.706214093000085, -8.185266874999968 ], [ 112.706203182000081, -8.18524180199995 ], [ 112.706120210000108, -8.185209856999961 ], [ 112.706069499000023, -8.185141891999933 ], [ 112.706080014, -8.185073667999973 ], [ 112.706130098000017, -8.184994511999946 ], [ 112.706194772000117, -8.184958354999935 ], [ 112.706543199000066, -8.185111572999972 ], [ 112.706449027000076, -8.185373468999956 ] ] ] } },
{ "type": "Feature", "properties": { "fid": 537, "class_id": 2, "class_name": "Bangunan / Permukiman", "source": "BIG", "source_class": "Perumahan Padat", "kode": "VALID", "alasan": "", "n_valid": 59, "n_nodata": 0, "status_v5": "ok" }, "geometry": { "type": "Polygon", "coordinates": [ [ [ 112.791324757000098, -7.319728317999932 ], [ 112.791605000000118, -7.319674 ], [ 112.792594, -7.319482 ], [ 112.792648, -7.319767 ], [ 112.792636, -7.319807 ], [ 112.792609, -7.319829 ], [ 112.792526, -7.319855 ], [ 112.791401835000102, -7.320117503999938 ], [ 112.791324757000098, -7.319728317999932 ] ] ] } },
{ "type": "Feature", "properties": { "fid": 544, "class_id": 2, "class_name": "Bangunan / Permukiman", "source": "BIG", "source_class": "Kampung Padat Teratur", "kode": "VALID", "alasan": "", "n_valid": 78, "n_nodata": 0, "status_v5": "ok" }, "geometry": { "type": "Polygon", "coordinates": [ [ [ 114.181245275000038, -8.226142132999939 ], [ 114.18116180200002, -8.226117267999939 ], [ 114.181103116000031, -8.225878881999961 ], [ 114.18120414100008, -8.225606360999961 ], [ 114.18132166800001, -8.225554021999926 ], [ 114.181675067000015, -8.225499814999978 ], [ 114.182124347000013, -8.225452193999956 ], [ 114.182295523000107, -8.22565646299995 ], [ 114.182172444000116, -8.225936502999957 ], [ 114.181952484000021, -8.226085122999962 ], [ 114.181539883000028, -8.226110424999945 ], [ 114.181245275000038, -8.226142132999939 ] ] ] } },
{ "type": "Feature", "properties": { "fid": 546, "class_id": 2, "class_name": "Bangunan / Permukiman", "source": "BIG", "source_class": "Kampung Padat Teratur", "kode": "VALID", "alasan": "", "n_valid": 669, "n_nodata": 0, "status_v5": "ok" }, "geometry": { "type": "Polygon", "coordinates": [ [ [ 113.836373191, -8.137825913999961 ], [ 113.836645281000074, -8.137855884999965 ], [ 113.836695613000074, -8.138190196999972 ], [ 113.836697295000022, -8.138429230999975 ], [ 113.836668564000092, -8.138891586999932 ], [ 113.836638375, -8.139146779999976 ], [ 113.836894698000037, -8.139208733999965 ], [ 113.837054395000109, -8.139175744999932 ], [ 113.837088399000095, -8.139462361999961 ], [ 113.83703154400007, -8.139466537999965 ], [ 113.836848629000087, -8.139479973999926 ], [ 113.836818103000041, -8.139687360999972 ], [ 113.836626197000101, -8.139688701999944 ], [ 113.836596233000023, -8.139975766999953 ], [ 113.83624429300005, -8.139962290999961 ], [ 113.836127973000089, -8.139341584999954 ], [ 113.836172696000062, -8.138879116999931 ], [ 113.83626640600005, -8.138559733999955 ], [ 113.836104466000052, -8.138274010999965 ], [ 113.835594691000097, -8.138195288999952 ], [ 113.835454608000077, -8.138435820999973 ], [ 113.834992448000094, -8.138457476999974 ], [ 113.834908645000041, -8.138792330999934 ], [ 113.834700747000056, -8.138793782999926 ], [ 113.834557827000026, -8.138938208999946 ], [ 113.834447003000037, -8.139098346999958 ], [ 113.834479547000115, -8.139177801999949 ], [ 113.83473553400006, -8.13919194999994 ], [ 113.835007289000032, -8.139174114999946 ], [ 113.835183651000079, -8.139236628999981 ], [ 113.835152564000055, -8.139364336999961 ], [ 113.835074509000037, -8.13963580099994 ], [ 113.834547216000033, -8.139703230999942 ], [ 113.834324782000067, -8.139911957999971 ], [ 113.834069244000034, -8.139961551999932 ], [ 113.833829248000029, -8.139947291999931 ], [ 113.833700638000096, -8.139852571999938 ], [ 113.833396002000086, -8.139743143999965 ], [ 113.833123350000051, -8.139633492999963 ], [ 113.832881450000059, -8.139348325999947 ], [ 113.832736736000015, -8.139237780999963 ], [ 113.832751384000062, -8.139046441999938 ], [ 113.832827857000098, -8.138509074999945 ], [ 113.833254453000109, -8.138500325999928 ], [ 113.833240867000086, -8.138150583999959 ], [ 113.833528389000094, -8.138100767999958 ], [ 113.834024594000084, -8.138161048999962 ], [ 113.834232716000088, -8.138191467999945 ], [ 113.834138887000108, -8.138494149999929 ], [ 113.834363950000011, -8.138492578999944 ], [ 113.834684836000065, -8.138474656999961 ], [ 113.834791543000051, -8.138060073999952 ], [ 113.835142473000019, -8.137930130999962 ], [ 113.835060830000089, -8.137691655999959 ], [ 113.835540033000029, -8.137608625999974 ], [ 113.835764124000093, -8.13774571099998 ], [ 113.836197160000097, -8.136805146999961 ], [ 113.836543272000085, -8.136996032999946 ], [ 113.836418475000073, -8.137443123999958 ], [ 113.836547085, -8.137537842999961 ], [ 113.836373191, -8.137825913999961 ] ] ] } },
{ "type": "Feature", "properties": { "fid": 556, "class_id": 2, "class_name": "Bangunan / Permukiman", "source": "BIG", "source_class": "Kampung Padat Teratur", "kode": "VALID", "alasan": "", "n_valid": 5120, "n_nodata": 0, "status_v5": "ok" }, "geometry": { "type": "Polygon", "coordinates": [ [ [ 112.726886684000078, -8.069594852999955 ], [ 112.727819608, -8.070078147999936 ], [ 112.728711700000076, -8.070408101999931 ], [ 112.729638243000068, -8.070964836999963 ], [ 112.729598857000042, -8.071151886999928 ], [ 112.730973407000079, -8.071546539999929 ], [ 112.730957087000093, -8.070859146999965 ], [ 112.731162386000051, -8.070317652999961 ], [ 112.731410252000046, -8.07033662799995 ], [ 112.731285486000047, -8.070917827999949 ], [ 112.731426260000035, -8.070950603999961 ], [ 112.731395903000021, -8.071684914999935 ], [ 112.731911927000056, -8.07176949899997 ], [ 112.731953217000068, -8.07202962599996 ], [ 112.733112875000074, -8.072285017999945 ], [ 112.733113216000106, -8.072365108999975 ], [ 112.733408274000112, -8.072457300999929 ], [ 112.733339378000096, -8.072768607999933 ], [ 112.733337748000054, -8.072792349999929 ], [ 112.733416217000013, -8.072791536999944 ], [ 112.733908560000032, -8.072938455999974 ], [ 112.733820804000061, -8.073287814999958 ], [ 112.733772819000023, -8.073292802999958 ], [ 112.733556487000101, -8.073221951999926 ], [ 112.733465134000085, -8.073188847999972 ], [ 112.733369143, -8.073194038999929 ], [ 112.733287655000026, -8.073223090999932 ], [ 112.733221365000077, -8.073438672999941 ], [ 112.733187986000075, -8.073491443999956 ], [ 112.733140347000017, -8.073577765999971 ], [ 112.733107111000095, -8.073664027999939 ], [ 112.733073915000091, -8.07375985799996 ], [ 112.733055120000017, -8.073855626999944 ], [ 112.733007992000012, -8.074061558999972 ], [ 112.732989075000091, -8.074128621999932 ], [ 112.73297036200006, -8.074243528999943 ], [ 112.732990054000084, -8.074358272999973 ], [ 112.733024046000082, -8.07444903399994 ], [ 112.733048457000109, -8.074544620999973 ], [ 112.733106411000108, -8.074625710999953 ], [ 112.733231348000118, -8.074653888999933 ], [ 112.733524184000089, -8.074652647999926 ], [ 112.733634659000018, -8.074666533999959 ], [ 112.733740996000051, -8.074721070999942 ], [ 112.73375493900005, -8.074728221999976 ], [ 112.733841819000077, -8.074837896999952 ], [ 112.733923674000039, -8.074894963999952 ], [ 112.734005263000086, -8.074889833999976 ], [ 112.734048265000069, -8.074841806999927 ], [ 112.734091082000077, -8.07475071999994 ], [ 112.734139006000078, -8.074731378999957 ], [ 112.734273422000115, -8.074730809999949 ], [ 112.734307358000024, -8.074744732999932 ], [ 112.734388841000055, -8.074778164999941 ], [ 112.734475394000015, -8.074811288999967 ], [ 112.734585828000036, -8.074815605999959 ], [ 112.734710786000051, -8.074848566999947 ], [ 112.734783142000083, -8.074929596999937 ], [ 112.734850371000107, -8.074934095999936 ], [ 112.734912554000061, -8.074881202999961 ], [ 112.734945668000023, -8.07476623499997 ], [ 112.734983623000062, -8.074660815999948 ], [ 112.735055203000115, -8.074560037999959 ], [ 112.735126987000058, -8.074507104999952 ], [ 112.735188924000113, -8.074396798999942 ], [ 112.735251250000033, -8.074377396999978 ], [ 112.735470882000072, -8.074357111999973 ], [ 112.735495344000014, -8.07420412099998 ], [ 112.735283874000061, -8.074147603999961 ], [ 112.73524042300005, -8.074090373999979 ], [ 112.735359273000086, -8.073817154999972 ], [ 112.735339867000107, -8.073769392999964 ], [ 112.735315762000027, -8.07374557299994 ], [ 112.73519086500005, -8.073726963999945 ], [ 112.735114220000014, -8.073765564999974 ], [ 112.7350568170001, -8.073813652999945 ], [ 112.734936721000054, -8.073795024999981 ], [ 112.734902790000092, -8.07371861699994 ], [ 112.734902157000079, -8.073570300999961 ], [ 112.734863548000021, -8.073522619999949 ], [ 112.734743391000052, -8.073489637999955 ], [ 112.734541972000102, -8.073538335999956 ], [ 112.734272997000062, -8.07350598499994 ], [ 112.734191244000044, -8.073472839999965 ], [ 112.734186035000107, -8.073377172999926 ], [ 112.734314554000093, -8.073066046999941 ], [ 112.734717348000117, -8.073194787999967 ], [ 112.735625391000099, -8.073464319999971 ], [ 112.736067256000069, -8.073597277999966 ], [ 112.736393317000079, -8.073695389999955 ], [ 112.736557937000043, -8.073740746999931 ], [ 112.737250835000054, -8.073931656999946 ], [ 112.737532076000093, -8.073991840999952 ], [ 112.737483966000013, -8.074347561999957 ], [ 112.736855582000089, -8.074220079999975 ], [ 112.736791122000113, -8.074415578999947 ], [ 112.736268384000027, -8.07432769299993 ], [ 112.736177923000014, -8.074709530999939 ], [ 112.736171747000071, -8.07480818099998 ], [ 112.736117063000052, -8.075133869999945 ], [ 112.736110551000024, -8.075185335999947 ], [ 112.736069093000083, -8.075512973999935 ], [ 112.735673124000073, -8.07545463699995 ], [ 112.735316588000046, -8.075387112999977 ], [ 112.735249987000088, -8.075788695999961 ], [ 112.73466212400001, -8.075741130999972 ], [ 112.734642461000021, -8.075841329999946 ], [ 112.734225282000011, -8.07577301799995 ], [ 112.734190572000102, -8.075878286999966 ], [ 112.73381351, -8.07579478599996 ], [ 112.733768818000044, -8.07591511499993 ], [ 112.733482185000071, -8.075836236999976 ], [ 112.733407593000038, -8.076011754999968 ], [ 112.733105935000026, -8.075942951999934 ], [ 112.733180250000032, -8.07570235999998 ], [ 112.732838176000087, -8.075578663999977 ], [ 112.732718785000088, -8.075849481999967 ], [ 112.732638465000036, -8.075859833999971 ], [ 112.732544166000025, -8.076125539999964 ], [ 112.7322588830001, -8.076079541999945 ], [ 112.732356197000058, -8.07568183099994 ], [ 112.732116724000093, -8.075606961999938 ], [ 112.732195181000066, -8.075329914999941 ], [ 112.732098515000075, -8.075311031999945 ], [ 112.732178754000074, -8.07484081299998 ], [ 112.731987787000094, -8.07481659299998 ], [ 112.732084869, -8.074025266999968 ], [ 112.731371463000073, -8.073983233999968 ], [ 112.731385358000011, -8.073707855999942 ], [ 112.731453407000117, -8.073713725999937 ], [ 112.731470319000096, -8.073433290999958 ], [ 112.732019687000047, -8.073484360999942 ], [ 112.732067707000056, -8.072805496999933 ], [ 112.732070219000093, -8.072769987999948 ], [ 112.731514155000013, -8.072718945999952 ], [ 112.731152441000063, -8.072700452999925 ], [ 112.731076015000099, -8.072815762999937 ], [ 112.731059282000047, -8.072841008999944 ], [ 112.730976, -8.072816797999963 ], [ 112.730878241000028, -8.072788379999963 ], [ 112.730883829000049, -8.072528054999964 ], [ 112.730421265000018, -8.072416545999943 ], [ 112.730354076000026, -8.072823236999966 ], [ 112.730342920000112, -8.072890758999961 ], [ 112.730195334000086, -8.072831313999927 ], [ 112.730156034000061, -8.073038385999951 ], [ 112.729955100000097, -8.073032560999934 ], [ 112.72992329200008, -8.07342648499997 ], [ 112.730198118000089, -8.073485391999952 ], [ 112.730141171000014, -8.074266536999971 ], [ 112.729498216000025, -8.074255906999952 ], [ 112.729470349000053, -8.074002396999958 ], [ 112.729014849, -8.073977624999941 ], [ 112.728918343000032, -8.074905773999944 ], [ 112.728549987000065, -8.074900655999954 ], [ 112.7284445680001, -8.07530823999997 ], [ 112.727955356000052, -8.075230212999941 ], [ 112.727869744000031, -8.075570968999955 ], [ 112.727648434000116, -8.075498484999969 ], [ 112.727629308000019, -8.075725495999961 ], [ 112.727274288000103, -8.075706971999978 ], [ 112.727306808000094, -8.075479904999952 ], [ 112.727119182000024, -8.075453998999933 ], [ 112.727235896000025, -8.074552461999929 ], [ 112.727349856000046, -8.074578678999956 ], [ 112.72741540700008, -8.074244681999971 ], [ 112.727267877000031, -8.07419858399993 ], [ 112.72732712800007, -8.073958054999935 ], [ 112.727514810000116, -8.073997308999935 ], [ 112.727632715000027, -8.073376091999933 ], [ 112.727418132000025, -8.073310253999978 ], [ 112.727470629000095, -8.073056404999932 ], [ 112.727028042000029, -8.072918109999932 ], [ 112.727058200000101, -8.07285735499994 ], [ 112.727439729000025, -8.072088746999952 ], [ 112.727211668000109, -8.072002941999926 ], [ 112.72711240700005, -8.072283685999935 ], [ 112.726461255000117, -8.071919340999955 ], [ 112.725977893000049, -8.07164105399994 ], [ 112.726164072000074, -8.071326571999975 ], [ 112.725587267000037, -8.071122096999943 ], [ 112.725706847000083, -8.070894662999933 ], [ 112.725391247000061, -8.070695760999968 ], [ 112.725072178, -8.071257755999966 ], [ 112.725434515000074, -8.071423089999939 ], [ 112.72539521200008, -8.071630161999963 ], [ 112.725516038000023, -8.071696396999926 ], [ 112.725283802000035, -8.072204630999977 ], [ 112.724706854000033, -8.071966783999926 ], [ 112.724793035000062, -8.07175951399995 ], [ 112.723887406000017, -8.071396235999941 ], [ 112.723953723000022, -8.071242444999939 ], [ 112.723122723000074, -8.071105781999961 ], [ 112.723030013000084, -8.071353124999973 ], [ 112.722781750000081, -8.07124070499998 ], [ 112.72293973, -8.070592621999936 ], [ 112.723184458000105, -8.069870753999965 ], [ 112.722708278000027, -8.069705897999938 ], [ 112.722909793000099, -8.069167723999954 ], [ 112.722832163000021, -8.06913865599995 ], [ 112.722243712000022, -8.068920348999939 ], [ 112.722156907000112, -8.069180937999931 ], [ 112.720051061000049, -8.068468951999932 ], [ 112.720024613000078, -8.06854915599996 ], [ 112.719836820000069, -8.068483200999935 ], [ 112.719863015000101, -8.068342927999936 ], [ 112.718629225000086, -8.067974339999978 ], [ 112.718602692000104, -8.068034520999959 ], [ 112.717825159000085, -8.06787092199994 ], [ 112.717798710000011, -8.067951126999958 ], [ 112.717644599000096, -8.067931749999957 ], [ 112.717624762000014, -8.06799190299995 ], [ 112.717383903000041, -8.068046308999953 ], [ 112.717305457000066, -8.068500499999971 ], [ 112.717104300000074, -8.068441272999962 ], [ 112.716923120000047, -8.06835526499998 ], [ 112.716829843000028, -8.068469121999954 ], [ 112.716614926000034, -8.06832318499994 ], [ 112.716081744, -8.068932793999977 ], [ 112.715589135000073, -8.069635674999972 ], [ 112.715226409000024, -8.06937689199998 ], [ 112.715319629000078, -8.069249686999967 ], [ 112.715021386000103, -8.069033536999939 ], [ 112.715050210000072, -8.068992789999982 ], [ 112.715289606000056, -8.068679346999943 ], [ 112.715429556000117, -8.068678759999955 ], [ 112.715653640000028, -8.068716876999929 ], [ 112.715759861000038, -8.068682955999975 ], [ 112.715988719000052, -8.068525776999934 ], [ 112.7162398050001, -8.068329448999975 ], [ 112.716507448000016, -8.068077259999939 ], [ 112.716764414000068, -8.067947858999958 ], [ 112.717032881000023, -8.067890939999927 ], [ 112.717463406000093, -8.067766390999964 ], [ 112.717809962000047, -8.067642192999926 ], [ 112.718106655000042, -8.067640947999962 ], [ 112.718353165000053, -8.067688318999956 ], [ 112.718504655000061, -8.067252226999926 ], [ 112.718581220000033, -8.067132750999974 ], [ 112.719223039000099, -8.067451240999958 ], [ 112.719282972000087, -8.067370895999943 ], [ 112.719536151000057, -8.067062808999935 ], [ 112.720025468000017, -8.067167545999951 ], [ 112.719959431, -8.067388078999954 ], [ 112.720274575000076, -8.067480196999952 ], [ 112.720332955000117, -8.067032764999965 ], [ 112.720869374000017, -8.067190697999933 ], [ 112.720690170000012, -8.067571892999979 ], [ 112.720945043000029, -8.067664263999973 ], [ 112.720872565000036, -8.067944894999926 ], [ 112.72150274, -8.068102431999932 ], [ 112.721568974000093, -8.067928618999929 ], [ 112.722071487000107, -8.067986575999953 ], [ 112.722065581000038, -8.068173483999942 ], [ 112.722080020000021, -8.068420376999939 ], [ 112.722683438000104, -8.068584699999974 ], [ 112.722756820000086, -8.068517646999965 ], [ 112.723520989, -8.06868796599997 ], [ 112.72446066100008, -8.069184589999963 ], [ 112.72479261400008, -8.068502401999979 ], [ 112.726167521000093, -8.06898383999993 ], [ 112.726233243000024, -8.068689888999927 ], [ 112.727105637000022, -8.069113371999947 ], [ 112.727028240000095, -8.069283569999925 ], [ 112.726886684000078, -8.069594852999955 ] ] ] } },
{ "type": "Feature", "properties": { "fid": 565, "class_id": 2, "class_name": "Bangunan / Permukiman", "source": "BIG", "source_class": "Perumahan Jarang", "kode": "VALID", "alasan": "", "n_valid": 92, "n_nodata": 0, "status_v5": "ok" }, "geometry": { "type": "Polygon", "coordinates": [ [ [ 112.645603627000014, -7.294810264999967 ], [ 112.644978051000066, -7.294922981999946 ], [ 112.645015717000092, -7.295133417999978 ], [ 112.644863447000034, -7.295162442999981 ], [ 112.644814612, -7.294951160999972 ], [ 112.644515913000077, -7.294984975999967 ], [ 112.644434292000028, -7.294643826999959 ], [ 112.644535290000022, -7.294624576999979 ], [ 112.644414468000036, -7.294167780999942 ], [ 112.644606086000067, -7.294133965999947 ], [ 112.644639901, -7.294359398999973 ], [ 112.644837155, -7.294336855999973 ], [ 112.644758254000067, -7.294105786999978 ], [ 112.644955508000066, -7.294060700999978 ], [ 112.645017502000087, -7.294274861999952 ], [ 112.645383830000014, -7.294212867999931 ], [ 112.645440654000026, -7.29445201599998 ], [ 112.645517826000059, -7.294437306999953 ], [ 112.645603627000014, -7.294810264999967 ] ] ] } },
{ "type": "Feature", "properties": { "fid": 587, "class_id": 2, "class_name": "Bangunan / Permukiman", "source": "BIG", "source_class": "Perumahan Jarang", "kode": "VALID", "alasan": "", "n_valid": 17, "n_nodata": 0, "status_v5": "ok" }, "geometry": { "type": "Polygon", "coordinates": [ [ [ 112.676782066000101, -7.294828745999951 ], [ 112.677144811000062, -7.29488106499997 ], [ 112.67704173300001, -7.295303195999963 ], [ 112.67679960800001, -7.295260467999981 ], [ 112.676782066000101, -7.294828745999951 ] ] ] } },
{ "type": "Feature", "properties": { "fid": 619, "class_id": 2, "class_name": "Bangunan / Permukiman", "source": "BIG", "source_class": "Kampung Padat Teratur", "kode": "VALID", "alasan": "", "n_valid": 109, "n_nodata": 0, "status_v5": "ok" }, "geometry": { "type": "Polygon", "coordinates": [ [ [ 112.516582785000082, -8.108841024999947 ], [ 112.516474859000027, -8.10887013599995 ], [ 112.516356022000082, -8.108870578999927 ], [ 112.51628397200011, -8.108863668999959 ], [ 112.516208348000077, -8.108863950999933 ], [ 112.516168803000028, -8.108882040999958 ], [ 112.516169126000023, -8.108968169999969 ], [ 112.516209209000067, -8.109093625999947 ], [ 112.516277751000075, -8.10912566899998 ], [ 112.516411020000078, -8.109132350999971 ], [ 112.516486685000018, -8.109142835999933 ], [ 112.516558788000111, -8.10916409999993 ], [ 112.516628722000064, -8.109191674999977 ], [ 112.516600328000095, -8.109449212999948 ], [ 112.516464343000052, -8.109436982999966 ], [ 112.515807720000112, -8.109336577999954 ], [ 112.515913569000077, -8.108641730999977 ], [ 112.515962776000038, -8.10844747699997 ], [ 112.515984597000056, -8.108361333999937 ], [ 112.51602131900006, -8.108190546999936 ], [ 112.516497152000056, -8.108238248999953 ], [ 112.516513330000066, -8.108116629999927 ], [ 112.516862756000023, -8.108148481999933 ], [ 112.51678761900007, -8.108811807999928 ], [ 112.516671164000059, -8.108806715999947 ], [ 112.516582785000082, -8.108841024999947 ] ] ] } },
{ "type": "Feature", "properties": { "fid": 633, "class_id": 2, "class_name": "Bangunan / Permukiman", "source": "BIG", "source_class": "Kampung Jarang Teratur", "kode": "VALID", "alasan": "", "n_valid": 12, "n_nodata": 0, "status_v5": "ok" }, "geometry": { "type": "Polygon", "coordinates": [ [ [ 112.68098013000008, -8.198555862999967 ], [ 112.680853907000028, -8.198516916999949 ], [ 112.680720570000062, -8.198499529999935 ], [ 112.680612416000031, -8.198474861999955 ], [ 112.680601355000022, -8.198413904999938 ], [ 112.68062980600007, -8.198327663999976 ], [ 112.680668040000114, -8.198243404999971 ], [ 112.680797024000071, -8.198317305999979 ], [ 112.68090273200005, -8.198331218999954 ], [ 112.681037415000105, -8.198383287999945 ], [ 112.681095362000065, -8.198459598999932 ], [ 112.681114389000072, -8.198562000999971 ], [ 112.68098013000008, -8.198555862999967 ] ] ] } },
{ "type": "Feature", "properties": { "fid": 634, "class_id": 2, "class_name": "Bangunan / Permukiman", "source": "BIG", "source_class": "Kampung Jarang Tidak Teratur", "kode": "VALID", "alasan": "", "n_valid": 17, "n_nodata": 0, "status_v5": "ok" }, "geometry": { "type": "Polygon", "coordinates": [ [ [ 112.695991814000081, -8.34933889399997 ], [ 112.695642949000103, -8.349308923999956 ], [ 112.695335017000048, -8.349097694999955 ], [ 112.695442364000087, -8.348924992999969 ], [ 112.696029513000099, -8.349224621999952 ], [ 112.695991814000081, -8.34933889399997 ] ] ] } },
{ "type": "Feature", "properties": { "fid": 635, "class_id": 2, "class_name": "Bangunan / Permukiman", "source": "BIG", "source_class": "Perumahan Jarang", "kode": "VALID", "alasan": "", "n_valid": 1219, "n_nodata": 0, "status_v5": "ok" }, "geometry": { "type": "Polygon", "coordinates": [ [ [ 112.747185825000088, -7.927738437999949 ], [ 112.746800016000066, -7.927579107999975 ], [ 112.744726009000033, -7.926723427999946 ], [ 112.743866091000086, -7.926360457999976 ], [ 112.745006813000032, -7.92381273999996 ], [ 112.745873322000079, -7.924157757999978 ], [ 112.748291007000034, -7.925199057999976 ], [ 112.747185825000088, -7.927738437999949 ] ] ] } },
{ "type": "Feature", "properties": { "fid": 659, "class_id": 2, "class_name": "Bangunan / Permukiman", "source": "BIG", "source_class": "Kampung Padat Tidak Teratur", "kode": "VALID", "alasan": "", "n_valid": 57, "n_nodata": 0, "status_v5": "ok" }, "geometry": { "type": "Polygon", "coordinates": [ [ [ 112.569763115000114, -7.47935995399996 ], [ 112.569412170000078, -7.47923644399998 ], [ 112.569039946000089, -7.479120853999973 ], [ 112.568908628000031, -7.479080073999967 ], [ 112.568847598000048, -7.47904334499998 ], [ 112.568870708000077, -7.47892814599993 ], [ 112.568893933000027, -7.478812367999979 ], [ 112.568908628000031, -7.478739115999929 ], [ 112.568878113000096, -7.478722890999961 ], [ 112.568856070000038, -7.478712239999936 ], [ 112.568917096000064, -7.478610570999933 ], [ 112.569112296000071, -7.478582677999952 ], [ 112.569344300000012, -7.478686112999981 ], [ 112.569686052000066, -7.478997676999938 ], [ 112.570009378, -7.479236776999926 ], [ 112.569904550000047, -7.479415852999978 ], [ 112.569763115000114, -7.47935995399996 ] ] ] } },
{ "type": "Feature", "properties": { "fid": 669, "class_id": 2, "class_name": "Bangunan / Permukiman", "source": "BIG", "source_class": "Kampung Jarang Teratur", "kode": "VALID", "alasan": "", "n_valid": 98, "n_nodata": 0, "status_v5": "ok" }, "geometry": { "type": "Polygon", "coordinates": [ [ [ 112.780426903000034, -7.743126378999932 ], [ 112.780448812000031, -7.743205203999935 ], [ 112.780535303000079, -7.743247887999928 ], [ 112.780640734000031, -7.743233098999951 ], [ 112.780683769, -7.743204221999974 ], [ 112.780798809000089, -7.743194175999975 ], [ 112.780887487000086, -7.743186630999958 ], [ 112.781053438000072, -7.743310291999933 ], [ 112.781113898000058, -7.743434392999973 ], [ 112.781148016000088, -7.743565777999947 ], [ 112.781174750000105, -7.743651756999952 ], [ 112.781167728000014, -7.743692439999961 ], [ 112.78132860300002, -7.743749161999972 ], [ 112.781400700000063, -7.743789514999946 ], [ 112.781441658000062, -7.743837171999928 ], [ 112.781451490000109, -7.743894524999973 ], [ 112.781398915000068, -7.743935398999952 ], [ 112.781339108000111, -7.743966736999937 ], [ 112.781278864000114, -7.743992350999974 ], [ 112.781261597000025, -7.743969252999932 ], [ 112.781202010000015, -7.743910314999937 ], [ 112.781191525000054, -7.743904271999952 ], [ 112.781161651000048, -7.743957912999974 ], [ 112.781075290000103, -7.743946316999939 ], [ 112.78100125800006, -7.744015976999947 ], [ 112.780897994000043, -7.743975754999951 ], [ 112.78080198300006, -7.743949849999979 ], [ 112.780679699000075, -7.743947969999965 ], [ 112.780574028000046, -7.743905365999979 ], [ 112.780494568000108, -7.743824389999929 ], [ 112.780465467000113, -7.74374559499995 ], [ 112.780445955, -7.74366675899995 ], [ 112.780400081000039, -7.743590425999969 ], [ 112.780294148000053, -7.743485645999954 ], [ 112.780084922000015, -7.743333468999936 ], [ 112.780022677000034, -7.743355251999958 ], [ 112.779828568000084, -7.743377584999962 ], [ 112.779727682000043, -7.74333256999995 ], [ 112.779691568000089, -7.743296848999933 ], [ 112.779698520000011, -7.743239425999946 ], [ 112.779753281000012, -7.743148323999947 ], [ 112.779788913000061, -7.743069257999935 ], [ 112.779822398000078, -7.743049986999949 ], [ 112.779930386000046, -7.74307344999994 ], [ 112.779968506000046, -7.743015896999964 ], [ 112.780167389000098, -7.742988760999935 ], [ 112.780253880000032, -7.743031444999929 ], [ 112.780347514000027, -7.743062141999928 ], [ 112.780426903000034, -7.743126378999932 ] ] ] } },
{ "type": "Feature", "properties": { "fid": 685, "class_id": 2, "class_name": "Bangunan / Permukiman", "source": "BIG", "source_class": "Perumahan Padat", "kode": "VALID", "alasan": "", "n_valid": 30, "n_nodata": 0, "status_v5": "ok" }, "geometry": { "type": "Polygon", "coordinates": [ [ [ 112.794527, -7.236184011999967 ], [ 112.79453, -7.236279 ], [ 112.794533000000115, -7.236524 ], [ 112.79453, -7.236551 ], [ 112.794528, -7.236564 ], [ 112.79452, -7.236576 ], [ 112.79451, -7.236585 ], [ 112.794498, -7.236589 ], [ 112.794348, -7.236593 ], [ 112.794025, -7.236598 ], [ 112.794003, -7.236596 ], [ 112.793985, -7.236583 ], [ 112.793976, -7.236564 ], [ 112.793888, -7.236345 ], [ 112.793856, -7.236221 ], [ 112.793854, -7.236187 ], [ 112.794527, -7.236184011999967 ] ] ] } },
{ "type": "Feature", "properties": { "fid": 698, "class_id": 2, "class_name": "Bangunan / Permukiman", "source": "BIG", "source_class": "Perumahan Jarang", "kode": "VALID", "alasan": "", "n_valid": 68, "n_nodata": 0, "status_v5": "ok" }, "geometry": { "type": "Polygon", "coordinates": [ [ [ 112.864246367000078, -7.637818398999968 ], [ 112.864105363000021, -7.638028177999956 ], [ 112.862516158000062, -7.637015116999976 ], [ 112.862657184000113, -7.636782107999977 ], [ 112.864282662000051, -7.637764398999934 ], [ 112.864246367000078, -7.637818398999968 ] ] ] } },
{ "type": "Feature", "properties": { "fid": 713, "class_id": 2, "class_name": "Bangunan / Permukiman", "source": "BIG", "source_class": "Perumahan Jarang", "kode": "VALID", "alasan": "", "n_valid": 135, "n_nodata": 0, "status_v5": "ok" }, "geometry": { "type": "Polygon", "coordinates": [ [ [ 112.665469, -7.287215 ], [ 112.665259180000021, -7.287182954999935 ], [ 112.665194, -7.287173 ], [ 112.665057135000097, -7.287152436999975 ], [ 112.66353, -7.286923 ], [ 112.663161, -7.286853 ], [ 112.663155, -7.286822 ], [ 112.663184000000115, -7.286671 ], [ 112.663190511000039, -7.286653380999951 ], [ 112.663571588000082, -7.286712007999938 ], [ 112.663615603000039, -7.286405181999953 ], [ 112.663894, -7.28645 ], [ 112.665011, -7.286612 ], [ 112.665556, -7.286699 ], [ 112.665469, -7.287215 ] ] ] } },
{ "type": "Feature", "properties": { "fid": 715, "class_id": 2, "class_name": "Bangunan / Permukiman", "source": "BIG", "source_class": "Perumahan Padat", "kode": "VALID", "alasan": "", "n_valid": 39, "n_nodata": 0, "status_v5": "ok" }, "geometry": { "type": "Polygon", "coordinates": [ [ [ 112.776513, -7.304762 ], [ 112.775544, -7.304825 ], [ 112.775522, -7.304523 ], [ 112.776531, -7.304458 ], [ 112.776518, -7.304679 ], [ 112.776513, -7.304762 ] ] ] } },
{ "type": "Feature", "properties": { "fid": 725, "class_id": 2, "class_name": "Bangunan / Permukiman", "source": "BIG", "source_class": "Kampung Padat Tidak Teratur", "kode": "VALID", "alasan": "", "n_valid": 112, "n_nodata": 0, "status_v5": "ok" }, "geometry": { "type": "Polygon", "coordinates": [ [ [ 113.802115634000074, -7.988548796999964 ], [ 113.802105091000044, -7.988975456999981 ], [ 113.801964278000014, -7.989425832999927 ], [ 113.80095587400001, -7.98925098899997 ], [ 113.80102080100005, -7.988925434999942 ], [ 113.801278861000014, -7.988377779999951 ], [ 113.802115634000074, -7.988548796999964 ] ] ] } },
{ "type": "Feature", "properties": { "fid": 728, "class_id": 2, "class_name": "Bangunan / Permukiman", "source": "BIG", "source_class": "Perumahan Jarang", "kode": "VALID", "alasan": "", "n_valid": 521, "n_nodata": 0, "status_v5": "ok" }, "geometry": { "type": "Polygon", "coordinates": [ [ [ 112.61127646500006, -7.959998707999944 ], [ 112.612092192000091, -7.96009356999997 ], [ 112.612682525000082, -7.960177052999938 ], [ 112.613523840000084, -7.96028292799997 ], [ 112.613888477000046, -7.960328815999958 ], [ 112.613852310000084, -7.960596918999954 ], [ 112.613646764, -7.96112054799994 ], [ 112.613603643000033, -7.961439176999932 ], [ 112.613400336000041, -7.961416680999946 ], [ 112.613248017000046, -7.961399827999969 ], [ 112.612941738000018, -7.961306373999946 ], [ 112.61256211500006, -7.96133939799995 ], [ 112.612567887000068, -7.961356973999955 ], [ 112.612303572000087, -7.961314112999958 ], [ 112.612023912000041, -7.961283651999963 ], [ 112.611823408000078, -7.961263398999961 ], [ 112.61160747100007, -7.961343107999937 ], [ 112.611370129000079, -7.961344029999964 ], [ 112.611196181000082, -7.961370995999971 ], [ 112.611095950000049, -7.961366126999962 ], [ 112.610847833000093, -7.961309251999978 ], [ 112.610716682000088, -7.96122620999995 ], [ 112.610556294000048, -7.961124655999981 ], [ 112.610509437000019, -7.961094985999978 ], [ 112.610440769000093, -7.961068962999946 ], [ 112.610314145000075, -7.961058937999951 ], [ 112.610183882000115, -7.961043218999976 ], [ 112.610220685000058, -7.960621413999945 ], [ 112.610307330000069, -7.959878744999969 ], [ 112.610772237000106, -7.959931227999959 ], [ 112.61127646500006, -7.959998707999944 ] ] ] } },
{ "type": "Feature", "properties": { "fid": 739, "class_id": 2, "class_name": "Bangunan / Permukiman", "source": "BIG", "source_class": "Perumahan Padat", "kode": "VALID", "alasan": "", "n_valid": 243, "n_nodata": 0, "status_v5": "ok" }, "geometry": { "type": "Polygon", "coordinates": [ [ [ 112.715534, -7.314751 ], [ 112.714643, -7.314337 ], [ 112.713519, -7.313804 ], [ 112.713509, -7.313789 ], [ 112.713317774000075, -7.313677835999954 ], [ 112.713185996000107, -7.313621870999953 ], [ 112.713218, -7.313512 ], [ 112.713236, -7.313437 ], [ 112.713279, -7.313258 ], [ 112.713324, -7.313082 ], [ 112.713382311000032, -7.31283372799993 ], [ 112.71346806300005, -7.312881305999952 ], [ 112.713595808000036, -7.312933906999945 ], [ 112.713753611000016, -7.312986507999938 ], [ 112.713941472000101, -7.313076680999927 ], [ 112.714377309000042, -7.313279570999953 ], [ 112.715008521000073, -7.313535061999971 ], [ 112.715143781000052, -7.313730436999947 ], [ 112.71539175700002, -7.314053556999966 ], [ 112.715466901000013, -7.314166273999945 ], [ 112.715474416, -7.314263960999938 ], [ 112.715425, -7.314406 ], [ 112.715652, -7.314511 ], [ 112.715652, -7.314542 ], [ 112.715643000000114, -7.314583 ], [ 112.715583, -7.314714 ], [ 112.715547, -7.314741 ], [ 112.715534, -7.314751 ] ] ] } },
{ "type": "Feature", "properties": { "fid": 745, "class_id": 2, "class_name": "Bangunan / Permukiman", "source": "BIG", "source_class": "Kampung Padat Teratur", "kode": "VALID", "alasan": "", "n_valid": 75, "n_nodata": 0, "status_v5": "ok" }, "geometry": { "type": "Polygon", "coordinates": [ [ [ 112.837060640000118, -7.609059582999976 ], [ 112.836346802000094, -7.608766909999929 ], [ 112.836382494000077, -7.608488512999941 ], [ 112.836425324000061, -7.608317191999959 ], [ 112.836618060000092, -7.607867472999942 ], [ 112.836973315000023, -7.607968016999962 ], [ 112.83689645700008, -7.608231530999944 ], [ 112.836917872000072, -7.608345744999951 ], [ 112.836946426000054, -7.608409989999927 ], [ 112.837032086000022, -7.60848137399995 ], [ 112.837217684000052, -7.608638418999931 ], [ 112.837060640000118, -7.609059582999976 ] ] ] } },
{ "type": "Feature", "properties": { "fid": 760, "class_id": 2, "class_name": "Bangunan / Permukiman", "source": "BIG", "source_class": "Perumahan Padat", "kode": "VALID", "alasan": "", "n_valid": 203, "n_nodata": 0, "status_v5": "ok" }, "geometry": { "type": "Polygon", "coordinates": [ [ [ 112.785521, -7.253621 ], [ 112.785657, -7.253722 ], [ 112.785724, -7.253744 ], [ 112.785925, -7.253771 ], [ 112.785996, -7.253794 ], [ 112.786158000000114, -7.253833 ], [ 112.786276, -7.253869 ], [ 112.78626, -7.253933 ], [ 112.78624, -7.253993 ], [ 112.786205000000109, -7.254055 ], [ 112.786155, -7.254129 ], [ 112.786155, -7.25413 ], [ 112.786115000000109, -7.254191 ], [ 112.786105, -7.254257 ], [ 112.786137, -7.254299 ], [ 112.786174, -7.254382 ], [ 112.786196, -7.254464 ], [ 112.786199, -7.254499 ], [ 112.786182, -7.254544 ], [ 112.786131, -7.254656 ], [ 112.786093, -7.254721 ], [ 112.786076, -7.254749 ], [ 112.786074, -7.254753 ], [ 112.786051, -7.254759 ], [ 112.786034, -7.254773 ], [ 112.785963, -7.254842 ], [ 112.78591, -7.25486 ], [ 112.785881, -7.254865 ], [ 112.785841, -7.254876 ], [ 112.785792, -7.2549 ], [ 112.785786, -7.254895 ], [ 112.785762, -7.25489 ], [ 112.78568, -7.254892 ], [ 112.785634, -7.254902 ], [ 112.785458, -7.254954 ], [ 112.785364, -7.254978 ], [ 112.785268, -7.255005 ], [ 112.785183, -7.255011 ], [ 112.7851, -7.254995 ], [ 112.784948, -7.25494 ], [ 112.784878, -7.254906 ], [ 112.784746, -7.254787 ], [ 112.784524, -7.254579 ], [ 112.784535, -7.254577 ], [ 112.784540295000056, -7.254574697999942 ], [ 112.784569956000041, -7.25457681599994 ], [ 112.784623752000016, -7.254580178999959 ], [ 112.784687636000058, -7.254526381999938 ], [ 112.784808679000093, -7.254354904999957 ], [ 112.784946533000038, -7.254069108999943 ], [ 112.785023866000074, -7.253857283999935 ], [ 112.785064214000045, -7.253658907999977 ], [ 112.785047402000032, -7.253467256999954 ], [ 112.785035185000083, -7.253443798999967 ], [ 112.785061, -7.253445 ], [ 112.785129, -7.25346 ], [ 112.785299, -7.25351 ], [ 112.785404, -7.25355 ], [ 112.785449, -7.253577 ], [ 112.785453, -7.25358 ], [ 112.785521, -7.253621 ] ] ] } },
{ "type": "Feature", "properties": { "fid": 770, "class_id": 2, "class_name": "Bangunan / Permukiman", "source": "BIG", "source_class": "Perumahan Padat", "kode": "VALID", "alasan": "", "n_valid": 326, "n_nodata": 0, "status_v5": "ok" }, "geometry": { "type": "Polygon", "coordinates": [ [ [ 112.79121464900004, -7.326857319999931 ], [ 112.791252028000031, -7.326313494999965 ], [ 112.791173882000066, -7.326333880999925 ], [ 112.790677822000021, -7.32638144799995 ], [ 112.789984698000012, -7.326439208999943 ], [ 112.789315358000067, -7.326520752999954 ], [ 112.788785322000081, -7.326561524999931 ], [ 112.788795342000071, -7.326803752999979 ], [ 112.788671, -7.326801 ], [ 112.788665, -7.32724 ], [ 112.788663, -7.327372 ], [ 112.788312959000109, -7.327359706999971 ], [ 112.788122, -7.327353 ], [ 112.788149, -7.326097 ], [ 112.788147, -7.326006 ], [ 112.789128, -7.325913 ], [ 112.791036, -7.325715 ], [ 112.791439, -7.325671 ], [ 112.791446, -7.326194 ], [ 112.791426000000115, -7.326862 ], [ 112.79121464900004, -7.326857319999931 ] ] ] } },
{ "type": "Feature", "properties": { "fid": 774, "class_id": 2, "class_name": "Bangunan / Permukiman", "source": "BIG", "source_class": "Perumahan Padat", "kode": "VALID", "alasan": "", "n_valid": 311, "n_nodata": 0, "status_v5": "ok" }, "geometry": { "type": "Polygon", "coordinates": [ [ [ 112.80457926400004, -7.324447292999935 ], [ 112.804737822000106, -7.324438231999977 ], [ 112.804787654000052, -7.324560547999965 ], [ 112.804828426000086, -7.324877663999928 ], [ 112.804891849000114, -7.325344276999942 ], [ 112.804959803000088, -7.326078172999928 ], [ 112.805190844000094, -7.326050991999978 ], [ 112.805189759000086, -7.326216219999935 ], [ 112.805253000000107, -7.326194 ], [ 112.805418, -7.326147 ], [ 112.805557, -7.326141 ], [ 112.805595784000047, -7.326133572999936 ], [ 112.805745000000115, -7.326105 ], [ 112.80584757500003, -7.326101336999955 ], [ 112.805834964000042, -7.326196713999934 ], [ 112.805821374000061, -7.326337150999962 ], [ 112.805694556000049, -7.326351000999978 ], [ 112.805603, -7.326361 ], [ 112.805467464000117, -7.326383685999929 ], [ 112.805486137000116, -7.32658631299995 ], [ 112.806247215000099, -7.326486647999957 ], [ 112.806278926, -7.326753930999928 ], [ 112.8054, -7.326808 ], [ 112.805136, -7.326837 ], [ 112.805111, -7.326849 ], [ 112.804661, -7.326895 ], [ 112.804379, -7.326937 ], [ 112.804440000000113, -7.326959 ], [ 112.804456, -7.326974 ], [ 112.804466, -7.327025 ], [ 112.804505, -7.327286 ], [ 112.804496, -7.327321 ], [ 112.80443, -7.327353 ], [ 112.804316, -7.327383 ], [ 112.804272037000032, -7.327288497999973 ], [ 112.804145191000089, -7.327306618999955 ], [ 112.804090145000032, -7.326990079999973 ], [ 112.804188, -7.326961 ], [ 112.804131440000106, -7.326599220999981 ], [ 112.804077, -7.326251 ], [ 112.804013, -7.32625 ], [ 112.804012, -7.32625 ], [ 112.803975, -7.325922 ], [ 112.803900000000112, -7.325385 ], [ 112.803894, -7.325335 ], [ 112.803882, -7.325315 ], [ 112.803848318000064, -7.325291920999973 ], [ 112.803849898000067, -7.32521289999994 ], [ 112.803849898000067, -7.325090583999952 ], [ 112.80400845600002, -7.325104174999979 ], [ 112.804071879000048, -7.325711224999964 ], [ 112.804325571000049, -7.325711224999964 ], [ 112.804334632000064, -7.325919614999975 ], [ 112.804162483000027, -7.325919614999975 ], [ 112.804167014000086, -7.326087233999942 ], [ 112.804515841000011, -7.32608270299994 ], [ 112.804543022000075, -7.325983037999947 ], [ 112.80459285500001, -7.325973977999979 ], [ 112.804529431000105, -7.325190248999945 ], [ 112.804302920000055, -7.324257022999973 ], [ 112.804284799000015, -7.324170948999949 ], [ 112.804362791000017, -7.324157652999929 ], [ 112.804371533000108, -7.324122685999953 ], [ 112.804424329000085, -7.324105086999964 ], [ 112.804378573, -7.323862224999971 ], [ 112.804209625000112, -7.323876303999953 ], [ 112.804139230000033, -7.323320182999964 ], [ 112.804350415000044, -7.323277945999962 ], [ 112.804455309000105, -7.323253871999952 ], [ 112.804457, -7.323255 ], [ 112.804471, -7.323265 ], [ 112.804486000000111, -7.323275 ], [ 112.804501, -7.323284 ], [ 112.804515841000011, -7.323450643999934 ], [ 112.804411646000062, -7.323459703999958 ], [ 112.80457926400004, -7.324447292999935 ] ] ] } },
{ "type": "Feature", "properties": { "fid": 777, "class_id": 2, "class_name": "Bangunan / Permukiman", "source": "BIG", "source_class": "Kampung Jarang Teratur", "kode": "VALID", "alasan": "", "n_valid": 130, "n_nodata": 0, "status_v5": "ok" }, "geometry": { "type": "Polygon", "coordinates": [ [ [ 112.797217872000033, -8.307947089999971 ], [ 112.797368082000048, -8.307970332999957 ], [ 112.797458278000022, -8.307999826999946 ], [ 112.797463045000086, -8.308058096999957 ], [ 112.797470994000037, -8.308155257999942 ], [ 112.79743244000008, -8.30857881299994 ], [ 112.797413812000059, -8.308783451999943 ], [ 112.797384990000069, -8.309046716999944 ], [ 112.797379585000044, -8.309178308999947 ], [ 112.797391947000051, -8.309255997999969 ], [ 112.797326230000067, -8.309328057999949 ], [ 112.797303221000107, -8.309549434999951 ], [ 112.797075666000069, -8.309682029999976 ], [ 112.796999828000025, -8.309571050999978 ], [ 112.796831660000066, -8.309559849999971 ], [ 112.796663971000044, -8.309426457999962 ], [ 112.796585292000032, -8.309289264999961 ], [ 112.796590861000027, -8.309193554999979 ], [ 112.796638131, -8.309025891999966 ], [ 112.796745986000019, -8.308977561999939 ], [ 112.79692624300003, -8.309006649999958 ], [ 112.797052192000024, -8.308976178999956 ], [ 112.797105547000115, -8.308826429999954 ], [ 112.79712896500007, -8.308694756999955 ], [ 112.797086093000075, -8.308509559999948 ], [ 112.796971962000043, -8.308498113999974 ], [ 112.796815993000109, -8.30852871999997 ], [ 112.796599821000086, -8.308523715999968 ], [ 112.79650924300006, -8.308410498999933 ], [ 112.796526901000107, -8.308332673999928 ], [ 112.796628643000076, -8.308260450999967 ], [ 112.796712482000089, -8.308212229999981 ], [ 112.796771896000109, -8.308074413999975 ], [ 112.796795423000049, -8.307966660999966 ], [ 112.796946820000016, -8.307756942999958 ], [ 112.796989257000064, -8.307846455999936 ], [ 112.797085539000022, -8.307893863999936 ], [ 112.797217872000033, -8.307947089999971 ] ] ] } },
{ "type": "Feature", "properties": { "fid": 789, "class_id": 2, "class_name": "Bangunan / Permukiman", "source": "BIG", "source_class": "Kampung Jarang Teratur", "kode": "VALID", "alasan": "", "n_valid": 15, "n_nodata": 0, "status_v5": "ok" }, "geometry": { "type": "Polygon", "coordinates": [ [ [ 112.706454937000103, -7.902476899999954 ], [ 112.706188052000016, -7.902341629999967 ], [ 112.706367422000085, -7.901987142999928 ], [ 112.706670974000076, -7.902112027999976 ], [ 112.706454937000103, -7.902476899999954 ] ] ] } },
{ "type": "Feature", "properties": { "fid": 806, "class_id": 2, "class_name": "Bangunan / Permukiman", "source": "BIG", "source_class": "Perumahan Jarang", "kode": "VALID", "alasan": "", "n_valid": 25, "n_nodata": 0, "status_v5": "ok" }, "geometry": { "type": "Polygon", "coordinates": [ [ [ 112.6937957560001, -7.277153667999926 ], [ 112.693831765000027, -7.276535700999943 ], [ 112.69435, -7.276587 ], [ 112.69436, -7.276674 ], [ 112.693918, -7.27705 ], [ 112.6937957560001, -7.277153667999926 ] ] ] } },
{ "type": "Feature", "properties": { "fid": 815, "class_id": 2, "class_name": "Bangunan / Permukiman", "source": "BIG", "source_class": "Kampung Padat Teratur", "kode": "VALID", "alasan": "", "n_valid": 182, "n_nodata": 0, "status_v5": "ok" }, "geometry": { "type": "Polygon", "coordinates": [ [ [ 112.859655308000015, -7.622333056999935 ], [ 112.85956155100007, -7.622329208999929 ], [ 112.859406897000099, -7.62221801499993 ], [ 112.859213152000052, -7.62244947399995 ], [ 112.859323787000108, -7.622525787999962 ], [ 112.859392584000034, -7.622670034999942 ], [ 112.859329167000055, -7.622785090999969 ], [ 112.85924038600001, -7.62294701999997 ], [ 112.859125673000108, -7.623024034999958 ], [ 112.858863611000061, -7.62282823299995 ], [ 112.859081942000103, -7.622606225999959 ], [ 112.859113538000088, -7.622568479999927 ], [ 112.859006238, -7.62250168199995 ], [ 112.858964309000044, -7.62241258499995 ], [ 112.858931926000082, -7.622313882999947 ], [ 112.858902863000026, -7.622243861999948 ], [ 112.858825727000067, -7.622142162999978 ], [ 112.858811518000039, -7.622082305999982 ], [ 112.858723233000092, -7.622088399999939 ], [ 112.85861452600011, -7.622076112999935 ], [ 112.858540806000065, -7.622025414999939 ], [ 112.858451053000067, -7.621962031999942 ], [ 112.858431576000044, -7.621891969999979 ], [ 112.858396108000079, -7.621818787999928 ], [ 112.858341480000036, -7.621748876999959 ], [ 112.858369842000116, -7.621656289999976 ], [ 112.858324800000105, -7.621586337999929 ], [ 112.858209675000012, -7.621567701999936 ], [ 112.858081423000044, -7.621469410999964 ], [ 112.858100129000036, -7.621360922999941 ], [ 112.858131838000077, -7.621303394999927 ], [ 112.858239995000076, -7.621188146999941 ], [ 112.858290864000082, -7.621127347999959 ], [ 112.85835269100005, -7.621028728999931 ], [ 112.858921894000105, -7.621320896999976 ], [ 112.859280602000013, -7.621517116999939 ], [ 112.859769656000026, -7.621784638999941 ], [ 112.859987704000105, -7.621903915999951 ], [ 112.859655308000015, -7.622333056999935 ] ] ] } },
{ "type": "Feature", "properties": { "fid": 821, "class_id": 2, "class_name": "Bangunan / Permukiman", "source": "BIG", "source_class": "Kampung Padat Teratur", "kode": "VALID", "alasan": "", "n_valid": 7, "n_nodata": 0, "status_v5": "ok" }, "geometry": { "type": "Polygon", "coordinates": [ [ [ 113.816878152000072, -8.138581582999961 ], [ 113.816783690000079, -8.138555985999972 ], [ 113.81646038000008, -8.138470562999942 ], [ 113.816580453000029, -8.138423711999963 ], [ 113.816781623000111, -8.138374504999945 ], [ 113.816896300000053, -8.138306775999979 ], [ 113.816954073000034, -8.138335060999964 ], [ 113.816878152000072, -8.138581582999961 ] ] ] } },
{ "type": "Feature", "properties": { "fid": 828, "class_id": 2, "class_name": "Bangunan / Permukiman", "source": "BIG", "source_class": "Perumahan Jarang", "kode": "VALID", "alasan": "", "n_valid": 524, "n_nodata": 0, "status_v5": "ok" }, "geometry": { "type": "Polygon", "coordinates": [ [ [ 112.605760953000072, -7.967879593999953 ], [ 112.605810635000012, -7.967887650999955 ], [ 112.605885077000039, -7.967879112999981 ], [ 112.605886971000018, -7.96787715399995 ], [ 112.605943497000112, -7.967954005999957 ], [ 112.605884851000042, -7.968131692999975 ], [ 112.605932874000018, -7.968273473999943 ], [ 112.606051887000035, -7.96835976999995 ], [ 112.606072035000011, -7.968454336999969 ], [ 112.606001291000098, -7.968572918999939 ], [ 112.605801641000085, -7.968917421999947 ], [ 112.605689842000061, -7.969070645999977 ], [ 112.605663932000084, -7.969163875999925 ], [ 112.60565602500003, -7.969382177999933 ], [ 112.605580814000064, -7.969559996999976 ], [ 112.605368316000067, -7.96971797599997 ], [ 112.6052195420001, -7.969747654999935 ], [ 112.605131702000108, -7.969681058999981 ], [ 112.605038091000097, -7.969631946999925 ], [ 112.605011646000094, -7.96958839499996 ], [ 112.604955782000047, -7.969486750999977 ], [ 112.604871008000032, -7.969457975999944 ], [ 112.604765946000043, -7.96946711399994 ], [ 112.604675639000106, -7.96951693799997 ], [ 112.604570759000012, -7.969572639999967 ], [ 112.604533191000087, -7.969655887999977 ], [ 112.60436707100007, -7.969538075999935 ], [ 112.604222113000105, -7.969298050999953 ], [ 112.604147431000115, -7.96911208299997 ], [ 112.604092439000055, -7.96898424099993 ], [ 112.604057089000094, -7.968902889999981 ], [ 112.603971168000044, -7.968829494999966 ], [ 112.603920083000048, -7.968705520999947 ], [ 112.603768036000019, -7.968644021999978 ], [ 112.603639374000068, -7.968590194999933 ], [ 112.603561329000058, -7.96854005199998 ], [ 112.603466859000036, -7.968361945999959 ], [ 112.603431927000088, -7.968296087999931 ], [ 112.603337889000045, -7.968137354999953 ], [ 112.603298798000083, -7.968094821999955 ], [ 112.603190937000022, -7.967959058999952 ], [ 112.603212499000051, -7.967947202999937 ], [ 112.603261956000097, -7.967897516999926 ], [ 112.603275512000096, -7.967836968999961 ], [ 112.603291762000026, -7.967759911999963 ], [ 112.603338139000016, -7.96762774299998 ], [ 112.603439951000041, -7.967564103999962 ], [ 112.603492080000024, -7.967492407999941 ], [ 112.603566298000032, -7.967426125999964 ], [ 112.603723126000091, -7.967323777999979 ], [ 112.603830443000106, -7.967257367999935 ], [ 112.603871715000082, -7.967245845999969 ], [ 112.603874035000104, -7.967221275999975 ], [ 112.603910309000071, -7.967235071999937 ], [ 112.60418401000004, -7.967339166999977 ], [ 112.604810447000091, -7.967628593999962 ], [ 112.60483900600002, -7.96764178899997 ], [ 112.604873714000064, -7.967657823999957 ], [ 112.605077874000017, -7.967713119999928 ], [ 112.605345354000065, -7.967775180999979 ], [ 112.605409999000017, -7.967790906999937 ], [ 112.605534266000063, -7.967821138999966 ], [ 112.605534789000103, -7.967820139999958 ], [ 112.60559235300002, -7.967835271999945 ], [ 112.605760953000072, -7.967879593999953 ] ] ] } },
{ "type": "Feature", "properties": { "fid": 843, "class_id": 2, "class_name": "Bangunan / Permukiman", "source": "BIG", "source_class": "Perumahan Jarang", "kode": "VALID", "alasan": "", "n_valid": 2161, "n_nodata": 0, "status_v5": "ok" }, "geometry": { "type": "Polygon", "coordinates": [ [ [ 112.661824054000022, -7.905610243999945 ], [ 112.662346349000018, -7.905874887999971 ], [ 112.662513629000046, -7.905637746999957 ], [ 112.663008291000097, -7.905888750999964 ], [ 112.662622059000114, -7.906544718999953 ], [ 112.66569142600008, -7.907834820999938 ], [ 112.665893310000115, -7.907523684999944 ], [ 112.666090784000062, -7.907251592999955 ], [ 112.666259195000066, -7.907067607999977 ], [ 112.666296430000102, -7.906986316999962 ], [ 112.66638175300011, -7.907027076999952 ], [ 112.666871849000017, -7.907197633999942 ], [ 112.66705309800011, -7.906622748999951 ], [ 112.667316952000078, -7.906004472999939 ], [ 112.667096918000084, -7.905883341999981 ], [ 112.667240201000027, -7.905576806999932 ], [ 112.667634361000069, -7.904837089999944 ], [ 112.667993067000111, -7.905036080999935 ], [ 112.667706396000085, -7.905682488999958 ], [ 112.668128702000104, -7.905847006999977 ], [ 112.667861386000027, -7.906429789999947 ], [ 112.667940164000015, -7.906512576999944 ], [ 112.667716855000094, -7.907065853999939 ], [ 112.668031541, -7.907230187999971 ], [ 112.668181253000057, -7.907049598999947 ], [ 112.668329669000059, -7.906957716999955 ], [ 112.669444130000102, -7.907430466999926 ], [ 112.669522102000087, -7.907312834999971 ], [ 112.669988811000053, -7.907545609999943 ], [ 112.669772957000077, -7.908377155999972 ], [ 112.669695193000052, -7.908546929999943 ], [ 112.669669543000055, -7.90867087099997 ], [ 112.669526383000061, -7.908834387999946 ], [ 112.669337149000057, -7.90891987599997 ], [ 112.669232425000018, -7.908887705999973 ], [ 112.66920622400005, -7.908874774999958 ], [ 112.669107985000096, -7.908829542999968 ], [ 112.669042614000091, -7.908829804999925 ], [ 112.668944558000021, -7.908830196999929 ], [ 112.668859576000045, -7.908830535999925 ], [ 112.668683153000075, -7.908850794999978 ], [ 112.668559132000041, -7.908896914999957 ], [ 112.668461103000027, -7.908903824999982 ], [ 112.668323824000026, -7.908904372999928 ], [ 112.66826327900003, -7.908889538999972 ], [ 112.66816677700001, -7.908865893999973 ], [ 112.668044295000072, -7.90881328699993 ], [ 112.667747035000048, -7.909567657999958 ], [ 112.666664293000053, -7.908992548999947 ], [ 112.666372568000043, -7.908876655999961 ], [ 112.665358437, -7.908361024999977 ], [ 112.664604871000051, -7.909543792999955 ], [ 112.663978777000011, -7.90922042699998 ], [ 112.661811497000031, -7.907942681999941 ], [ 112.662008605000096, -7.907602734999955 ], [ 112.662435013000049, -7.906867314999943 ], [ 112.662181938000117, -7.906721470999969 ], [ 112.661361641000099, -7.906279680999944 ], [ 112.660337689000016, -7.905728203999956 ], [ 112.660484174000089, -7.905461339999931 ], [ 112.661016113000073, -7.904492265999977 ], [ 112.662099035000097, -7.905083828999977 ], [ 112.661824054000022, -7.905610243999945 ] ] ] } },
{ "type": "Feature", "properties": { "fid": 847, "class_id": 2, "class_name": "Bangunan / Permukiman", "source": "BIG", "source_class": "Perumahan Jarang", "kode": "VALID", "alasan": "", "n_valid": 196, "n_nodata": 0, "status_v5": "ok" }, "geometry": { "type": "Polygon", "coordinates": [ [ [ 112.672731000000113, -7.285623 ], [ 112.672377, -7.285555 ], [ 112.672118, -7.285496 ], [ 112.671978, -7.285485 ], [ 112.671718, -7.285458 ], [ 112.671666, -7.285448 ], [ 112.671562000000108, -7.285425 ], [ 112.671493, -7.285398 ], [ 112.671344, -7.285319 ], [ 112.671257, -7.28526 ], [ 112.671169, -7.285221 ], [ 112.670909, -7.285108 ], [ 112.670834, -7.28507 ], [ 112.670829, -7.285039 ], [ 112.670919, -7.284868 ], [ 112.671135, -7.284435 ], [ 112.671378000000118, -7.284511 ], [ 112.67236, -7.284737 ], [ 112.673038, -7.284953 ], [ 112.673057, -7.284958 ], [ 112.673050000000103, -7.28498 ], [ 112.672873, -7.285647 ], [ 112.672731000000113, -7.285623 ] ] ] } },
{ "type": "Feature", "properties": { "fid": 855, "class_id": 2, "class_name": "Bangunan / Permukiman", "source": "BIG", "source_class": "Perumahan Jarang", "kode": "VALID", "alasan": "", "n_valid": 757, "n_nodata": 0, "status_v5": "ok" }, "geometry": { "type": "Polygon", "coordinates": [ [ [ 112.612338667000017, -7.67733472599997 ], [ 112.612509988000056, -7.677406109999936 ], [ 112.612659894000103, -7.677448939999977 ], [ 112.612759832000052, -7.677598845999967 ], [ 112.61303109000005, -7.677777305999939 ], [ 112.613123735000045, -7.677788088999932 ], [ 112.613290297000049, -7.677954651999926 ], [ 112.613419091000083, -7.678048563999937 ], [ 112.61304179800004, -7.678736227999934 ], [ 112.613070359000062, -7.678803670999969 ], [ 112.613088205000054, -7.678835793999951 ], [ 112.613113189000046, -7.678864347999934 ], [ 112.613148881000029, -7.678892900999926 ], [ 112.613184573000012, -7.678932161999967 ], [ 112.613220265000109, -7.678978561999941 ], [ 112.613252387000102, -7.679017822999981 ], [ 112.613263095000093, -7.679074929999956 ], [ 112.613259526000093, -7.679132036999931 ], [ 112.613266664000093, -7.679185574999963 ], [ 112.61322740300011, -7.679210558999955 ], [ 112.613138173000038, -7.679249819999939 ], [ 112.613077497000063, -7.679274804999977 ], [ 112.612991836000106, -7.67929978899997 ], [ 112.612924022000016, -7.679328342999952 ], [ 112.612838361000058, -7.679364033999946 ], [ 112.6127455620001, -7.67930335799997 ], [ 112.612702732000116, -7.679210558999955 ], [ 112.612624210000035, -7.679242681999938 ], [ 112.612545688000068, -7.679235543999937 ], [ 112.612506426000095, -7.679199851999954 ], [ 112.612450486000057, -7.679078771999968 ], [ 112.612328995000098, -7.679101551999963 ], [ 112.612267129000088, -7.679096792999928 ], [ 112.612295682000081, -7.679182453999942 ], [ 112.612267129000088, -7.679291908999971 ], [ 112.612243334000027, -7.679401363999943 ], [ 112.612148156000103, -7.679663104999975 ], [ 112.612081531000058, -7.679772559999947 ], [ 112.611934004000091, -7.679972434999968 ], [ 112.611635946000092, -7.67960211999997 ], [ 112.611587708000116, -7.679637850999939 ], [ 112.611189922000108, -7.679277067999976 ], [ 112.610971103000111, -7.679437723999968 ], [ 112.610626081000078, -7.679235469999981 ], [ 112.610162086000059, -7.679271161999964 ], [ 112.609805167000104, -7.679045112999972 ], [ 112.609959832000072, -7.678771474999962 ], [ 112.610296935000065, -7.678697043999932 ], [ 112.61041590800005, -7.678530480999939 ], [ 112.610534881000035, -7.678330606999964 ], [ 112.609915743000101, -7.678017055999931 ], [ 112.609965392000049, -7.677843023999969 ], [ 112.610015360000034, -7.67785730099996 ], [ 112.610054798000078, -7.677748848999954 ], [ 112.610068507000051, -7.677754776999961 ], [ 112.610401631000059, -7.677902303999929 ], [ 112.610668131000011, -7.677983204999975 ], [ 112.610682408000116, -7.677888026999938 ], [ 112.610706202000074, -7.677735740999935 ], [ 112.61077758600004, -7.677488276999952 ], [ 112.610853729000041, -7.677183705999937 ], [ 112.610953821000066, -7.67686359299995 ], [ 112.611275982000052, -7.676990760999956 ], [ 112.611496338000052, -7.677077743999973 ], [ 112.611760458000049, -7.677106297999956 ], [ 112.611846119, -7.677120573999957 ], [ 112.612017440000045, -7.677141988999949 ], [ 112.612131654000109, -7.677170542999932 ], [ 112.612195900000074, -7.677206234999971 ], [ 112.612338667000017, -7.67733472599997 ] ] ] } },
{ "type": "Feature", "properties": { "fid": 859, "class_id": 2, "class_name": "Bangunan / Permukiman", "source": "BIG", "source_class": "Kampung Padat Teratur", "kode": "VALID", "alasan": "", "n_valid": 706, "n_nodata": 0, "status_v5": "ok" }, "geometry": { "type": "Polygon", "coordinates": [ [ [ 112.638425199000039, -7.648504150999941 ], [ 112.63814496100008, -7.648640436999926 ], [ 112.637993932000086, -7.648423736999973 ], [ 112.637921537000011, -7.648304391999943 ], [ 112.637753132000057, -7.648161486999925 ], [ 112.637608752, -7.648030452999933 ], [ 112.637452474000042, -7.64792338899997 ], [ 112.637284298000054, -7.647840292999945 ], [ 112.637044228000036, -7.647769431999961 ], [ 112.63688826900011, -7.647746099999949 ], [ 112.636708149000015, -7.647675010999933 ], [ 112.636503866000112, -7.647556165999958 ], [ 112.636287457000094, -7.647401480999974 ], [ 112.636154794000049, -7.647198629999934 ], [ 112.636226277000105, -7.647078738999937 ], [ 112.636441547000118, -7.646934378999958 ], [ 112.636633155000027, -7.646873841999934 ], [ 112.636764633000098, -7.646765684999934 ], [ 112.636860004000027, -7.646621778999929 ], [ 112.636967273000096, -7.64645390499993 ], [ 112.637146573000109, -7.646309679999945 ], [ 112.637278734, -7.646380950999969 ], [ 112.637447138000084, -7.646523855999931 ], [ 112.637579618000018, -7.646678858999962 ], [ 112.63762766800005, -7.646702599999969 ], [ 112.637783490000061, -7.646690046999936 ], [ 112.637927276000028, -7.646665576999965 ], [ 112.638058707000027, -7.646545457999935 ], [ 112.638154123000049, -7.64641351399996 ], [ 112.638405497, -7.64630490199994 ], [ 112.638573308000105, -7.646292302999939 ], [ 112.638765555000077, -7.646399230999975 ], [ 112.638981918000013, -7.646541952999939 ], [ 112.639234069000054, -7.646636690999969 ], [ 112.639378174000058, -7.646695952999949 ], [ 112.639474366000059, -7.646767358999966 ], [ 112.639666476000116, -7.646838400999968 ], [ 112.639957712000069, -7.64683587199994 ], [ 112.640012584000033, -7.646551202999945 ], [ 112.63985698800002, -7.646490779999965 ], [ 112.639700619000109, -7.646359791999942 ], [ 112.639532443, -7.646276696999962 ], [ 112.639448332000029, -7.64622916899998 ], [ 112.639376119000076, -7.646157671999958 ], [ 112.639411815000017, -7.646085763999963 ], [ 112.639591341000028, -7.64600134799997 ], [ 112.639831410000056, -7.646072207999964 ], [ 112.639987505000022, -7.646131423999975 ], [ 112.64021316100002, -7.646154993999971 ], [ 112.640317144000051, -7.64623566299997 ], [ 112.640409943, -7.646239231999971 ], [ 112.640517019000072, -7.64623209399997 ], [ 112.640624095000021, -7.646203540999977 ], [ 112.640691909000111, -7.646207109999978 ], [ 112.640724032000094, -7.646249939999961 ], [ 112.640738309000085, -7.646353446999967 ], [ 112.640738309000085, -7.646424829999944 ], [ 112.640724032000094, -7.646481936999976 ], [ 112.640620525000031, -7.64653904499994 ], [ 112.640449204000106, -7.646589012999925 ], [ 112.640256468000075, -7.646635412999956 ], [ 112.640156530000013, -7.646724641999981 ], [ 112.640135115000021, -7.646853132999979 ], [ 112.640138684000021, -7.646938793999936 ], [ 112.640171371000065, -7.647183379999944 ], [ 112.640076047000093, -7.64733924799998 ], [ 112.639992712000094, -7.647495069999934 ], [ 112.639837302000046, -7.647615280999958 ], [ 112.63968184600003, -7.647723528999961 ], [ 112.639534570000023, -7.647677569999928 ], [ 112.639325315000065, -7.647891045999927 ], [ 112.63908109700003, -7.64813655699993 ], [ 112.638747866000017, -7.648332779999976 ], [ 112.638552082000047, -7.64843676199996 ], [ 112.638425199000039, -7.648504150999941 ] ] ] } },
{ "type": "Feature", "properties": { "fid": 860, "class_id": 2, "class_name": "Bangunan / Permukiman", "source": "BIG", "source_class": "Kampung Padat Teratur", "kode": "VALID", "alasan": "", "n_valid": 856, "n_nodata": 0, "status_v5": "ok" }, "geometry": { "type": "Polygon", "coordinates": [ [ [ 112.71124760400005, -7.582941758999937 ], [ 112.71124275000011, -7.583330797999963 ], [ 112.711218181000049, -7.583582800999977 ], [ 112.711183785000117, -7.583774257999949 ], [ 112.711133524000047, -7.58399447599993 ], [ 112.711082785000031, -7.584093524999957 ], [ 112.711033992000011, -7.584177225999952 ], [ 112.711360143000093, -7.584332787999926 ], [ 112.711425578000103, -7.584439863999933 ], [ 112.71144937300005, -7.584636168999964 ], [ 112.711389886, -7.584808679999981 ], [ 112.711360143000093, -7.584957395999936 ], [ 112.711485065000034, -7.585088266999946 ], [ 112.711568346000035, -7.58518939399994 ], [ 112.711580243000071, -7.585302417999969 ], [ 112.711508859000105, -7.585522517999948 ], [ 112.711437475000025, -7.58567123499995 ], [ 112.71131850200004, -7.586313688999951 ], [ 112.71125638400008, -7.586523936999981 ], [ 112.711241170000108, -7.586575429999925 ], [ 112.711157889000106, -7.586759837999978 ], [ 112.711092454000095, -7.586956143999942 ], [ 112.711151940000036, -7.587164345999952 ], [ 112.711086505000026, -7.587527213999977 ], [ 112.711181683000063, -7.587622392999947 ], [ 112.711062710000078, -7.587955516999955 ], [ 112.710699843000043, -7.587830595999947 ], [ 112.710580870000058, -7.587812749999955 ], [ 112.71035482100001, -7.587741365999932 ], [ 112.710177667000039, -7.587697828999978 ], [ 112.710094172000026, -7.587847314999976 ], [ 112.709995749000086, -7.58801032599996 ], [ 112.709887257000105, -7.588252949999969 ], [ 112.709801596000034, -7.588291020999975 ], [ 112.709711177000031, -7.588305297999966 ], [ 112.709535096000081, -7.588248190999934 ], [ 112.709363775000043, -7.58814349499994 ], [ 112.709135347000029, -7.588019762999977 ], [ 112.709002097000052, -7.587910307999948 ], [ 112.708728349000012, -7.587641462999954 ], [ 112.708763800000042, -7.587603828999931 ], [ 112.708862726, -7.587568363999935 ], [ 112.708942605000061, -7.587564860999976 ], [ 112.709219853000036, -7.587157415999968 ], [ 112.709638043000041, -7.586396583999942 ], [ 112.709355482000092, -7.586289507999936 ], [ 112.709459583000012, -7.586051561999966 ], [ 112.709780810000098, -7.586173508999934 ], [ 112.710060397, -7.585855255999945 ], [ 112.710081217000038, -7.585745205999956 ], [ 112.710105012000099, -7.585590540999931 ], [ 112.710134755000013, -7.585441824999975 ], [ 112.710152601, -7.585310954999954 ], [ 112.710182344000032, -7.585162237999953 ], [ 112.710208717000114, -7.584859451999932 ], [ 112.710256306000019, -7.584740478999947 ], [ 112.71034196700009, -7.584616746999927 ], [ 112.710375279, -7.584550121999939 ], [ 112.710570395000104, -7.583830334999959 ], [ 112.710760752000056, -7.583187879999969 ], [ 112.711052236000114, -7.582836909999969 ], [ 112.710873776000085, -7.582735782999976 ], [ 112.71068341900002, -7.582682244999944 ], [ 112.710344346000056, -7.582622758999946 ], [ 112.709951735000118, -7.582468093999978 ], [ 112.710018226000102, -7.582276932999946 ], [ 112.71008612300011, -7.58231028199998 ], [ 112.71047640300003, -7.582413974999952 ], [ 112.711234063, -7.582629409999981 ], [ 112.71124760400005, -7.582941758999937 ] ] ] } },
{ "type": "Feature", "properties": { "fid": 867, "class_id": 2, "class_name": "Bangunan / Permukiman", "source": "BIG", "source_class": "Perumahan Padat", "kode": "VALID", "alasan": "", "n_valid": 43, "n_nodata": 0, "status_v5": "ok" }, "geometry": { "type": "Polygon", "coordinates": [ [ [ 112.800163000000111, -7.317502 ], [ 112.799996, -7.317526 ], [ 112.799617, -7.317611 ], [ 112.799472, -7.317645 ], [ 112.799411, -7.317108 ], [ 112.799750437000057, -7.317034604999947 ], [ 112.799774598000113, -7.317288296999948 ], [ 112.799949767000044, -7.317282256999931 ], [ 112.799931646, -7.317185611999946 ], [ 112.800179298000103, -7.31717353099998 ], [ 112.800221580000084, -7.317324538999969 ], [ 112.800493393000011, -7.317294336999964 ], [ 112.800527932000023, -7.317417818999957 ], [ 112.800163000000111, -7.317502 ] ] ] } },
{ "type": "Feature", "properties": { "fid": 883, "class_id": 2, "class_name": "Bangunan / Permukiman", "source": "BIG", "source_class": "Kampung Padat Tidak Teratur", "kode": "VALID", "alasan": "", "n_valid": 310, "n_nodata": 0, "status_v5": "ok" }, "geometry": { "type": "Polygon", "coordinates": [ [ [ 113.890015651000112, -7.954397404999952 ], [ 113.890159458000085, -7.954389233999962 ], [ 113.890253367000014, -7.954445947999943 ], [ 113.890283194000062, -7.954596332999927 ], [ 113.890377203000071, -7.954667388999951 ], [ 113.890507177000018, -7.954738194999948 ], [ 113.890558483000063, -7.95487408799994 ], [ 113.890702843000099, -7.954944793999971 ], [ 113.890825422000034, -7.954986965999979 ], [ 113.890910833000021, -7.954857291999929 ], [ 113.89094624400002, -7.954778161999968 ], [ 113.891126065000094, -7.954776908999975 ], [ 113.891241704000095, -7.95485498599993 ], [ 113.891271482000093, -7.954998199999977 ], [ 113.891308551000066, -7.955155705999971 ], [ 113.891410006000115, -7.955262564999941 ], [ 113.891432288000033, -7.955362805999926 ], [ 113.891346577000036, -7.95544945599994 ], [ 113.891138135, -7.955472420999968 ], [ 113.891001471000095, -7.955473373999951 ], [ 113.890843479000068, -7.955510329999981 ], [ 113.890671151000106, -7.955554556999971 ], [ 113.890555764000055, -7.95551233499998 ], [ 113.890496964000022, -7.955333466999946 ], [ 113.89044601, -7.955247768999925 ], [ 113.890259866000065, -7.955302733999929 ], [ 113.890330999000071, -7.955660594999927 ], [ 113.890175798000087, -7.955694258999927 ], [ 113.890068155000108, -7.955730863999975 ], [ 113.889888333000044, -7.955732116999968 ], [ 113.889765551000096, -7.955661260999932 ], [ 113.889678483000012, -7.95555430099995 ], [ 113.889634622000017, -7.95545421099996 ], [ 113.889368637000075, -7.955477576999954 ], [ 113.889356589000045, -7.955237250999971 ], [ 113.889110299000095, -7.955269685999951 ], [ 113.888487585, -7.955369635999944 ], [ 113.888313369000116, -7.95538914499997 ], [ 113.888297452000074, -7.955245816999934 ], [ 113.888287392000052, -7.95515523399996 ], [ 113.88830288500003, -7.955091569999979 ], [ 113.888322352000046, -7.955011568999964 ], [ 113.888400821, -7.95491779799994 ], [ 113.888537034000024, -7.954852309999978 ], [ 113.888730990000113, -7.954815104999966 ], [ 113.888809760000072, -7.954764357999977 ], [ 113.888772741000025, -7.95461402199993 ], [ 113.888822438000034, -7.95452045299993 ], [ 113.889008950000061, -7.954447442999935 ], [ 113.889166942000088, -7.954410486999961 ], [ 113.889345860000049, -7.954280160999929 ], [ 113.889453753000112, -7.95427940999997 ], [ 113.889569040000083, -7.954307291999953 ], [ 113.889749063000068, -7.954334722999931 ], [ 113.889797513000076, -7.954401406999978 ], [ 113.890015651000112, -7.954397404999952 ] ] ] } },
{ "type": "Feature", "properties": { "fid": 888, "class_id": 2, "class_name": "Bangunan / Permukiman", "source": "BIG", "source_class": "Perumahan Padat", "kode": "VALID", "alasan": "", "n_valid": 87, "n_nodata": 0, "status_v5": "ok" }, "geometry": { "type": "Polygon", "coordinates": [ [ [ 112.778449, -7.293129 ], [ 112.77845, -7.293146 ], [ 112.778457000000117, -7.293381 ], [ 112.776868, -7.293379 ], [ 112.776872, -7.293126 ], [ 112.776871, -7.292922 ], [ 112.778443, -7.292932 ], [ 112.778449, -7.293129 ] ] ] } },
{ "type": "Feature", "properties": { "fid": 901, "class_id": 2, "class_name": "Bangunan / Permukiman", "source": "BIG", "source_class": "Kampung Padat Teratur", "kode": "VALID", "alasan": "", "n_valid": 48, "n_nodata": 0, "status_v5": "ok" }, "geometry": { "type": "Polygon", "coordinates": [ [ [ 112.522529492000103, -8.152737041999956 ], [ 112.521943656000076, -8.15263661299997 ], [ 112.522053412000105, -8.152131996999969 ], [ 112.5220983910001, -8.151928770999973 ], [ 112.522510566000051, -8.152047399999958 ], [ 112.522568837000108, -8.152059612999949 ], [ 112.52261067500001, -8.152125759999933 ], [ 112.522564951000049, -8.152470045999962 ], [ 112.522529492000103, -8.152737041999956 ] ] ] } },
{ "type": "Feature", "properties": { "fid": 915, "class_id": 2, "class_name": "Bangunan / Permukiman", "source": "BIG", "source_class": "Kampung Jarang Teratur", "kode": "VALID", "alasan": "", "n_valid": 708, "n_nodata": 0, "status_v5": "ok" }, "geometry": { "type": "Polygon", "coordinates": [ [ [ 112.798577336000108, -8.128581486999963 ], [ 112.798455549000096, -8.127834418999953 ], [ 112.798139841000079, -8.127875162999942 ], [ 112.797902909000072, -8.127909961999933 ], [ 112.797495321000042, -8.12796982499998 ], [ 112.797494795000034, -8.127851783999972 ], [ 112.79736037300006, -8.12787411599993 ], [ 112.796521521000045, -8.128013476999968 ], [ 112.796553810000091, -8.128792486999942 ], [ 112.795971241000075, -8.128811415999962 ], [ 112.795663617000059, -8.128837307999959 ], [ 112.795519989000013, -8.127697517999934 ], [ 112.795707689000096, -8.127675895999971 ], [ 112.796433755000066, -8.127631799999961 ], [ 112.79691957600005, -8.127547487999948 ], [ 112.79713485700006, -8.127510126999937 ], [ 112.797626882000031, -8.12743026499993 ], [ 112.798594410000078, -8.127246078999974 ], [ 112.79925860000003, -8.127128653999932 ], [ 112.799607089, -8.127065779999953 ], [ 112.800143052000067, -8.126985419999926 ], [ 112.800132898000015, -8.127581144999965 ], [ 112.799630065000088, -8.127717150999956 ], [ 112.799682370000028, -8.128060963999928 ], [ 112.800800878000018, -8.128176688999929 ], [ 112.800831157000061, -8.128506671999958 ], [ 112.801321632000054, -8.128676732999963 ], [ 112.802012599000022, -8.128587553999978 ], [ 112.802388042000075, -8.12880118299995 ], [ 112.801469251000071, -8.129479840999977 ], [ 112.799924910000072, -8.128769037999973 ], [ 112.798971957000049, -8.128527276999932 ], [ 112.798918129000072, -8.128534671999944 ], [ 112.798577336000108, -8.128581486999963 ] ] ] } },
{ "type": "Feature", "properties": { "fid": 929, "class_id": 2, "class_name": "Bangunan / Permukiman", "source": "BIG", "source_class": "Kampung Jarang Tidak Teratur", "kode": "VALID", "alasan": "", "n_valid": 18, "n_nodata": 0, "status_v5": "ok" }, "geometry": { "type": "Polygon", "coordinates": [ [ [ 112.413840119000042, -8.213382568999975 ], [ 112.413760997000054, -8.213418734999948 ], [ 112.413616857000079, -8.213404885999978 ], [ 112.413542744000097, -8.213363878999928 ], [ 112.413595269000098, -8.213234516999933 ], [ 112.413733513000011, -8.212894034999977 ], [ 112.414032620000057, -8.212989057999948 ], [ 112.413840119000042, -8.213382568999975 ] ] ] } },
{ "type": "Feature", "properties": { "fid": 930, "class_id": 2, "class_name": "Bangunan / Permukiman", "source": "BIG", "source_class": "Perumahan Padat", "kode": "VALID", "alasan": "", "n_valid": 25, "n_nodata": 0, "status_v5": "ok" }, "geometry": { "type": "Polygon", "coordinates": [ [ [ 112.804149818000042, -7.281649417999972 ], [ 112.804627, -7.281648 ], [ 112.804620000000114, -7.282063 ], [ 112.80415926, -7.28207157199995 ], [ 112.804149818000042, -7.281649417999972 ] ] ] } },
{ "type": "Feature", "properties": { "fid": 948, "class_id": 2, "class_name": "Bangunan / Permukiman", "source": "BIG", "source_class": "Kampung Jarang Tidak Teratur", "kode": "VALID", "alasan": "", "n_valid": 40, "n_nodata": 0, "status_v5": "ok" }, "geometry": { "type": "Polygon", "coordinates": [ [ [ 112.473891958000081, -8.24499818299995 ], [ 112.473883305000072, -8.24486230499997 ], [ 112.474122808000061, -8.244902135999951 ], [ 112.474160790000042, -8.245416321999926 ], [ 112.474317024000015, -8.245463572999938 ], [ 112.474293751, -8.245667074999972 ], [ 112.474179684000092, -8.245667493999974 ], [ 112.474186203000045, -8.245810946999939 ], [ 112.47386403400003, -8.24581213099998 ], [ 112.473891958000081, -8.24499818299995 ] ] ] } },
{ "type": "Feature", "properties": { "fid": 964, "class_id": 2, "class_name": "Bangunan / Permukiman", "source": "BIG", "source_class": "Kampung Padat Teratur", "kode": "VALID", "alasan": "", "n_valid": 23, "n_nodata": 0, "status_v5": "ok" }, "geometry": { "type": "Polygon", "coordinates": [ [ [ 113.831892365000044, -8.13852825999993 ], [ 113.831936287000076, -8.138527359999955 ], [ 113.831881045000046, -8.138792469999942 ], [ 113.831397624000033, -8.138958394999975 ], [ 113.831467122000049, -8.138428191999935 ], [ 113.831583610000052, -8.138450562999935 ], [ 113.831892365000044, -8.13852825999993 ] ] ] } },
{ "type": "Feature", "properties": { "fid": 984, "class_id": 2, "class_name": "Bangunan / Permukiman", "source": "BIG", "source_class": "Kampung Padat Teratur", "kode": "VALID", "alasan": "", "n_valid": 167, "n_nodata": 0, "status_v5": "ok" }, "geometry": { "type": "Polygon", "coordinates": [ [ [ 112.69669783300003, -8.20439618599994 ], [ 112.696440215000052, -8.204290686999968 ], [ 112.696430185000054, -8.204190253999968 ], [ 112.696343420000062, -8.204114065999931 ], [ 112.696194328000047, -8.20406206399997 ], [ 112.69608874000005, -8.204076861999965 ], [ 112.696037264000097, -8.204125709999971 ], [ 112.696002645000021, -8.204158561999975 ], [ 112.695911849000026, -8.204264203999969 ], [ 112.695835338000052, -8.20434107899996 ], [ 112.695763609000096, -8.204413148999947 ], [ 112.695730298000058, -8.204485056999943 ], [ 112.695792950000055, -8.204537422999977 ], [ 112.695798036000042, -8.204604385999971 ], [ 112.695791332000113, -8.204621552999981 ], [ 112.695736277000037, -8.204762535999976 ], [ 112.695684, -8.204891937999946 ], [ 112.695665319000113, -8.205016414999932 ], [ 112.695555253000066, -8.205107784999939 ], [ 112.695372768000084, -8.205108552999945 ], [ 112.695310602000063, -8.205171012999926 ], [ 112.69531568900004, -8.205237975999978 ], [ 112.695330481000042, -8.205328819999977 ], [ 112.69543167300003, -8.205409730999975 ], [ 112.695609741000112, -8.205499887999963 ], [ 112.695662890000108, -8.20557621699993 ], [ 112.695505149000041, -8.205910537999955 ], [ 112.695051877000083, -8.205698090999931 ], [ 112.694744533000062, -8.205520448999948 ], [ 112.694841492000023, -8.205445458999975 ], [ 112.695274253000093, -8.204709992999938 ], [ 112.695354667000061, -8.204573330999949 ], [ 112.695379369000079, -8.204531349999968 ], [ 112.695558771000037, -8.204252543999928 ], [ 112.695783161, -8.203936747999933 ], [ 112.696077217000038, -8.203596123999944 ], [ 112.696171365000055, -8.203489440999931 ], [ 112.696941209000101, -8.203906540999981 ], [ 112.69669783300003, -8.20439618599994 ] ] ] } },
{ "type": "Feature", "properties": { "fid": 1001, "class_id": 3, "class_name": "Mangrove", "source": "BIG", "source_class": "Mangrove Sedang", "kode": "VALID", "alasan": "", "n_valid": 2, "n_nodata": 0, "status_v5": "ok" }, "geometry": { "type": "Polygon", "coordinates": [ [ [ 112.741806752000116, -7.018059176999941 ], [ 112.74188700600007, -7.018181419999962 ], [ 112.741807440000116, -7.018183796999949 ], [ 112.741711602, -7.018249473999958 ], [ 112.741728230000035, -7.018080591999933 ], [ 112.741806752000116, -7.018059176999941 ] ] ] } },
{ "type": "Feature", "properties": { "fid": 1015, "class_id": 3, "class_name": "Mangrove", "source": "BIG", "source_class": "Mangrove Sedang", "kode": "VALID", "alasan": "", "n_valid": 154, "n_nodata": 0, "status_v5": "ok" }, "geometry": { "type": "Polygon", "coordinates": [ [ [ 112.707989523000037, -7.167074684999932 ], [ 112.708068045, -7.167031854999948 ], [ 112.708333333000041, -7.167181760999938 ], [ 112.708560594, -7.167267421999952 ], [ 112.708746192000035, -7.167431603999944 ], [ 112.708981759000039, -7.167574371999933 ], [ 112.709210187000053, -7.167667170999948 ], [ 112.709638490000088, -7.167938429999936 ], [ 112.709852641000111, -7.168045505999942 ], [ 112.710323775, -7.168266794999965 ], [ 112.710495096000045, -7.168338178999932 ], [ 112.710609310000109, -7.168480946999978 ], [ 112.711130412000102, -7.168702236999934 ], [ 112.711622960000113, -7.168923525999958 ], [ 112.712144062000107, -7.169087709999928 ], [ 112.712242696000089, -7.169116261999932 ], [ 112.712018764519925, -7.169153440911495 ], [ 112.710092731759659, -7.168426395432452 ], [ 112.71000106300005, -7.168338973999937 ], [ 112.709653357000093, -7.168235602999971 ], [ 112.709518132368487, -7.168209493675519 ], [ 112.707730017991494, -7.16753451010275 ], [ 112.707989523000037, -7.167074684999932 ] ] ] } },
{ "type": "Feature", "properties": { "fid": 1016, "class_id": 3, "class_name": "Mangrove", "source": "BIG", "source_class": "Mangrove Sedang", "kode": "VALID", "alasan": "", "n_valid": 116, "n_nodata": 0, "status_v5": "ok" }, "geometry": { "type": "Polygon", "coordinates": [ [ [ 112.670428165000089, -8.437534282999934 ], [ 112.670192630000088, -8.437516147999929 ], [ 112.669880482000053, -8.437560537999957 ], [ 112.669759943000031, -8.437465360999965 ], [ 112.669764419000103, -8.437388788999954 ], [ 112.669764193000105, -8.437336158999926 ], [ 112.669787890000066, -8.437259505999975 ], [ 112.669787438000071, -8.437154247999956 ], [ 112.669825550000041, -8.437077532999979 ], [ 112.669767334000085, -8.436948597999958 ], [ 112.669824707000089, -8.436881368999934 ], [ 112.669944774000101, -8.436866503999966 ], [ 112.670088927000052, -8.436865889999979 ], [ 112.670151209000096, -8.436822563999954 ], [ 112.670251828, -8.436755151999932 ], [ 112.670376680000118, -8.43673548199996 ], [ 112.670511058000102, -8.436696631999951 ], [ 112.670650242000079, -8.436657762999971 ], [ 112.670784518, -8.436594991999925 ], [ 112.670938097000089, -8.436551275999932 ], [ 112.6710679790001, -8.436584214999925 ], [ 112.671130918000017, -8.43669399099997 ], [ 112.671102684000061, -8.436832863999939 ], [ 112.671026666000103, -8.437034138999934 ], [ 112.670940750000113, -8.437168471999939 ], [ 112.670826044000023, -8.437312497999926 ], [ 112.670740107000029, -8.437442046999934 ], [ 112.670586651, -8.43751446899995 ], [ 112.670428165000089, -8.437534282999934 ] ] ] } },
{ "type": "Feature", "properties": { "fid": 1035, "class_id": 3, "class_name": "Mangrove", "source": "BIG", "source_class": "Mangrove Lebat", "kode": "VALID", "alasan": "", "n_valid": 380, "n_nodata": 0, "status_v5": "ok" }, "geometry": { "type": "Polygon", "coordinates": [ [ [ 114.347397759000046, -8.520107530999951 ], [ 114.347554804000083, -8.520071838999968 ], [ 114.347604772000068, -8.520178914999974 ], [ 114.347569081000074, -8.520335959999954 ], [ 114.347604773000057, -8.520478726999954 ], [ 114.347626188000049, -8.520642909999935 ], [ 114.347576219000075, -8.52072857099995 ], [ 114.347426313000028, -8.520899890999942 ], [ 114.347233577000111, -8.521042658999932 ], [ 114.347090809000065, -8.521142595999947 ], [ 114.346869520000041, -8.521299640999928 ], [ 114.34666964500002, -8.521442408999974 ], [ 114.346476908000113, -8.52150665399995 ], [ 114.346248480000099, -8.521606591999955 ], [ 114.346027190000086, -8.521642282999949 ], [ 114.345755932000088, -8.521685113999979 ], [ 114.345534642000075, -8.521735081999964 ], [ 114.345206276000113, -8.521813604999977 ], [ 114.344942155000012, -8.521899264999945 ], [ 114.344713728000102, -8.521870710999963 ], [ 114.344535268000072, -8.521727943999963 ], [ 114.344299701000068, -8.521535206999943 ], [ 114.344182414000102, -8.521176828999955 ], [ 114.344313978000059, -8.521092627999963 ], [ 114.344385362000025, -8.521056935999979 ], [ 114.344478161000097, -8.521042658999932 ], [ 114.344656620000023, -8.521014104999949 ], [ 114.344827941000062, -8.520978413999956 ], [ 114.344970710000098, -8.520921306999981 ], [ 114.345241968000096, -8.520885614999941 ], [ 114.345299075000071, -8.52087847599995 ], [ 114.34540615100002, -8.520842784999957 ], [ 114.34559174900005, -8.520828506999976 ], [ 114.345748793000098, -8.520785676999935 ], [ 114.345912976000022, -8.520742846999951 ], [ 114.346177096000019, -8.520600078999962 ], [ 114.346291310000083, -8.520535833999929 ], [ 114.346569707000072, -8.520400203999941 ], [ 114.34666250600003, -8.520371651999938 ], [ 114.346712475000118, -8.520221745999947 ], [ 114.346869519000052, -8.520114668999952 ], [ 114.347105086000056, -8.520014731999936 ], [ 114.347240715000112, -8.520050423999976 ], [ 114.347397759000046, -8.520107530999951 ] ] ] } },
{ "type": "Feature", "properties": { "fid": 1037, "class_id": 3, "class_name": "Mangrove", "source": "BIG", "source_class": "Mangrove Jarang", "kode": "VALID", "alasan": "", "n_valid": 52, "n_nodata": 0, "status_v5": "ok" }, "geometry": { "type": "Polygon", "coordinates": [ [ [ 112.691727811000078, -7.153226338999957 ], [ 112.691765969000016, -7.15300321999996 ], [ 112.691794911000102, -7.15299779399993 ], [ 112.691884142000049, -7.152950204999968 ], [ 112.691985268000053, -7.152914512999928 ], [ 112.692044755000097, -7.152866923999966 ], [ 112.692098293000072, -7.152783641999974 ], [ 112.692223215000013, -7.152843128999962 ], [ 112.692586082000048, -7.153003742999942 ], [ 112.692484956000044, -7.15327143199994 ], [ 112.692389777000017, -7.153604555999948 ], [ 112.692104242000028, -7.153580761999933 ], [ 112.692056653, -7.153527223999959 ], [ 112.692074498000011, -7.153455839999936 ], [ 112.692074499000114, -7.153372558999934 ], [ 112.692020961000026, -7.153313072999936 ], [ 112.691967423000051, -7.153176253999959 ], [ 112.691913885000076, -7.153200047999974 ], [ 112.691890090000015, -7.15327143199994 ], [ 112.691854398000032, -7.153348763999929 ], [ 112.6917770660001, -7.153354712999942 ], [ 112.69170568200002, -7.153348764999976 ], [ 112.691704223000102, -7.153346430999932 ], [ 112.691727811000078, -7.153226338999957 ] ] ] } },
{ "type": "Feature", "properties": { "fid": 1039, "class_id": 3, "class_name": "Mangrove", "source": "BIG", "source_class": "Mangrove Sedang", "kode": "VALID", "alasan": "", "n_valid": 65, "n_nodata": 5, "status_v5": "ok" }, "geometry": { "type": "Polygon", "coordinates": [ [ [ 112.690610800000059, -7.096697613999936 ], [ 112.690575107000086, -7.096531050999943 ], [ 112.690504837000049, -7.096531050999943 ], [ 112.690541214000064, -7.096499524999956 ], [ 112.690662566000015, -7.096463832999973 ], [ 112.690776780000078, -7.09639244899995 ], [ 112.690955240000108, -7.096363895999957 ], [ 112.691105145000051, -7.09639244899995 ], [ 112.691247913000097, -7.096413864999931 ], [ 112.691433511000014, -7.096413864999931 ], [ 112.691526310000086, -7.096356757999956 ], [ 112.691654801000027, -7.096213989999967 ], [ 112.691811846000064, -7.096192573999929 ], [ 112.691983167000103, -7.096199712999976 ], [ 112.692140211000037, -7.09619971199993 ], [ 112.692275841000082, -7.096199712999976 ], [ 112.692332948000058, -7.096121190999952 ], [ 112.692340086000058, -7.095978422999963 ], [ 112.692482022000036, -7.09596879399993 ], [ 112.69248191600002, -7.095969518999937 ], [ 112.69249771134055, -7.095992364622468 ], [ 112.6917, -7.097 ], [ 112.691664939864708, -7.096991086406285 ], [ 112.691661939000028, -7.096977796999965 ], [ 112.691611971000043, -7.096835028999976 ], [ 112.691445611000063, -7.096897715999944 ], [ 112.69146721300001, -7.096742954999968 ], [ 112.691482472000075, -7.096630422999965 ], [ 112.691444316000116, -7.096560808999925 ], [ 112.691331420000097, -7.096522707999952 ], [ 112.691330803000028, -7.096522260999961 ], [ 112.691330211000036, -7.096522299999947 ], [ 112.691329898000049, -7.096522193999931 ], [ 112.690978929000039, -7.096545043999981 ], [ 112.69094692200008, -7.09656350399996 ], [ 112.690908077000017, -7.096584997999969 ], [ 112.690877012000101, -7.096687342999928 ], [ 112.69085640500009, -7.096755232999953 ], [ 112.690849139000079, -7.096774904999961 ], [ 112.690849129000071, -7.09677493199996 ], [ 112.69084605536959, -7.096782895432947 ], [ 112.690603426145501, -7.096721210036994 ], [ 112.690610800000059, -7.096697613999936 ] ] ] } },
{ "type": "Feature", "properties": { "fid": 1042, "class_id": 3, "class_name": "Mangrove", "source": "BIG", "source_class": "Mangrove Sedang", "kode": "VALID", "alasan": "", "n_valid": 2, "n_nodata": 0, "status_v5": "ok" }, "geometry": { "type": "Polygon", "coordinates": [ [ [ 114.460663927000041, -7.818999133999966 ], [ 114.460663732000057, -7.818998827999962 ], [ 114.460638421000112, -7.818943601999933 ], [ 114.460615410000059, -7.818906784999967 ], [ 114.460603903000106, -7.818879172999971 ], [ 114.460594701000105, -7.818856161999975 ], [ 114.460580892000053, -7.818830850999973 ], [ 114.460564786000077, -7.818796334999945 ], [ 114.460548679000112, -7.818764119999969 ], [ 114.46053487100005, -7.818729603999941 ], [ 114.460523368000054, -7.818701991999944 ], [ 114.460507260000099, -7.818660571999942 ], [ 114.460493454000016, -7.818609949999939 ], [ 114.460491153000021, -7.818589238999948 ], [ 114.460486551000031, -7.818566228999941 ], [ 114.460484249000046, -7.818543217999945 ], [ 114.46047365600009, -7.818515678999972 ], [ 114.460472743000082, -7.818513303999964 ], [ 114.460465839000108, -7.818492594999952 ], [ 114.460454336000112, -7.818458078999981 ], [ 114.460433626000054, -7.818391348999967 ], [ 114.460423297000034, -7.818362942999954 ], [ 114.460415217000104, -7.818340724999928 ], [ 114.460392207000041, -7.818285500999934 ], [ 114.460348486000044, -7.818225672999972 ], [ 114.460332380000068, -7.818186553999965 ], [ 114.460320875000093, -7.818156639999927 ], [ 114.46030246600003, -7.81810601799998 ], [ 114.460286358000076, -7.818066898999973 ], [ 114.460272552000106, -7.818034685999976 ], [ 114.460258745000033, -7.817990964999979 ], [ 114.460258712000041, -7.817990787999975 ], [ 114.460310706000087, -7.818116438999937 ], [ 114.460462991000099, -7.818378179999968 ], [ 114.460534375000066, -7.818606606999936 ], [ 114.460558169000024, -7.818739857999958 ], [ 114.460663927000041, -7.818999133999966 ] ] ] } },
{ "type": "Feature", "properties": { "fid": 1047, "class_id": 3, "class_name": "Mangrove", "source": "BIG", "source_class": "Mangrove Sedang", "kode": "VALID", "alasan": "", "n_valid": 468, "n_nodata": 0, "status_v5": "ok" }, "geometry": { "type": "Polygon", "coordinates": [ [ [ 112.859053551000102, -6.895833333999974 ], [ 112.858547915000031, -6.89546112499994 ], [ 112.858220740000093, -6.895074462999958 ], [ 112.857926582, -6.894835055999977 ], [ 112.858061682000084, -6.894676143999959 ], [ 112.858156861000111, -6.894476268999938 ], [ 112.858147343000041, -6.894247840999981 ], [ 112.858080916000063, -6.893976094999971 ], [ 112.858096634000049, -6.893934196999965 ], [ 112.858078064000097, -6.893802760999961 ], [ 112.858404325000038, -6.893648216999964 ], [ 112.858870699000022, -6.893553037999936 ], [ 112.859175270000037, -6.893448341999942 ], [ 112.859489359, -6.893495930999961 ], [ 112.859870073000025, -6.893553037999936 ], [ 112.859793930000023, -6.894314465999969 ], [ 112.859803448000093, -6.89525673199995 ], [ 112.859841519000042, -6.895932498999969 ], [ 112.859641644000021, -6.896284659999935 ], [ 112.859587524000062, -6.896567170999958 ], [ 112.859053551000102, -6.895833333999974 ] ] ] } },
{ "type": "Feature", "properties": { "fid": 1057, "class_id": 3, "class_name": "Mangrove", "source": "BIG", "source_class": "Mangrove Sedang", "kode": "VALID", "alasan": "", "n_valid": 151, "n_nodata": 0, "status_v5": "ok" }, "geometry": { "type": "Polygon", "coordinates": [ [ [ 112.771171680000066, -7.001650413999926 ], [ 112.770553020000079, -7.002078715999971 ], [ 112.769874874000038, -7.00143626199997 ], [ 112.770533073000024, -7.000828890999969 ], [ 112.770833334000031, -7.001281596999945 ], [ 112.771124090000058, -7.001281596999945 ], [ 112.771159782000041, -7.001031753999939 ], [ 112.771680009000079, -7.000548810999931 ], [ 112.771837929000071, -7.000841395999942 ], [ 112.771814135000113, -7.001007958999935 ], [ 112.771647573000109, -7.00116262399996 ], [ 112.771171680000066, -7.001650413999926 ] ] ] } },
{ "type": "Feature", "properties": { "fid": 1061, "class_id": 3, "class_name": "Mangrove", "source": "BIG", "source_class": "Mangrove Sedang", "kode": "VALID", "alasan": "", "n_valid": 251, "n_nodata": 0, "status_v5": "ok" }, "geometry": { "type": "Polygon", "coordinates": [ [ [ 112.854264752000063, -7.533787258999951 ], [ 112.854086293000023, -7.533781309999938 ], [ 112.853931628000055, -7.533817001999978 ], [ 112.853675836000093, -7.533959769999967 ], [ 112.852837076000014, -7.534376174999977 ], [ 112.852765692000048, -7.534257201999935 ], [ 112.852581284000053, -7.534328586999948 ], [ 112.852414722000049, -7.534459455999979 ], [ 112.852147032000062, -7.534911553999962 ], [ 112.851932881000039, -7.535393394999971 ], [ 112.85175442100001, -7.535280370999942 ], [ 112.851677088000088, -7.535327959999961 ], [ 112.85158191000005, -7.535440983999933 ], [ 112.851552167000023, -7.535661084999958 ], [ 112.851558116000092, -7.535851440999977 ], [ 112.851445091000073, -7.536131027999943 ], [ 112.850850226000034, -7.537499217999937 ], [ 112.850701510000022, -7.538010801999974 ], [ 112.850600383000028, -7.538926894999975 ], [ 112.850885918000017, -7.539123199999949 ], [ 112.850647972000047, -7.540199905999941 ], [ 112.850546845000054, -7.539956010999958 ], [ 112.850481410000043, -7.539295710999966 ], [ 112.850398128000052, -7.53883766499996 ], [ 112.85044571800006, -7.538445053999965 ], [ 112.850469513, -7.537933468999938 ], [ 112.850707458000102, -7.537206543999957 ], [ 112.851092931000039, -7.536299969999959 ], [ 112.851328498000044, -7.535857389999933 ], [ 112.851542649000066, -7.535371979999979 ], [ 112.851899569000011, -7.534879431999968 ], [ 112.852299318000064, -7.534401159999959 ], [ 112.852813281000067, -7.534051378999948 ], [ 112.85351284300009, -7.533758704999968 ], [ 112.853976838000108, -7.533623075999969 ], [ 112.854854859000056, -7.533501723999962 ], [ 112.855653260000054, -7.533475329999931 ], [ 112.855448534000061, -7.533585004999964 ], [ 112.854913156000066, -7.533668285999966 ], [ 112.854264752000063, -7.533787258999951 ] ] ] } },
{ "type": "Feature", "properties": { "fid": 1083, "class_id": 3, "class_name": "Mangrove", "source": "BIG", "source_class": "Mangrove Sedang", "kode": "VALID", "alasan": "", "n_valid": 4, "n_nodata": 0, "status_v5": "ok" }, "geometry": { "type": "Polygon", "coordinates": [ [ [ 114.457414638000046, -7.810940523999932 ], [ 114.457396231000075, -7.810947427999963 ], [ 114.457338702000015, -7.81097503999996 ], [ 114.45730879100006, -7.810981942999945 ], [ 114.457271974000037, -7.81098424399994 ], [ 114.457232856000019, -7.81099114899996 ], [ 114.45721444600008, -7.81099575099995 ], [ 114.457191437, -7.811002653999935 ], [ 114.457170727000062, -7.811011856999926 ], [ 114.457152319000102, -7.811025663999942 ], [ 114.457131608000054, -7.811053276999928 ], [ 114.457127006000064, -7.81106017999997 ], [ 114.457115501000089, -7.811080888999982 ], [ 114.457085587000051, -7.811113103999958 ], [ 114.457080985000061, -7.811122307999938 ], [ 114.457053372000018, -7.811156823999966 ], [ 114.457044700000097, -7.811158681999927 ], [ 114.457057506000069, -7.811094648999926 ], [ 114.457093199000042, -7.811008987999969 ], [ 114.457171720000019, -7.810919758999944 ], [ 114.457260950000091, -7.81086978999997 ], [ 114.457328765000057, -7.810862650999979 ], [ 114.457430226000042, -7.810915017999946 ], [ 114.457414638000046, -7.810940523999932 ] ] ] } },
{ "type": "Feature", "properties": { "fid": 1099, "class_id": 3, "class_name": "Mangrove", "source": "BIG", "source_class": "Mangrove Lebat", "kode": "VALID", "alasan": "", "n_valid": 12243, "n_nodata": 0, "status_v5": "ok" }, "geometry": { "type": "Polygon", "coordinates": [ [ [ 114.267254533000028, -8.589404056999967 ], [ 114.267675736000115, -8.589797590999979 ], [ 114.268036199000107, -8.589914962999956 ], [ 114.267983020000088, -8.590063862999955 ], [ 114.26806035300001, -8.590153092999969 ], [ 114.268173378000029, -8.590164989999948 ], [ 114.26826638700004, -8.589989914999933 ], [ 114.268622877000098, -8.590105992999952 ], [ 114.269265460000042, -8.590281281999978 ], [ 114.270168144000081, -8.590585955999927 ], [ 114.270717608000041, -8.590843422999967 ], [ 114.27146081, -8.590823217999969 ], [ 114.272067795000112, -8.59120593199998 ], [ 114.272803672, -8.591386892999935 ], [ 114.273573052000074, -8.591822384999944 ], [ 114.273863604000098, -8.591933273999928 ], [ 114.274062787000048, -8.592009290999954 ], [ 114.274122030000058, -8.592062609999971 ], [ 114.27427074600007, -8.592169685999977 ], [ 114.27437119700005, -8.592126994999944 ], [ 114.274398425000072, -8.592137385999933 ], [ 114.274413069000047, -8.592109198999935 ], [ 114.27450869300003, -8.592068558999927 ], [ 114.274574127000051, -8.59193173999995 ], [ 114.274570966000056, -8.591805275999945 ], [ 114.274658281000029, -8.591637208999941 ], [ 114.274804065000012, -8.591694738999934 ], [ 114.274806125000055, -8.591699741999946 ], [ 114.274824151000075, -8.591702664999957 ], [ 114.275472450000052, -8.591958498999929 ], [ 114.27592104200005, -8.592079767999962 ], [ 114.276067239000099, -8.592175634999933 ], [ 114.276477696000029, -8.592258915999935 ], [ 114.276494832000026, -8.592264790999934 ], [ 114.276781715000084, -8.592666642999973 ], [ 114.277449820000015, -8.592976697999973 ], [ 114.277483019000101, -8.593085778999978 ], [ 114.277477070000032, -8.593175007999946 ], [ 114.27757224800007, -8.59331182699998 ], [ 114.277661478000027, -8.593389159999958 ], [ 114.277704420000077, -8.593418681999935 ], [ 114.277791146000027, -8.59360675299996 ], [ 114.278304243000093, -8.593943334999949 ], [ 114.27910152600009, -8.594452959999956 ], [ 114.280042410000078, -8.595008222999979 ], [ 114.280787926000016, -8.595411213999967 ], [ 114.281522655000117, -8.595754442999976 ], [ 114.28198429400004, -8.596250002999966 ], [ 114.282278531000088, -8.596575408999968 ], [ 114.282788989000096, -8.597053132999974 ], [ 114.283164075000059, -8.597403688999975 ], [ 114.283743341000104, -8.598065657999939 ], [ 114.284239606000028, -8.598146028999963 ], [ 114.284735985000111, -8.598205865999944 ], [ 114.284848817000011, -8.598753421999959 ], [ 114.283990083000049, -8.599038862999976 ], [ 114.283529205000036, -8.599192056999925 ], [ 114.283229087000109, -8.599291813999969 ], [ 114.283607388000064, -8.599801321999962 ], [ 114.283750059000113, -8.600163747999943 ], [ 114.284364249000078, -8.600583615999938 ], [ 114.284874814000091, -8.601338052999949 ], [ 114.285436616000084, -8.602168197999958 ], [ 114.285744193000028, -8.602314913999976 ], [ 114.285833232000073, -8.602550290999943 ], [ 114.286286966000034, -8.60310007399994 ], [ 114.286511526000027, -8.603426827999954 ], [ 114.286819430000037, -8.603555559999961 ], [ 114.287298623000083, -8.603829997999981 ], [ 114.287922197000057, -8.604250126999943 ], [ 114.288382779000017, -8.604596757999957 ], [ 114.288625540000112, -8.604960224999957 ], [ 114.28913159800004, -8.605289069999969 ], [ 114.289475738000078, -8.605399906999935 ], [ 114.290091751000091, -8.605584954999927 ], [ 114.290208844000063, -8.605712253999968 ], [ 114.290568567000037, -8.606039086999942 ], [ 114.290975268000011, -8.606294937999962 ], [ 114.291884786000082, -8.606558685999971 ], [ 114.293096605000073, -8.606752698999969 ], [ 114.293594584000061, -8.606991292999965 ], [ 114.294343058000095, -8.606916806999948 ], [ 114.294350742, -8.606916041999966 ], [ 114.294499855000026, -8.606972737999968 ], [ 114.294810915000085, -8.607099117999951 ], [ 114.29535300200007, -8.607464328999981 ], [ 114.295491574000039, -8.607522361999941 ], [ 114.29607704600005, -8.607767556999931 ], [ 114.296513538000113, -8.608151355999951 ], [ 114.296636598000077, -8.608259558999976 ], [ 114.297161117000087, -8.608525199999974 ], [ 114.298138412000071, -8.608974806999981 ], [ 114.299163184, -8.609208018999936 ], [ 114.300177951000023, -8.609486195999978 ], [ 114.301219621000087, -8.609818785999948 ], [ 114.302283099000078, -8.609744874999933 ], [ 114.303302189000078, -8.609694637999951 ], [ 114.304208916000107, -8.609649937999961 ], [ 114.304921964000073, -8.608977134999975 ], [ 114.305785544000059, -8.607877752999968 ], [ 114.306115931000022, -8.607329446999927 ], [ 114.306428336000067, -8.606861151999965 ], [ 114.306677687000047, -8.606293173999973 ], [ 114.306924743000081, -8.606005883999956 ], [ 114.307428725000022, -8.605471111999975 ], [ 114.308049535, -8.604812371999969 ], [ 114.308677882000097, -8.604617813999937 ], [ 114.309081470000024, -8.604051218999928 ], [ 114.309386410000116, -8.603720481999972 ], [ 114.30960294700003, -8.603485623999973 ], [ 114.310203555000044, -8.603354180999929 ], [ 114.310403815000086, -8.603310353999973 ], [ 114.311139401000105, -8.603243236999958 ], [ 114.31148622, -8.603082693999966 ], [ 114.312059513, -8.602896942999962 ], [ 114.312659760000088, -8.60282878199996 ], [ 114.31311560000006, -8.602524915999936 ], [ 114.313613321000048, -8.602745226999957 ], [ 114.31392039900004, -8.60299144499993 ], [ 114.314283769000099, -8.603003024999964 ], [ 114.314982454000074, -8.603188859999932 ], [ 114.315500945000053, -8.603083995999953 ], [ 114.315833644, -8.603519848999952 ], [ 114.316484770000102, -8.603867701999945 ], [ 114.31710087600004, -8.604179687999931 ], [ 114.317535773000031, -8.604254949999927 ], [ 114.317723808000096, -8.604626723999957 ], [ 114.318247419000045, -8.605036929999926 ], [ 114.318671743000095, -8.605374208999933 ], [ 114.318978220000076, -8.605665344999977 ], [ 114.319284400000015, -8.606001661999926 ], [ 114.319316249000053, -8.606634160999931 ], [ 114.319394510000052, -8.60712257199998 ], [ 114.319501349, -8.607412283999963 ], [ 114.319680438000091, -8.60775676999998 ], [ 114.31997835300001, -8.607939319999957 ], [ 114.320502789000102, -8.608250219999945 ], [ 114.320657223000012, -8.608269395999969 ], [ 114.321007108000117, -8.60843308099993 ], [ 114.321493953000072, -8.608888065999963 ], [ 114.322227908000059, -8.609082914999931 ], [ 114.32275302000005, -8.609303466999961 ], [ 114.323571017000063, -8.609137542999974 ], [ 114.324236345000031, -8.608789714999943 ], [ 114.324838213000021, -8.608405392999941 ], [ 114.325341209000044, -8.60788482199996 ], [ 114.325778446000072, -8.607671030999938 ], [ 114.326352384000074, -8.607457986999975 ], [ 114.32674372300005, -8.607316154999978 ], [ 114.327190261000055, -8.607084305999933 ], [ 114.327425461000075, -8.606942812999932 ], [ 114.327709787000117, -8.606771765999952 ], [ 114.328310473000101, -8.606568100999937 ], [ 114.328592108000066, -8.606654326999944 ], [ 114.329035406000116, -8.606790049999972 ], [ 114.329634822000116, -8.606740011999932 ], [ 114.330168014000037, -8.607077982999954 ], [ 114.330602996000039, -8.607252849999952 ], [ 114.330928418000099, -8.607490216999963 ], [ 114.331254731000058, -8.607573817999935 ], [ 114.331635412000082, -8.60765777499995 ], [ 114.332150200000115, -8.608095363999951 ], [ 114.332410719000109, -8.608485659999928 ], [ 114.33255525900006, -8.608558845999937 ], [ 114.332796385000051, -8.609129764999977 ], [ 114.333020551000118, -8.609565505999967 ], [ 114.33343457, -8.610074324999971 ], [ 114.333413460000088, -8.61049064499997 ], [ 114.333356027000036, -8.610914827999977 ], [ 114.333225994000031, -8.61132079999993 ], [ 114.33306003000007, -8.611690012999929 ], [ 114.332656823000093, -8.612229294999963 ], [ 114.332599550000054, -8.612617958999977 ], [ 114.332479730000045, -8.612870184999963 ], [ 114.332395138000038, -8.61328508899993 ], [ 114.332387071000085, -8.613368786999956 ], [ 114.332129126000041, -8.613359428999956 ], [ 114.332018480000102, -8.613355415999933 ], [ 114.332324340000014, -8.612505749999968 ], [ 114.332495662000042, -8.610992411999973 ], [ 114.332509938000044, -8.610092975999976 ], [ 114.332338616000015, -8.609407690999944 ], [ 114.331838930000117, -8.608693852999977 ], [ 114.330882387000088, -8.60795146199996 ], [ 114.329768799000021, -8.607380389999946 ], [ 114.329083515000093, -8.607223345999955 ], [ 114.327841436000085, -8.607323282999971 ], [ 114.326856339000074, -8.607637372999932 ], [ 114.326228161000017, -8.607951460999971 ], [ 114.325100296000073, -8.608765236999943 ], [ 114.324814761000084, -8.609036494999941 ], [ 114.32398670900011, -8.609493351999959 ], [ 114.32331570100007, -8.609621842999957 ], [ 114.321688149000011, -8.609479074999967 ], [ 114.320660222000015, -8.609079325999971 ], [ 114.31991783, -8.608593914999972 ], [ 114.319004117000077, -8.60779441699998 ], [ 114.318333109000037, -8.60728045299993 ], [ 114.318190342000094, -8.607109131999948 ], [ 114.318789966000054, -8.606580890999965 ], [ 114.318276002000061, -8.606124034999937 ], [ 114.317719208000085, -8.605481579999946 ], [ 114.316876880000109, -8.604839125999945 ], [ 114.316134488000102, -8.604425099999958 ], [ 114.31506373000002, -8.60396824299994 ], [ 114.313935865000076, -8.603625600999976 ], [ 114.313279134000027, -8.603454279999937 ], [ 114.312979323000036, -8.603268681999964 ], [ 114.312665233000075, -8.603582770999935 ], [ 114.312279760000024, -8.603725537999935 ], [ 114.311780074000012, -8.603782645999956 ], [ 114.311280387000011, -8.603839752999932 ], [ 114.310523718000013, -8.60401107399997 ], [ 114.30976705, -8.604210948999935 ], [ 114.30922453300002, -8.604553589999966 ], [ 114.308582079000075, -8.605024723999975 ], [ 114.307911071000035, -8.605610071999934 ], [ 114.307439937000026, -8.606281079999974 ], [ 114.306925973000034, -8.607123408999939 ], [ 114.306454840000015, -8.607951460999971 ], [ 114.306169305000026, -8.60853680799994 ], [ 114.30596943, -8.608936557999925 ], [ 114.305569681000065, -8.609479074999967 ], [ 114.304955779000011, -8.609978761999969 ], [ 114.304156281000019, -8.610349957999972 ], [ 114.302657220000015, -8.610507001999963 ], [ 114.301443696000092, -8.61047844899997 ], [ 114.299502055000062, -8.61013580599996 ], [ 114.298345637000011, -8.609764609999957 ], [ 114.297460477000072, -8.609450521999975 ], [ 114.296718086000055, -8.608979387999966 ], [ 114.295947140000067, -8.608522530999949 ], [ 114.295361793000097, -8.608194165999976 ], [ 114.294676508000066, -8.607837246999964 ], [ 114.294105437000098, -8.607623095999941 ], [ 114.293477260000031, -8.607480327999951 ], [ 114.292749144000027, -8.607380390999936 ], [ 114.292249458000015, -8.607351836999953 ], [ 114.291906815000061, -8.60713768599993 ], [ 114.291764048, -8.607337559999962 ], [ 114.291350021000085, -8.607366113999944 ], [ 114.290636183000061, -8.60698064099995 ], [ 114.289708194000013, -8.606538060999981 ], [ 114.288980078, -8.606209695999951 ], [ 114.288137749000043, -8.605610070999944 ], [ 114.287095545000057, -8.604910509999968 ], [ 114.286395983000034, -8.60429660899996 ], [ 114.285182459000112, -8.60304025399995 ], [ 114.284454343000107, -8.602169370999945 ], [ 114.284288178000111, -8.60192230399997 ], [ 114.284115667000037, -8.601755740999977 ], [ 114.283830132000048, -8.601612972999931 ], [ 114.283633826000028, -8.601327437999942 ], [ 114.283586237, -8.601190618999965 ], [ 114.283556494000095, -8.60113708199998 ], [ 114.283324496000091, -8.601077594999936 ], [ 114.283056807000094, -8.600887237999927 ], [ 114.282961629000056, -8.600720674999934 ], [ 114.282866450000029, -8.60065524099997 ], [ 114.282616607000023, -8.600589805999959 ], [ 114.282509531000073, -8.600435140999934 ], [ 114.282533326000021, -8.600286423999933 ], [ 114.282658248000075, -8.600167450999948 ], [ 114.282795066000062, -8.599983042999952 ], [ 114.282693939000069, -8.599959247999948 ], [ 114.282426250000071, -8.600090117999969 ], [ 114.282325122000088, -8.600149604999956 ], [ 114.282069330000013, -8.600102015999937 ], [ 114.281783796000013, -8.59996519699996 ], [ 114.281212724000056, -8.59959637999998 ], [ 114.28089744600004, -8.599263255999972 ], [ 114.280237146000104, -8.598793311999941 ], [ 114.279701767, -8.598460186999944 ], [ 114.278000452000015, -8.597008716999937 ], [ 114.277328255000043, -8.596497132999957 ], [ 114.276370521000104, -8.595801139999935 ], [ 114.275055869000084, -8.595063506999963 ], [ 114.2741695200001, -8.594557871999939 ], [ 114.273669834000088, -8.594349668999939 ], [ 114.273170146000098, -8.594117671999982 ], [ 114.27259312700005, -8.593951108999931 ], [ 114.270862069000032, -8.593362192999962 ], [ 114.270088744000077, -8.593124245999945 ], [ 114.268780041000014, -8.592838710999956 ], [ 114.267084675000092, -8.592392562999976 ], [ 114.266495758000019, -8.592202205999968 ], [ 114.26566294700001, -8.591880977999949 ], [ 114.265228696, -8.591666825999937 ], [ 114.265056184000059, -8.591500264999979 ], [ 114.264919366000072, -8.591541904999929 ], [ 114.264745376000064, -8.591478635999977 ], [ 114.264717210000072, -8.591319028999976 ], [ 114.264812389000099, -8.591009698999926 ], [ 114.264955157000031, -8.590866931999926 ], [ 114.265068180000071, -8.590682522999941 ], [ 114.265288281000039, -8.590254219999963 ], [ 114.265431048000096, -8.589903248999974 ], [ 114.265615457000081, -8.589427357999966 ], [ 114.265740379000022, -8.589094232999969 ], [ 114.265793916, -8.588975258999938 ], [ 114.266031862000091, -8.589076386999977 ], [ 114.266251962000069, -8.589260794999973 ], [ 114.266513703000101, -8.589284588999931 ], [ 114.266668369000058, -8.589237000999958 ], [ 114.266787341000054, -8.589314332999948 ], [ 114.266769496000052, -8.589385715999981 ], [ 114.266953904000047, -8.589468997999973 ], [ 114.267037185000049, -8.589344075999975 ], [ 114.267117763000101, -8.589340412999945 ], [ 114.267254533000028, -8.589404056999967 ] ] ] } },
{ "type": "Feature", "properties": { "fid": 1112, "class_id": 3, "class_name": "Mangrove", "source": "BIG", "source_class": "Mangrove Sedang", "kode": "VALID", "alasan": "", "n_valid": 33, "n_nodata": 0, "status_v5": "ok" }, "geometry": { "type": "Polygon", "coordinates": [ [ [ 112.615208181000071, -7.201901964999934 ], [ 112.615017824, -7.201664018999963 ], [ 112.614713253000104, -7.201349929999935 ], [ 112.614380128000107, -7.201045358999977 ], [ 112.614475307000021, -7.200978733999932 ], [ 112.614827467000055, -7.201054876999933 ], [ 112.615122520000114, -7.201121501999978 ], [ 112.61513203800007, -7.201635464999981 ], [ 112.615284324000072, -7.201882928999964 ], [ 112.615208181000071, -7.201901964999934 ] ] ] } },
{ "type": "Feature", "properties": { "fid": 1118, "class_id": 3, "class_name": "Mangrove", "source": "BIG", "source_class": "Mangrove Sedang", "kode": "VALID", "alasan": "", "n_valid": 1456, "n_nodata": 0, "status_v5": "ok" }, "geometry": { "type": "Polygon", "coordinates": [ [ [ 112.835856379, -7.554883254999936 ], [ 112.835637724000094, -7.555544550999969 ], [ 112.835599629000058, -7.555605874999969 ], [ 112.835437032000073, -7.555823991999944 ], [ 112.835195120000094, -7.556125389999977 ], [ 112.83502855800009, -7.556327644999953 ], [ 112.834897688000069, -7.556529898999941 ], [ 112.834778715000084, -7.55675198199998 ], [ 112.83471922800004, -7.556958201999976 ], [ 112.834659742000099, -7.557144592999975 ], [ 112.834612152000091, -7.55736270999995 ], [ 112.834639913000046, -7.557539186999975 ], [ 112.834612152000091, -7.557824721999964 ], [ 112.834628015000021, -7.558090428999947 ], [ 112.834604221000063, -7.558272853999938 ], [ 112.834612152000091, -7.558566320999944 ], [ 112.834663707000118, -7.558883581999964 ], [ 112.834699399000101, -7.559182997999926 ], [ 112.834739057000093, -7.559484395999959 ], [ 112.834834235000017, -7.559738204999974 ], [ 112.834814194000046, -7.559897418999981 ], [ 112.83488503600006, -7.560271311999941 ], [ 112.833543021000082, -7.560542570999928 ], [ 112.833524532000069, -7.56045705899993 ], [ 112.833521432000111, -7.560442723999927 ], [ 112.83350494900003, -7.560366489999979 ], [ 112.834247341000037, -7.560104749999937 ], [ 112.834047466000015, -7.558229733999951 ], [ 112.833880904000011, -7.558248769999977 ], [ 112.833847592000097, -7.558101243999943 ], [ 112.834304448000012, -7.558053653999934 ], [ 112.834271136000098, -7.557739564999963 ], [ 112.834290171000021, -7.557539689999942 ], [ 112.834294930000056, -7.55736836899996 ], [ 112.83429968900009, -7.55722560199996 ], [ 112.834394867000015, -7.556816334999951 ], [ 112.834609020000016, -7.556497486999945 ], [ 112.834756546000108, -7.556026352999936 ], [ 112.834689921000063, -7.555993040999965 ], [ 112.834328243000073, -7.555945451999946 ], [ 112.833861868000099, -7.555945451999946 ], [ 112.833048093000116, -7.555997798999954 ], [ 112.83254364700008, -7.556045388999962 ], [ 112.832415156000025, -7.55605014799994 ], [ 112.832191487000046, -7.556059665999953 ], [ 112.832005889000015, -7.556131049999976 ], [ 112.831744148000098, -7.556150084999956 ], [ 112.831401505000031, -7.556178638999938 ], [ 112.830954167000073, -7.556097736999959 ], [ 112.830606766000074, -7.55611201399995 ], [ 112.830073766000055, -7.556040629999927 ], [ 112.829930999000112, -7.556154843999934 ], [ 112.8301403910001, -7.556545075999964 ], [ 112.830411650000087, -7.557059038999967 ], [ 112.830559177000055, -7.55704000399993 ], [ 112.830697185000076, -7.557059039999956 ], [ 112.830892301000063, -7.55710186999994 ], [ 112.831063622000102, -7.557211324999969 ], [ 112.831206390000034, -7.557187530999954 ], [ 112.831544274000066, -7.55710186999994 ], [ 112.831863122000073, -7.557011449999948 ], [ 112.832139138000116, -7.556873440999937 ], [ 112.832377085000076, -7.556721155999981 ], [ 112.832634066000082, -7.556583146999969 ], [ 112.832852977000016, -7.556421343999943 ], [ 112.833010021000064, -7.556269057999941 ], [ 112.833324110000035, -7.556430860999967 ], [ 112.832962432000045, -7.556625977999943 ], [ 112.832686415000012, -7.556768744999943 ], [ 112.832515093000097, -7.556897235999941 ], [ 112.832300942000074, -7.557011449999948 ], [ 112.832158174000028, -7.557135182999957 ], [ 112.832005889000015, -7.557316020999963 ], [ 112.831910711000091, -7.557587278999961 ], [ 112.83183456800009, -7.557829984999955 ], [ 112.83183456800009, -7.558096484999965 ], [ 112.832039201000043, -7.558591411999942 ], [ 112.831767942000056, -7.558667554999943 ], [ 112.831739389000063, -7.558462920999943 ], [ 112.831620416000078, -7.558315393999976 ], [ 112.831506202000014, -7.558244010999942 ], [ 112.831387229000029, -7.558186903999967 ], [ 112.831187355000111, -7.558058412999969 ], [ 112.831111211, -7.557920403999958 ], [ 112.831030310000074, -7.557730047999939 ], [ 112.830968444000064, -7.557549207999955 ], [ 112.830954167000073, -7.557415957999979 ], [ 112.830854230000114, -7.557258913999931 ], [ 112.830530623000072, -7.55728746799997 ], [ 112.829783472000031, -7.557439752999926 ], [ 112.829754919000038, -7.557335056999932 ], [ 112.829664499000046, -7.55694482499996 ], [ 112.829397999000093, -7.556307129999936 ], [ 112.82857470600004, -7.556564110999943 ], [ 112.828179716000022, -7.556825851999974 ], [ 112.827627681000081, -7.557135181999968 ], [ 112.826947155000084, -7.557577761999937 ], [ 112.826442709000048, -7.557896608999954 ], [ 112.826219040000069, -7.558034617999965 ], [ 112.825805014000025, -7.55827732399996 ], [ 112.825586103000091, -7.557906127999956 ], [ 112.825643210000067, -7.557815707999964 ], [ 112.825909710000019, -7.557606315999976 ], [ 112.826423673000022, -7.557339815999967 ], [ 112.827028057, -7.557011449999948 ], [ 112.827384975000086, -7.556840128999966 ], [ 112.827979841000115, -7.556464173999927 ], [ 112.828246341000067, -7.556302370999958 ], [ 112.82876030400007, -7.55611201399995 ], [ 112.829117223000026, -7.555950209999935 ], [ 112.829555044000017, -7.55589310299996 ], [ 112.829683535000072, -7.55587406799998 ], [ 112.829902445000016, -7.555774130999964 ], [ 112.829873892000023, -7.555526665999935 ], [ 112.829973829000096, -7.555488594999929 ], [ 112.830321230000095, -7.555479076999973 ], [ 112.830920854000055, -7.555645639999966 ], [ 112.831301568000072, -7.555816960999948 ], [ 112.831644211000025, -7.555850273999965 ], [ 112.831891675000065, -7.555816960999948 ], [ 112.832191487000046, -7.555755094999938 ], [ 112.832280954000112, -7.55574319699997 ], [ 112.83261883800003, -7.555705125999964 ], [ 112.8330519000001, -7.555643259999954 ], [ 112.833565864000093, -7.555605188999948 ], [ 112.833879953000064, -7.555581393999944 ], [ 112.834146452000027, -7.555510009999978 ], [ 112.834327291000022, -7.555500492999954 ], [ 112.83459854900002, -7.555576635999955 ], [ 112.83478414800004, -7.555609946999937 ], [ 112.834893603000069, -7.555543322999938 ], [ 112.83496974600007, -7.55547669799995 ], [ 112.835050647000116, -7.55531965299997 ], [ 112.835069683000029, -7.555143572999953 ], [ 112.835079200000109, -7.555043635999937 ], [ 112.835041129000047, -7.554953216999934 ], [ 112.835012575000064, -7.55478665399994 ], [ 112.835069682000039, -7.554686716999981 ], [ 112.835041129000047, -7.554529671999944 ], [ 112.834370121, -7.554386903999955 ], [ 112.834194041000046, -7.554496359999973 ], [ 112.833780014000013, -7.554620091999936 ], [ 112.833066176000102, -7.554681957999946 ], [ 112.832642632000102, -7.554715269999974 ], [ 112.832623597000065, -7.554582019999941 ], [ 112.8326283560001, -7.554220341999951 ], [ 112.8326283560001, -7.553768244999958 ], [ 112.832611041000064, -7.553391660999978 ], [ 112.832503223000117, -7.553350806999958 ], [ 112.832334281000044, -7.553298458999961 ], [ 112.832101094000109, -7.553202089999957 ], [ 112.832003536000116, -7.553173536999964 ], [ 112.831746554, -7.55306884099997 ], [ 112.83156809500008, -7.552978420999978 ], [ 112.831499090000079, -7.552921313999946 ], [ 112.831401532000086, -7.552921313999946 ], [ 112.831280180000022, -7.552892759999963 ], [ 112.831080305000114, -7.552878483999962 ], [ 112.830844739000099, -7.552890380999941 ], [ 112.830692453000097, -7.552926072999981 ], [ 112.830523511000024, -7.552966523999942 ], [ 112.830368846000056, -7.552999835999969 ], [ 112.830245114000036, -7.55300697499996 ], [ 112.830311739000081, -7.552957005999929 ], [ 112.830343965000111, -7.552889174999962 ], [ 112.830378364000012, -7.552816617999952 ], [ 112.830440230000022, -7.55271430099998 ], [ 112.830521132000058, -7.552633398999944 ], [ 112.830599654000025, -7.552588188999948 ], [ 112.83071862700001, -7.552581050999947 ], [ 112.830882810000048, -7.55258342999997 ], [ 112.83108982300007, -7.55261674299993 ], [ 112.831244488000038, -7.552690505999976 ], [ 112.831370599000024, -7.552752371999929 ], [ 112.831496711000113, -7.552816617999952 ], [ 112.831608546000098, -7.552830893999953 ], [ 112.831701344000066, -7.55279520299996 ], [ 112.831803661000095, -7.55271430099998 ], [ 112.83186076800007, -7.552683367999975 ], [ 112.831958326000063, -7.552709541999945 ], [ 112.832070161000047, -7.552838032999944 ], [ 112.832205790000103, -7.552966523999942 ], [ 112.832362808000084, -7.553071062999948 ], [ 112.83253412900001, -7.553175758999942 ], [ 112.832734003000041, -7.553328043999954 ], [ 112.833024298000055, -7.553651650999939 ], [ 112.833186101000024, -7.553742070999931 ], [ 112.833405012000071, -7.55385152599996 ], [ 112.833661994000067, -7.553937186999974 ], [ 112.833976083000039, -7.554032364999955 ], [ 112.834337761000029, -7.554084712999952 ], [ 112.835046840000018, -7.55421320399995 ], [ 112.835432313000069, -7.554327417999957 ], [ 112.835809140000038, -7.554494420999958 ], [ 112.835856379, -7.554883254999936 ] ] ] } },
{ "type": "Feature", "properties": { "fid": 1122, "class_id": 3, "class_name": "Mangrove", "source": "BIG", "source_class": "Mangrove Sedang", "kode": "VALID", "alasan": "", "n_valid": 28, "n_nodata": 0, "status_v5": "ok" }, "geometry": { "type": "Polygon", "coordinates": [ [ [ 112.791491044000054, -6.980331331999935 ], [ 112.791487938000046, -6.980227320999973 ], [ 112.791590911000071, -6.98029596899994 ], [ 112.791666667000072, -6.980300726999928 ], [ 112.791666667000072, -6.980229342999962 ], [ 112.791747954000016, -6.980196031999981 ], [ 112.791843133000043, -6.980281691999949 ], [ 112.792047767000099, -6.98048156599998 ], [ 112.792095356, -6.980567226999938 ], [ 112.792147704000058, -6.980629092999948 ], [ 112.79211439200003, -6.980652886999962 ], [ 112.792023972000038, -6.980724270999929 ], [ 112.791914517, -6.980738547999977 ], [ 112.791724160000058, -6.980638610999961 ], [ 112.791600428000038, -6.980538673999945 ], [ 112.791486214000088, -6.980448253999953 ], [ 112.791453889000081, -6.980390788999955 ], [ 112.791491044000054, -6.980331331999935 ] ] ] } },
{ "type": "Feature", "properties": { "fid": 1123, "class_id": 3, "class_name": "Mangrove", "source": "BIG", "source_class": "Mangrove Sedang", "kode": "VALID", "alasan": "", "n_valid": 54, "n_nodata": 0, "status_v5": "ok" }, "geometry": { "type": "Polygon", "coordinates": [ [ [ 112.711389723000025, -7.04131629799997 ], [ 112.711326271000075, -7.041681147999952 ], [ 112.711155743000063, -7.041966683999931 ], [ 112.711044701000105, -7.042073759999937 ], [ 112.711009009, -7.042172903999926 ], [ 112.710985215000051, -7.042264115999956 ], [ 112.711342134, -7.042359294999926 ], [ 112.711350065000033, -7.042402917999937 ], [ 112.71131437300005, -7.042632932999936 ], [ 112.711017075000086, -7.042647260999956 ], [ 112.711004482000021, -7.042642931999978 ], [ 112.710568799000043, -7.042572332999953 ], [ 112.710592603, -7.042389037999953 ], [ 112.710735371000055, -7.042333516999975 ], [ 112.710687782000036, -7.042190749999975 ], [ 112.710703645000081, -7.04212333199996 ], [ 112.710874173000093, -7.042012289999946 ], [ 112.711096256000019, -7.041841761999933 ], [ 112.711167640000099, -7.041655370999933 ], [ 112.711183503000029, -7.041556226999944 ], [ 112.711211263000109, -7.041502688999969 ], [ 112.71127075000004, -7.041332160999957 ], [ 112.711258853000118, -7.041145769999957 ], [ 112.711239024000065, -7.040991104999932 ], [ 112.711289355000076, -7.040803973999971 ], [ 112.711305718000062, -7.04095240099997 ], [ 112.711324070000046, -7.041118866999966 ], [ 112.711421178000023, -7.040993570999944 ], [ 112.711389723000025, -7.04131629799997 ] ] ] } },
{ "type": "Feature", "properties": { "fid": 1135, "class_id": 3, "class_name": "Mangrove", "source": "BIG", "source_class": "Mangrove Lebat", "kode": "VALID", "alasan": "", "n_valid": 26, "n_nodata": 0, "status_v5": "ok" }, "geometry": { "type": "Polygon", "coordinates": [ [ [ 112.645384073000059, -7.024601865999955 ], [ 112.645317523000017, -7.024526378999951 ], [ 112.645155901000066, -7.024601865999955 ], [ 112.644984771000054, -7.024705659999938 ], [ 112.644870685000114, -7.02479058299997 ], [ 112.644870685000114, -7.025026477999972 ], [ 112.644946742000116, -7.025111399999957 ], [ 112.645155901000066, -7.025196322999932 ], [ 112.645227669000064, -7.02523787299998 ], [ 112.645212812000068, -7.025237907999951 ], [ 112.645197330000087, -7.025233899999932 ], [ 112.645181057000059, -7.025225883999951 ], [ 112.645163184000012, -7.025216181999951 ], [ 112.645143143000041, -7.025207494999961 ], [ 112.645120884000107, -7.025200991999952 ], [ 112.645098521000023, -7.025197052999943 ], [ 112.645077259000118, -7.025194799999952 ], [ 112.645058217000042, -7.025193904999981 ], [ 112.645043096000109, -7.025194971999952 ], [ 112.64503250000007, -7.025199030999943 ], [ 112.64502553300008, -7.025206634999961 ], [ 112.645020510000109, -7.025216163999971 ], [ 112.645015642000089, -7.025226089999933 ], [ 112.645009707000099, -7.025234724999962 ], [ 112.645001777000061, -7.025241949999952 ], [ 112.644991903, -7.025247815999933 ], [ 112.644980980000014, -7.02525280499998 ], [ 112.644969506000052, -7.02525693299998 ], [ 112.644957533000024, -7.02526011599997 ], [ 112.644944563000081, -7.025261852999961 ], [ 112.644930509, -7.025261594999961 ], [ 112.644914924000091, -7.025259014999961 ], [ 112.64489823800011, -7.025253956999961 ], [ 112.644881122000015, -7.025247299999933 ], [ 112.644864246000111, -7.025239902999942 ], [ 112.644847027000083, -7.025232849999952 ], [ 112.644829068000035, -7.025226519999933 ], [ 112.644811419, -7.025220808999961 ], [ 112.644795662000092, -7.025215131999971 ], [ 112.644783947000064, -7.025208457999952 ], [ 112.644776344000093, -7.025200045999952 ], [ 112.644773041, -7.025190223999971 ], [ 112.644774108000092, -7.025180005999971 ], [ 112.644779389000064, -7.025170268999943 ], [ 112.644787319000102, -7.025160085999971 ], [ 112.644794423, -7.025148972999943 ], [ 112.644797004000111, -7.025136501999953 ], [ 112.644793047, -7.025125147999972 ], [ 112.644782021000083, -7.025115927999934 ], [ 112.644766040000036, -7.025109494999981 ], [ 112.644747995000102, -7.025104591999934 ], [ 112.644732100000056, -7.025099448999981 ], [ 112.644719302000112, -7.025093341999934 ], [ 112.644709892000037, -7.025086150999925 ], [ 112.644703201000084, -7.025077979999935 ], [ 112.644701188000113, -7.025069224999982 ], [ 112.644704560000037, -7.025061139999934 ], [ 112.644713384000056, -7.025055238999926 ], [ 112.644725271000084, -7.025050989999954 ], [ 112.644738190000112, -7.025046362999944 ], [ 112.644750369, -7.025038208999945 ], [ 112.644760656000017, -7.025026511999954 ], [ 112.644769308000036, -7.025012474999926 ], [ 112.644777307000027, -7.024998471999936 ], [ 112.644785203000083, -7.024985381999954 ], [ 112.644792273, -7.024972634999926 ], [ 112.644796556000074, -7.024959440999964 ], [ 112.644796969000026, -7.024944457999936 ], [ 112.644793770000092, -7.024928201999955 ], [ 112.644788265000102, -7.024910775999956 ], [ 112.644782571000064, -7.024893487999975 ], [ 112.644777737000027, -7.024876216999928 ], [ 112.644774796000092, -7.024859272999947 ], [ 112.644773987, -7.024841666999976 ], [ 112.644775501000026, -7.024822761999928 ], [ 112.644778374000111, -7.024803065999947 ], [ 112.644782244000112, -7.024784658999977 ], [ 112.644786321000083, -7.024769589999948 ], [ 112.644791017000102, -7.024758408999958 ], [ 112.644795954000074, -7.024749790999977 ], [ 112.644800702000111, -7.024741739999968 ], [ 112.644804469000064, -7.024731719999977 ], [ 112.644806602000017, -7.024718370999949 ], [ 112.644807136000054, -7.024700945999939 ], [ 112.644806964000054, -7.02468121499993 ], [ 112.644807222000054, -7.024660743999959 ], [ 112.644808649000083, -7.024642028999949 ], [ 112.644811608000055, -7.02462649499995 ], [ 112.644815943000026, -7.024614866999968 ], [ 112.644821585000045, -7.024606729999959 ], [ 112.644828380000035, -7.02460210299995 ], [ 112.644836121000026, -7.024600880999969 ], [ 112.644844670000111, -7.024602652999931 ], [ 112.644853891000025, -7.024605921999978 ], [ 112.644863438000016, -7.024608570999931 ], [ 112.644873037000025, -7.02460879399996 ], [ 112.644882085000063, -7.024606110999969 ], [ 112.644890462000035, -7.02460125999994 ], [ 112.644898134000073, -7.024596236999969 ], [ 112.644905772000016, -7.02459283099995 ], [ 112.644913926000072, -7.024592090999931 ], [ 112.644923421000044, -7.024594086999969 ], [ 112.644934052000053, -7.024597990999951 ], [ 112.64494564600011, -7.024602343999959 ], [ 112.644957482000109, -7.024605060999932 ], [ 112.644969368000034, -7.024604665999959 ], [ 112.644981083000062, -7.024600192999969 ], [ 112.644991524000034, -7.024591815999941 ], [ 112.644998921000024, -7.02458053099997 ], [ 112.645001588000014, -7.02456826599996 ], [ 112.644999403000043, -7.024556654999969 ], [ 112.644993554000052, -7.024546333999979 ], [ 112.644985779000081, -7.024536957999942 ], [ 112.64497735000009, -7.024527101999979 ], [ 112.644969815000081, -7.024516109999979 ], [ 112.644964896000033, -7.02450393099997 ], [ 112.64496367400011, -7.024491252999951 ], [ 112.644965945000081, -7.02447790399998 ], [ 112.644969833, -7.024463384999933 ], [ 112.644972929, -7.02444724999998 ], [ 112.6449737370001, -7.024430202999952 ], [ 112.644972499, -7.024413636999952 ], [ 112.644971983, -7.024398515999962 ], [ 112.644974477, -7.024386147999962 ], [ 112.644981702000109, -7.024377873999981 ], [ 112.644992901000023, -7.024374725999962 ], [ 112.645007625000062, -7.024375671999962 ], [ 112.64502450100008, -7.024377426999934 ], [ 112.645042322000108, -7.024378389999981 ], [ 112.645060126000089, -7.024378561999981 ], [ 112.645076348000089, -7.024379765999981 ], [ 112.645091658000069, -7.024381743999925 ], [ 112.645105350000108, -7.024382793999962 ], [ 112.645117478000088, -7.024380556999972 ], [ 112.64512723100006, -7.024374604999934 ], [ 112.645135334000088, -7.024366003999944 ], [ 112.64514293700006, -7.024357970999972 ], [ 112.645151521000116, -7.024352156999953 ], [ 112.645161636000012, -7.024349868999934 ], [ 112.645173075000116, -7.024350625999944 ], [ 112.64518530600003, -7.024353463999944 ], [ 112.645197347000021, -7.024356302999934 ], [ 112.645209010000031, -7.024357695999981 ], [ 112.645220467000058, -7.024356508999972 ], [ 112.645232216000068, -7.024353429999962 ], [ 112.645244842000011, -7.024349885999925 ], [ 112.645258225000021, -7.024348733999943 ], [ 112.645272365000096, -7.024351193999962 ], [ 112.645286608000106, -7.024357471999963 ], [ 112.645299888000068, -7.024365453999962 ], [ 112.645311655000114, -7.024373194999953 ], [ 112.645322010000086, -7.024378802999934 ], [ 112.645332005000114, -7.024381176999952 ], [ 112.645342274000086, -7.024380212999972 ], [ 112.645352922000029, -7.024377082999933 ], [ 112.645363467000038, -7.024374192999971 ], [ 112.645373083000095, -7.024373263999962 ], [ 112.645380583000019, -7.024375361999944 ], [ 112.645383938, -7.024380453999981 ], [ 112.645382131000019, -7.024388297999963 ], [ 112.645376162000048, -7.024398137999981 ], [ 112.645368869000094, -7.024410110999952 ], [ 112.645363794000104, -7.024423716999934 ], [ 112.645363244, -7.024437925999962 ], [ 112.645367819000057, -7.024450896999952 ], [ 112.645376197000019, -7.024461182999971 ], [ 112.645386828000028, -7.024468700999932 ], [ 112.645398095000019, -7.024474772999952 ], [ 112.645409225000094, -7.024481464999951 ], [ 112.645418772000085, -7.024490632999971 ], [ 112.645426169000075, -7.02450343199996 ], [ 112.645430538000028, -7.024519429999941 ], [ 112.645431880000046, -7.024536596999951 ], [ 112.645430108000028, -7.02455295599998 ], [ 112.645426754000027, -7.024566820999951 ], [ 112.645424018000085, -7.02457884599994 ], [ 112.645425033000038, -7.02458852999996 ], [ 112.645430813000075, -7.024596236999969 ], [ 112.645440326000084, -7.02460184499995 ], [ 112.645450372000028, -7.02460724599996 ], [ 112.645458061000113, -7.02461421299995 ], [ 112.645462603000055, -7.02462417299995 ], [ 112.645465355000056, -7.02463576699995 ], [ 112.645469191000075, -7.02464787699995 ], [ 112.645475487000112, -7.024659608999968 ], [ 112.645484002000103, -7.024671753999939 ], [ 112.645488108000109, -7.024677585999939 ], [ 112.645384073000059, -7.024601865999955 ] ] ] } },
{ "type": "Feature", "properties": { "fid": 1144, "class_id": 3, "class_name": "Mangrove", "source": "BIG", "source_class": "Mangrove Jarang", "kode": "VALID", "alasan": "", "n_valid": 14, "n_nodata": 0, "status_v5": "ok" }, "geometry": { "type": "Polygon", "coordinates": [ [ [ 112.832632533000037, -7.426339875999929 ], [ 112.832475489000103, -7.426339875999929 ], [ 112.832366033000085, -7.426278009999976 ], [ 112.832366222000019, -7.426113240999939 ], [ 112.832750452000028, -7.426122612999961 ], [ 112.832947703000059, -7.426095405999945 ], [ 112.83295, -7.4261 ], [ 112.83286, -7.42621 ], [ 112.832813659000067, -7.426284144999954 ], [ 112.832632533000037, -7.426339875999929 ] ] ] } },
{ "type": "Feature", "properties": { "fid": 1146, "class_id": 3, "class_name": "Mangrove", "source": "BIG", "source_class": "Mangrove Sedang", "kode": "VALID", "alasan": "", "n_valid": 347, "n_nodata": 0, "status_v5": "ok" }, "geometry": { "type": "Polygon", "coordinates": [ [ [ 112.812866371000041, -7.570090681999943 ], [ 112.813069418000055, -7.570274692999931 ], [ 112.813500894000072, -7.570484085999965 ], [ 112.8139831310001, -7.570725204999974 ], [ 112.814478059000066, -7.570896525999956 ], [ 112.815055475, -7.571042465999938 ], [ 112.815137963000097, -7.571163024999976 ], [ 112.815099891000045, -7.57155642999993 ], [ 112.815118927000071, -7.571994249999932 ], [ 112.815302146000022, -7.572092601999941 ], [ 112.815464742000017, -7.57214812199993 ], [ 112.815595612000038, -7.572429691999957 ], [ 112.815651133000074, -7.572592287999953 ], [ 112.815492502000097, -7.572604185999978 ], [ 112.815417153000112, -7.57260815099994 ], [ 112.815310077000049, -7.57237020499997 ], [ 112.815187138000056, -7.572255197999937 ], [ 112.815060234000043, -7.572314684999981 ], [ 112.81502454200006, -7.572251231999928 ], [ 112.815008679000016, -7.572167950999926 ], [ 112.814941068000053, -7.572100208999927 ], [ 112.814820701000031, -7.572171916999935 ], [ 112.814744558000029, -7.571861000999945 ], [ 112.814630344000079, -7.571676988999968 ], [ 112.814427297000066, -7.571518357999935 ], [ 112.814217904000088, -7.571505667999929 ], [ 112.814014857000075, -7.571524703999955 ], [ 112.813602417000084, -7.571289929999978 ], [ 112.813158251, -7.571042465999938 ], [ 112.812866371000041, -7.570731549999948 ], [ 112.812663323000038, -7.57056657399994 ], [ 112.81267601400009, -7.570484085999965 ], [ 112.812555454000062, -7.570357180999963 ], [ 112.812333371000022, -7.57010971699998 ], [ 112.812212812000098, -7.569951086999936 ], [ 112.811984384000084, -7.569970121999972 ], [ 112.811914586000057, -7.56986859899996 ], [ 112.811901896000109, -7.569760729999928 ], [ 112.811819408000019, -7.569608443999925 ], [ 112.811711539000044, -7.569405396999969 ], [ 112.811749610000106, -7.56925945699993 ], [ 112.811889205000057, -7.569151587999954 ], [ 112.81218108600001, -7.568904123999971 ], [ 112.81245393100005, -7.568694730999937 ], [ 112.812422205000075, -7.569354634999968 ], [ 112.812460276000024, -7.569627479999951 ], [ 112.812593526000114, -7.569893979999961 ], [ 112.812866371000041, -7.570090681999943 ] ] ] } },
{ "type": "Feature", "properties": { "fid": 1147, "class_id": 3, "class_name": "Mangrove", "source": "BIG", "source_class": "Mangrove Sedang", "kode": "VALID", "alasan": "", "n_valid": 1, "n_nodata": 0, "status_v5": "ok" }, "geometry": { "type": "Polygon", "coordinates": [ [ [ 112.841490219000093, -7.331775018999963 ], [ 112.841495107000014, -7.33191678399993 ], [ 112.841476573000023, -7.331835784999953 ], [ 112.841441404000079, -7.331738299999927 ], [ 112.841438654266511, -7.331703192559905 ], [ 112.841470880203858, -7.331722528122314 ], [ 112.841490219000093, -7.331775018999963 ] ] ] } },
{ "type": "Feature", "properties": { "fid": 1172, "class_id": 3, "class_name": "Mangrove", "source": "BIG", "source_class": "Mangrove Sedang", "kode": "VALID", "alasan": "", "n_valid": 321, "n_nodata": 0, "status_v5": "ok" }, "geometry": { "type": "Polygon", "coordinates": [ [ [ 114.437471305000031, -7.78921134999996 ], [ 114.437521274, -7.789261318999934 ], [ 114.437699733000045, -7.789304148999975 ], [ 114.437747236000064, -7.789321566999945 ], [ 114.437811441, -7.789358007999965 ], [ 114.437821132000067, -7.789363508999941 ], [ 114.437846445000105, -7.789372712999977 ], [ 114.437851265000063, -7.789375725999946 ], [ 114.437864853000065, -7.789384217999952 ], [ 114.437892466000108, -7.789391120999937 ], [ 114.43793848700011, -7.789404927999954 ], [ 114.438000616000068, -7.789411830999939 ], [ 114.438025927000012, -7.789414131999933 ], [ 114.43806964700002, -7.789416432999928 ], [ 114.438092658000073, -7.789416432999928 ], [ 114.438120270000013, -7.789409529999944 ], [ 114.43815523100011, -7.789397875999953 ], [ 114.438161690000015, -7.789395722999927 ], [ 114.438207711000018, -7.789388820999932 ], [ 114.438249130000031, -7.789388820999932 ], [ 114.438256358000103, -7.789388016999965 ], [ 114.438290549000044, -7.789384217999952 ], [ 114.438348075000022, -7.789384217999952 ], [ 114.438384891000055, -7.789386518999947 ], [ 114.438447021000115, -7.789393421999932 ], [ 114.438520655000048, -7.789421034999975 ], [ 114.438546175000056, -7.789433795999969 ], [ 114.438548267000101, -7.789434841999935 ], [ 114.43858048200002, -7.789450948999956 ], [ 114.438603493000073, -7.789467055999978 ], [ 114.438654116000066, -7.789499271999944 ], [ 114.438684030000104, -7.789513076999981 ], [ 114.438707040000054, -7.78952688399994 ], [ 114.438723148, -7.789538388999972 ], [ 114.438750760000062, -7.789554495999937 ], [ 114.438782974000105, -7.789575205999938 ], [ 114.438819792000118, -7.789605119999976 ], [ 114.438842803000057, -7.789616624999951 ], [ 114.438852498000074, -7.789622164999969 ], [ 114.438873997000087, -7.78966106799993 ], [ 114.43890612000007, -7.789803836999965 ], [ 114.438948951000043, -7.789868081999941 ], [ 114.439170240000067, -7.790021556999932 ], [ 114.439298731, -7.790132200999949 ], [ 114.439434361000053, -7.790253553999946 ], [ 114.439505745000019, -7.790299953999977 ], [ 114.439616390000083, -7.79033207699996 ], [ 114.439624374, -7.790335070999959 ], [ 114.439650474000018, -7.79035986599996 ], [ 114.439678645000072, -7.790393454999958 ], [ 114.439644942000086, -7.790435582999976 ], [ 114.439741311000034, -7.790514105999932 ], [ 114.43988051000008, -7.79063545799994 ], [ 114.440005431000031, -7.790724687999955 ], [ 114.440092634000052, -7.790720631999932 ], [ 114.440133696000089, -7.790764852999928 ], [ 114.440221136000105, -7.790808572999936 ], [ 114.440271759000098, -7.790852293999933 ], [ 114.440396016000022, -7.79095584099997 ], [ 114.440418227, -7.790972718999967 ], [ 114.440453542000114, -7.790999559999932 ], [ 114.440522574000056, -7.79103867799995 ], [ 114.440561693000063, -7.79105938899994 ], [ 114.440582402000018, -7.791075494999973 ], [ 114.440587209000114, -7.791080301999955 ], [ 114.440587209000114, -7.791135144999942 ], [ 114.440704993000054, -7.791270773999941 ], [ 114.440837053000109, -7.791420679999931 ], [ 114.440983661000018, -7.79141045199998 ], [ 114.440997136000078, -7.791419883999936 ], [ 114.441033358000027, -7.791474217999962 ], [ 114.44113686500009, -7.791620554999952 ], [ 114.441293909000024, -7.791731199999958 ], [ 114.441236802000049, -7.791831136999974 ], [ 114.441315325, -7.791888243999949 ], [ 114.441447384000071, -7.79208811899997 ], [ 114.441340309000111, -7.792116672999953 ], [ 114.44115320800006, -7.792225813999949 ], [ 114.441115449000108, -7.792188055999929 ], [ 114.441033359000016, -7.792141656999945 ], [ 114.440944128000069, -7.792084548999981 ], [ 114.440922713000077, -7.79204885799993 ], [ 114.440779945000031, -7.79189538299994 ], [ 114.440680009000062, -7.791806151999936 ], [ 114.440590779000104, -7.791624123999952 ], [ 114.440487272000041, -7.791474217999962 ], [ 114.440380196000092, -7.791384987999947 ], [ 114.440240998000036, -7.791217235999966 ], [ 114.440201737000052, -7.791092313999968 ], [ 114.440123214000096, -7.790981669999951 ], [ 114.439962601000047, -7.790920992999929 ], [ 114.439837679000107, -7.790849608999963 ], [ 114.439630666000085, -7.790756809999948 ], [ 114.439370115000088, -7.790649734999931 ], [ 114.439280885000016, -7.790567642999974 ], [ 114.439134548000084, -7.790471274999959 ], [ 114.439052457000116, -7.790399890999936 ], [ 114.438902551000069, -7.790257122999947 ], [ 114.438774060000014, -7.790282107999928 ], [ 114.438642, -7.790357060999952 ], [ 114.438474248000034, -7.790439152999966 ], [ 114.438295788, -7.790517674999933 ], [ 114.43802453, -7.790549797999972 ], [ 114.437863916000083, -7.790546227999926 ], [ 114.437746133000019, -7.790589057999966 ], [ 114.437617642000077, -7.790564073999974 ], [ 114.437589089000085, -7.790489120999951 ], [ 114.437549828000101, -7.790382045999934 ], [ 114.437564104000103, -7.790242845999956 ], [ 114.43764262600007, -7.790242846999945 ], [ 114.437781824000012, -7.790274968999938 ], [ 114.437896039000066, -7.790289245999929 ], [ 114.437953146000041, -7.790253553999946 ], [ 114.437960285000031, -7.790196446999971 ], [ 114.438010253000016, -7.790125062999948 ], [ 114.438067360000105, -7.790060817999972 ], [ 114.438185144000045, -7.790014418999931 ], [ 114.438277943000116, -7.789982295999948 ], [ 114.438363603000084, -7.790010849999931 ], [ 114.438474248000034, -7.790025125999932 ], [ 114.438542063000114, -7.790010849999931 ], [ 114.438642, -7.789957311999956 ], [ 114.438642, -7.789896634999934 ], [ 114.438574185000107, -7.789868080999952 ], [ 114.438513509000018, -7.789882357999943 ], [ 114.438370741000085, -7.789921618999927 ], [ 114.438306496000109, -7.789910911999925 ], [ 114.438224404000039, -7.789835958999959 ], [ 114.438206558000047, -7.789768143999936 ], [ 114.438149451000072, -7.789761005999935 ], [ 114.438088776000086, -7.789778851999927 ], [ 114.437963853000042, -7.789800266999976 ], [ 114.437888900000075, -7.789789558999928 ], [ 114.437803240000108, -7.789732452999942 ], [ 114.437738995000018, -7.789761005999935 ], [ 114.437610504000077, -7.789761005999935 ], [ 114.437531981, -7.789718175999951 ], [ 114.437482013000022, -7.78970389899996 ], [ 114.437399921000065, -7.789732452999942 ], [ 114.437278569000114, -7.789693190999969 ], [ 114.437203616000033, -7.789650360999929 ], [ 114.437078694000093, -7.78970389899996 ], [ 114.437078694000093, -7.789768143999936 ], [ 114.437100109000085, -7.789871650999942 ], [ 114.437114386000076, -7.790032264999979 ], [ 114.437085347000107, -7.790101512999968 ], [ 114.437068687000078, -7.790099846999965 ], [ 114.437045677000015, -7.790099846999965 ], [ 114.437027268000065, -7.79010214799996 ], [ 114.437008859000116, -7.79010214799996 ], [ 114.436981247000062, -7.790095244999975 ], [ 114.436978946000067, -7.790088341999933 ], [ 114.436967441000093, -7.790067631999932 ], [ 114.43696538100005, -7.790053213999954 ], [ 114.436965140000098, -7.790051525999957 ], [ 114.436965140000098, -7.790033115999961 ], [ 114.436965140000098, -7.790019309999934 ], [ 114.436966149000114, -7.790005183999938 ], [ 114.43697161800003, -7.789971587999958 ], [ 114.436955587000057, -7.789965758999926 ], [ 114.43694443000004, -7.789945675999945 ], [ 114.436942129000045, -7.789941073999955 ], [ 114.43693522600006, -7.789931869999975 ], [ 114.436928322000085, -7.789922664999949 ], [ 114.43691221600011, -7.789904256999932 ], [ 114.436903011000027, -7.789881245999936 ], [ 114.436903011000027, -7.789867440999956 ], [ 114.436900710000032, -7.78985823599993 ], [ 114.436900710000032, -7.789842127999975 ], [ 114.436893806000057, -7.789828321999948 ], [ 114.436886904000062, -7.789807612999937 ], [ 114.436886904000062, -7.789805311999942 ], [ 114.436882301000082, -7.789784601999941 ], [ 114.436875399000087, -7.789770795999971 ], [ 114.436875399000087, -7.789768494999976 ], [ 114.436870796000107, -7.789752387999954 ], [ 114.436861592000014, -7.789747784999975 ], [ 114.436847785000055, -7.789736279999943 ], [ 114.43683628000008, -7.789724774999968 ], [ 114.4368270760001, -7.789715569999942 ], [ 114.436817872, -7.789704064999967 ], [ 114.436790259000077, -7.789667247999944 ], [ 114.436776453000107, -7.789625829999977 ], [ 114.43676955, -7.789609721999966 ], [ 114.436758045000033, -7.78958671099997 ], [ 114.436746539000069, -7.789566001999958 ], [ 114.436737335000089, -7.789552194999942 ], [ 114.436705120000056, -7.789519979999966 ], [ 114.436700518000066, -7.789513076999981 ], [ 114.436700172000087, -7.789512385999956 ], [ 114.436698216000082, -7.789508474999934 ], [ 114.436695916000076, -7.789485464999927 ], [ 114.436691314000086, -7.789478560999953 ], [ 114.436688196000091, -7.789473363999946 ], [ 114.436684411000101, -7.789467055999978 ], [ 114.436677508000116, -7.789453250999941 ], [ 114.436659099000053, -7.78942793799996 ], [ 114.436652195000079, -7.789414131999933 ], [ 114.436645293000083, -7.789400325999964 ], [ 114.43664026700003, -7.789394912999967 ], [ 114.436615379000045, -7.789368110999931 ], [ 114.436606174000076, -7.789354304999961 ], [ 114.43659927200008, -7.789345099999935 ], [ 114.436595114000056, -7.789330545999974 ], [ 114.436600423000073, -7.789286302999926 ], [ 114.436602430000107, -7.789264232999926 ], [ 114.436609869000108, -7.789258032999953 ], [ 114.43662688400002, -7.789243853999949 ], [ 114.436656798000058, -7.789241551999964 ], [ 114.436700518000066, -7.789241551999964 ], [ 114.436723157000074, -7.789235892999955 ], [ 114.436786021000103, -7.789275595999925 ], [ 114.436907373000054, -7.78922562799994 ], [ 114.436916703000065, -7.789212903999953 ], [ 114.43693062400007, -7.789211638999973 ], [ 114.436967441000093, -7.789202434999936 ], [ 114.437027268000065, -7.789193230999956 ], [ 114.437089396000033, -7.78918402599993 ], [ 114.437092938000092, -7.789183238999954 ], [ 114.437175062000051, -7.789193503999968 ], [ 114.437246446000017, -7.789175658999966 ], [ 114.437316488000079, -7.789156555999966 ], [ 114.437319503000026, -7.789156412999944 ], [ 114.437349416000075, -7.789156412999944 ], [ 114.43740226400007, -7.789167623999958 ], [ 114.437471305000031, -7.78921134999996 ] ] ] } },
{ "type": "Feature", "properties": { "fid": 1173, "class_id": 3, "class_name": "Mangrove", "source": "BIG", "source_class": "Mangrove Sedang", "kode": "VALID", "alasan": "", "n_valid": 473, "n_nodata": 0, "status_v5": "ok" }, "geometry": { "type": "Polygon", "coordinates": [ [ [ 112.785933533000048, -6.986957789999963 ], [ 112.786295352000025, -6.98754964099993 ], [ 112.786300892000099, -6.987560152999947 ], [ 112.786541561000035, -6.988016813999934 ], [ 112.786731301000032, -6.988619595999978 ], [ 112.786731147000069, -6.989375363999955 ], [ 112.786728146000087, -6.989381968999965 ], [ 112.786768142000028, -6.989410800999963 ], [ 112.786281138000049, -6.989440892999937 ], [ 112.785827936000032, -6.989411918999963 ], [ 112.785393717000034, -6.989571078999973 ], [ 112.785058117000062, -6.989482743999929 ], [ 112.784762927000088, -6.989540183999964 ], [ 112.784424158000093, -6.989692055999967 ], [ 112.784023147000084, -6.98979950699993 ], [ 112.783756319000076, -6.989721710999959 ], [ 112.783580278000045, -6.989665369999955 ], [ 112.783594844000049, -6.989552042999946 ], [ 112.783662989000049, -6.989489350999975 ], [ 112.783697087000064, -6.989457981999976 ], [ 112.783768794000025, -6.98945602799995 ], [ 112.783826093000016, -6.989412749999929 ], [ 112.783904913000015, -6.989362213999925 ], [ 112.783962240000051, -6.989326111999958 ], [ 112.784001554000042, -6.98927572499997 ], [ 112.784033673000067, -6.989221776999955 ], [ 112.784050242000035, -6.98913308799996 ], [ 112.784137614000088, -6.989052706999928 ], [ 112.784356272000082, -6.989057113999934 ], [ 112.784527593, -6.98895241799994 ], [ 112.784736986000098, -6.98880965099994 ], [ 112.78492734200006, -6.988676400999964 ], [ 112.785070110000106, -6.988562186999957 ], [ 112.785250949000101, -6.988362311999936 ], [ 112.785298539000109, -6.988229061999959 ], [ 112.785287746000108, -6.988162424999928 ], [ 112.785216351000031, -6.988149353999972 ], [ 112.785249335000117, -6.988119874999938 ], [ 112.78525933200001, -6.987986989999968 ], [ 112.785346920000052, -6.98787970199993 ], [ 112.785449713000048, -6.987813830999926 ], [ 112.785517617000096, -6.987749000999941 ], [ 112.785598435000111, -6.98764889399996 ], [ 112.785651549000022, -6.98755659099993 ], [ 112.785729450000076, -6.987358875999973 ], [ 112.785742422000112, -6.987182384999926 ], [ 112.785821794000071, -6.987043012999948 ], [ 112.785873451111485, -6.986952309573479 ], [ 112.785898129398205, -6.986929152551007 ], [ 112.785933533000048, -6.986957789999963 ] ] ] } },
{ "type": "Feature", "properties": { "fid": 1186, "class_id": 3, "class_name": "Mangrove", "source": "BIG", "source_class": "Mangrove Sedang", "kode": "VALID", "alasan": "", "n_valid": 15, "n_nodata": 0, "status_v5": "ok" }, "geometry": { "type": "Polygon", "coordinates": [ [ [ 112.873908909000079, -6.897598091999953 ], [ 112.873999859000037, -6.897645547999957 ], [ 112.874002774000019, -6.897647941999935 ], [ 112.874107569000103, -6.897733957999947 ], [ 112.874455011, -6.897899079999945 ], [ 112.874497365000025, -6.897901846999957 ], [ 112.874593094000033, -6.897908101999974 ], [ 112.874592705000055, -6.897947804999944 ], [ 112.873766949000014, -6.897827498999959 ], [ 112.873774087000015, -6.897727560999954 ], [ 112.873766948000025, -6.897591931999955 ], [ 112.873785392000059, -6.89744460199995 ], [ 112.873885748000021, -6.897532665999961 ], [ 112.873890025000037, -6.897536417999959 ], [ 112.873908909000079, -6.897598091999953 ] ] ] } },
{ "type": "Feature", "properties": { "fid": 1189, "class_id": 3, "class_name": "Mangrove", "source": "BIG", "source_class": "Mangrove Sedang", "kode": "VALID", "alasan": "", "n_valid": 331, "n_nodata": 0, "status_v5": "ok" }, "geometry": { "type": "Polygon", "coordinates": [ [ [ 112.837348094000049, -7.566318475999935 ], [ 112.837205326000117, -7.565197750999971 ], [ 112.837076835000062, -7.564762308999946 ], [ 112.836784161000082, -7.564126992999945 ], [ 112.836634256000025, -7.563727243999949 ], [ 112.836341581000056, -7.562999127999944 ], [ 112.836241645000086, -7.562692177999963 ], [ 112.8359775240001, -7.562064 ], [ 112.835820480000052, -7.561435821999964 ], [ 112.835656297000014, -7.56105748799996 ], [ 112.83561346700003, -7.560814782999955 ], [ 112.835477838000088, -7.560457863999943 ], [ 112.835592052000038, -7.560457863999943 ], [ 112.835749096000086, -7.560493555999926 ], [ 112.83597038500011, -7.560536385999967 ], [ 112.836063185000057, -7.560629184999925 ], [ 112.836205953000103, -7.560779090999972 ], [ 112.836263060000078, -7.560928996999962 ], [ 112.83627733600008, -7.561021795999977 ], [ 112.836341581000056, -7.561171701999967 ], [ 112.836420104000013, -7.561407268999972 ], [ 112.836512903000084, -7.561707080999952 ], [ 112.836669947000019, -7.562064 ], [ 112.836741331000098, -7.562242459999936 ], [ 112.836791300000073, -7.562449471999969 ], [ 112.836891237000032, -7.562692177999963 ], [ 112.837062558000071, -7.56295629799996 ], [ 112.837376647000042, -7.563505952999947 ], [ 112.836941205000016, -7.563627305999944 ], [ 112.836941206, -7.563684412999976 ], [ 112.836948344, -7.563777211999934 ], [ 112.837005452000085, -7.563912841999979 ], [ 112.837076835000062, -7.564105576999964 ], [ 112.837141080000038, -7.564398250999943 ], [ 112.837233879000109, -7.56466237199993 ], [ 112.837283848000084, -7.564933629999928 ], [ 112.837369509000041, -7.565176334999933 ], [ 112.837440892000018, -7.565369071999953 ], [ 112.837497999000107, -7.56563319199995 ], [ 112.837505138000097, -7.565868758999954 ], [ 112.837498, -7.566047217999937 ], [ 112.837533692000079, -7.566325614999926 ], [ 112.837469446000114, -7.566532627999948 ], [ 112.837496830406337, -7.566690614709294 ], [ 112.837309875416963, -7.566509563561691 ], [ 112.837348094000049, -7.566318475999935 ] ] ] } },
{ "type": "Feature", "properties": { "fid": 1191, "class_id": 3, "class_name": "Mangrove", "source": "BIG", "source_class": "Mangrove Jarang", "kode": "VALID", "alasan": "", "n_valid": 63, "n_nodata": 0, "status_v5": "ok" }, "geometry": { "type": "Polygon", "coordinates": [ [ [ 112.78145664300007, -6.991114851999953 ], [ 112.781470346000106, -6.991310687999942 ], [ 112.781493854000018, -6.991448394999964 ], [ 112.781595164, -6.991646092999929 ], [ 112.781906937000031, -6.99195999899996 ], [ 112.781831429000022, -6.992004122999958 ], [ 112.781775318000086, -6.992018420999955 ], [ 112.781726237000044, -6.992030926999973 ], [ 112.781643437000071, -6.992023690999929 ], [ 112.78153876600004, -6.992026814999974 ], [ 112.781406183000058, -6.992030770999975 ], [ 112.781376134000084, -6.992023820999975 ], [ 112.781272557000079, -6.991999866999947 ], [ 112.781139556000085, -6.991989879999949 ], [ 112.781010743000024, -6.991920714999935 ], [ 112.781009336000011, -6.991919958999972 ], [ 112.781009153000014, -6.991919912999947 ], [ 112.780899175000059, -6.991892377999932 ], [ 112.780802897000058, -6.991838557999927 ], [ 112.780665654668041, -6.991839077469035 ], [ 112.781450430730274, -6.991102678013375 ], [ 112.78145664300007, -6.991114851999953 ] ] ] } },
{ "type": "Feature", "properties": { "fid": 1194, "class_id": 3, "class_name": "Mangrove", "source": "BIG", "source_class": "Mangrove Sedang", "kode": "VALID", "alasan": "", "n_valid": 1230, "n_nodata": 7, "status_v5": "ok" }, "geometry": { "type": "Polygon", "coordinates": [ [ [ 112.822051961000057, -6.939313395999932 ], [ 112.822279065000089, -6.939069933999974 ], [ 112.82262413, -6.938695269999926 ], [ 112.822757196000111, -6.938575256999968 ], [ 112.822783059000017, -6.938551099999927 ], [ 112.823126734000084, -6.938707005999959 ], [ 112.823210015000086, -6.939040129999967 ], [ 112.823150528000042, -6.939301870999941 ], [ 112.823150528000042, -6.939623098999959 ], [ 112.823281399000052, -6.939944325999932 ], [ 112.823531242000058, -6.940301244999944 ], [ 112.823638318, -6.940646266999977 ], [ 112.824054723000017, -6.941205439999976 ], [ 112.824471129000017, -6.941419590999942 ], [ 112.824720973000012, -6.941586153999936 ], [ 112.824875637000105, -6.941824099999963 ], [ 112.82481615100005, -6.94202635399995 ], [ 112.824542513000097, -6.942192915999954 ], [ 112.824280773000055, -6.942204812999933 ], [ 112.823995237000076, -6.942038250999929 ], [ 112.823816777000047, -6.941824099999963 ], [ 112.823245707000069, -6.941253028999938 ], [ 112.823031555000057, -6.941395796999927 ], [ 112.823091042000101, -6.941550461999952 ], [ 112.822864993000053, -6.941717023999956 ], [ 112.82282930100007, -6.941657537999959 ], [ 112.822353409000016, -6.941145952999932 ], [ 112.822115463000046, -6.940777136999941 ], [ 112.821806133000109, -6.941026980999936 ], [ 112.821651468000027, -6.940800931999945 ], [ 112.821453972000086, -6.940924662999976 ], [ 112.820775826000045, -6.941659916999981 ], [ 112.820012019000046, -6.942645013999936 ], [ 112.820190479000075, -6.942959102999964 ], [ 112.820326108000017, -6.943180392999977 ], [ 112.820447461000072, -6.943380266999952 ], [ 112.820525982000049, -6.943637248999948 ], [ 112.820597367, -6.943915645999937 ], [ 112.82072585800006, -6.944115520999958 ], [ 112.820918594000091, -6.944301118999931 ], [ 112.82083293300002, -6.944379640999955 ], [ 112.820761550000043, -6.944301118999931 ], [ 112.82053312100004, -6.94399416899995 ], [ 112.820461738000063, -6.943794292999939 ], [ 112.82035466100001, -6.943551588999981 ], [ 112.820261863000042, -6.943387404999953 ], [ 112.82012623300011, -6.94320894599997 ], [ 112.819919220000088, -6.942980517999956 ], [ 112.818834186000117, -6.944365363999964 ], [ 112.818948400000068, -6.944515269999954 ], [ 112.818827047000013, -6.944650899999942 ], [ 112.818712833000063, -6.94477225199995 ], [ 112.818584343000111, -6.945086340999978 ], [ 112.818448714000056, -6.945428982999942 ], [ 112.81838446800009, -6.94555033599994 ], [ 112.818577204, -6.945664549999947 ], [ 112.818584343000111, -6.945785901999955 ], [ 112.818805633000011, -6.945935808999934 ], [ 112.818719972000054, -6.946135682999966 ], [ 112.818591481000112, -6.946456909999938 ], [ 112.818682196000054, -6.946694494999974 ], [ 112.81829192500004, -6.946575547999942 ], [ 112.818925012000022, -6.947542854999938 ], [ 112.81895449600006, -6.947632197999951 ], [ 112.818769941000028, -6.947748957999977 ], [ 112.81838446800009, -6.947970247999933 ], [ 112.81850996300011, -6.948219276999964 ], [ 112.818355617000066, -6.948232168999937 ], [ 112.818184594000058, -6.947948831999952 ], [ 112.818041825000023, -6.947656158999962 ], [ 112.81790619700007, -6.947591913999929 ], [ 112.81759924500011, -6.947913140999958 ], [ 112.817285157000015, -6.948134430999971 ], [ 112.81712097400009, -6.948063045999959 ], [ 112.816899685000067, -6.948048768999968 ], [ 112.816835439000101, -6.94826292099998 ], [ 112.816921100000059, -6.948434241999962 ], [ 112.81704245200001, -6.948498487999927 ], [ 112.817092420000108, -6.948676946999967 ], [ 112.817220912000039, -6.948641255999974 ], [ 112.817363679000096, -6.948469933999945 ], [ 112.817370818000086, -6.948291474999962 ], [ 112.817449340000053, -6.94827005999997 ], [ 112.817485032000036, -6.948334304999946 ], [ 112.817502140000101, -6.948493988999928 ], [ 112.81740719000004, -6.94859827099998 ], [ 112.817483328000094, -6.948682135999945 ], [ 112.817470755000045, -6.948762608999971 ], [ 112.817356541000095, -6.948919651999972 ], [ 112.817170943000065, -6.949098111999945 ], [ 112.816985345000035, -6.949333678999949 ], [ 112.816797744000041, -6.949336738999932 ], [ 112.816751007000107, -6.949297224999953 ], [ 112.816799747, -6.949176634999958 ], [ 112.81682116200011, -6.949076696999953 ], [ 112.816899684000077, -6.948998174999929 ], [ 112.816999622000026, -6.948976759999937 ], [ 112.817078144000106, -6.948926790999963 ], [ 112.81704245200001, -6.948841130999938 ], [ 112.816956792000042, -6.948748330999933 ], [ 112.816856854000093, -6.948776884999972 ], [ 112.816806885, -6.948841130999938 ], [ 112.816728363000038, -6.948933929999953 ], [ 112.816649841000071, -6.949019589999978 ], [ 112.816581616, -6.949043961999962 ], [ 112.81651156800001, -6.948898310999937 ], [ 112.816340257000093, -6.948773162999942 ], [ 112.816267225000047, -6.948549236999952 ], [ 112.816299769000011, -6.948412352999981 ], [ 112.816390587000114, -6.948179400999948 ], [ 112.816563829000074, -6.947865989999968 ], [ 112.816764055000021, -6.947891724999977 ], [ 112.816913961000068, -6.947891725999966 ], [ 112.817078144000106, -6.947820340999954 ], [ 112.817292295000016, -6.947720403999938 ], [ 112.817427925000061, -6.947713265999937 ], [ 112.817577831000108, -6.947634742999981 ], [ 112.817699183000059, -6.94744200699995 ], [ 112.817841950000116, -6.947399176999966 ], [ 112.818034687000022, -6.947406314999967 ], [ 112.818113210000092, -6.947363484999926 ], [ 112.818106071000102, -6.947263547999967 ], [ 112.818048964000013, -6.947192163999944 ], [ 112.818048964000013, -6.947049395999954 ], [ 112.818148902000075, -6.946906628999955 ], [ 112.818206008000061, -6.946728168999925 ], [ 112.818213146000062, -6.946585400999936 ], [ 112.818213147000051, -6.946399802999963 ], [ 112.818277392000027, -6.946249897999962 ], [ 112.818363053000098, -6.946042883999951 ], [ 112.818363053000098, -6.945835870999929 ], [ 112.818243601000063, -6.945689229999971 ], [ 112.818241759000102, -6.945500435999975 ], [ 112.818240198000012, -6.945340467999927 ], [ 112.818259455000089, -6.945244079999952 ], [ 112.81829730600009, -6.945054634999963 ], [ 112.818353836000028, -6.944864289999941 ], [ 112.818451995000032, -6.944630407999966 ], [ 112.818588897000041, -6.944388173999926 ], [ 112.818680548000088, -6.944232374999956 ], [ 112.818763841000077, -6.943927590999976 ], [ 112.818833654000059, -6.943672130999971 ], [ 112.81885052626204, -6.943610392102897 ], [ 112.821840243277549, -6.939525675851248 ], [ 112.822051961000057, -6.939313395999932 ] ] ] } },
{ "type": "Feature", "properties": { "fid": 1200, "class_id": 3, "class_name": "Mangrove", "source": "BIG", "source_class": "Mangrove Lebat", "kode": "VALID", "alasan": "", "n_valid": 57, "n_nodata": 0, "status_v5": "ok" }, "geometry": { "type": "Polygon", "coordinates": [ [ [ 112.628162782000118, -7.098242333999963 ], [ 112.628276869000047, -7.098336676999963 ], [ 112.628533563000019, -7.098506494999981 ], [ 112.628742721000094, -7.098544231999938 ], [ 112.629075473000057, -7.098600837999925 ], [ 112.62924660200008, -7.098619706999955 ], [ 112.629721961000087, -7.098780089999934 ], [ 112.63006422, -7.098902735999957 ], [ 112.630125888000066, -7.098906135999925 ], [ 112.630577608000067, -7.098931038999979 ], [ 112.63069169500011, -7.098978209999927 ], [ 112.630349436000074, -7.098997078999957 ], [ 112.629931120000037, -7.099006512999949 ], [ 112.629550832000064, -7.098959341999944 ], [ 112.629503223000029, -7.09894989299994 ], [ 112.629027937000046, -7.098855563999962 ], [ 112.628647649000072, -7.098704614999974 ], [ 112.628257854000026, -7.098515928999973 ], [ 112.628077218000044, -7.098383848999958 ], [ 112.628001160000053, -7.098204596999949 ], [ 112.627763480000112, -7.098214030999941 ], [ 112.627700781000044, -7.098267361999945 ], [ 112.627702181000018, -7.098264538999956 ], [ 112.627768905000039, -7.098168606999934 ], [ 112.62787907500001, -7.098168219999934 ], [ 112.628056424000079, -7.098201092999943 ], [ 112.628149654000026, -7.098216277999938 ], [ 112.628162782000118, -7.098242333999963 ] ] ] } },
{ "type": "Feature", "properties": { "fid": 1228, "class_id": 3, "class_name": "Mangrove", "source": "BIG", "source_class": "Mangrove Sedang", "kode": "VALID", "alasan": "", "n_valid": 3, "n_nodata": 0, "status_v5": "ok" }, "geometry": { "type": "Polygon", "coordinates": [ [ [ 112.705736079000076, -7.223700618999942 ], [ 112.705767257000048, -7.224029451999968 ], [ 112.705810436000093, -7.224364220999973 ], [ 112.705787557, -7.224651389999963 ], [ 112.705832754000085, -7.224680829999954 ], [ 112.705806642000084, -7.224690143999965 ], [ 112.705777815000033, -7.224668720999944 ], [ 112.7057657470001, -7.224644842999965 ], [ 112.705765568000061, -7.224596995999946 ], [ 112.705765290000045, -7.22452283399997 ], [ 112.705750710000075, -7.224467863999962 ], [ 112.705752810000035, -7.22438890799998 ], [ 112.705755043000067, -7.224345837999977 ], [ 112.705769273000101, -7.224307506999935 ], [ 112.705769111000109, -7.224264443999971 ], [ 112.705764079, -7.22419986999995 ], [ 112.705739754000092, -7.224101873999928 ], [ 112.705746565000027, -7.22400136899995 ], [ 112.705734372000052, -7.223943997999982 ], [ 112.70572925700003, -7.223857892999945 ], [ 112.705731393000065, -7.223788506999938 ], [ 112.705714301000057, -7.223702444999958 ], [ 112.705709231000014, -7.223628300999962 ], [ 112.705697029000021, -7.223568536999949 ], [ 112.705701471000111, -7.223475218999965 ], [ 112.705710631000102, -7.223362743999928 ], [ 112.705695863000074, -7.223257534999959 ], [ 112.705707563000033, -7.223183327999948 ], [ 112.7056930010001, -7.223133143999974 ], [ 112.705704737000019, -7.223068505999947 ], [ 112.705709268000078, -7.222999110999979 ], [ 112.705701714000043, -7.222901051999941 ], [ 112.705698988505418, -7.222868148748348 ], [ 112.705722374199794, -7.222924549540664 ], [ 112.705736079000076, -7.223700618999942 ] ] ] } },
{ "type": "Feature", "properties": { "fid": 1232, "class_id": 3, "class_name": "Mangrove", "source": "BIG", "source_class": "Mangrove Sedang", "kode": "VALID", "alasan": "", "n_valid": 788, "n_nodata": 0, "status_v5": "ok" }, "geometry": { "type": "Polygon", "coordinates": [ [ [ 112.745325975000014, -7.018587416999935 ], [ 112.744933364000076, -7.018337573999929 ], [ 112.744612136000114, -7.018844397999942 ], [ 112.744812011000022, -7.01900858099998 ], [ 112.744747765000056, -7.019058550999944 ], [ 112.744662105000089, -7.019151348999969 ], [ 112.744633551000106, -7.019251286999975 ], [ 112.744555030000015, -7.019251286999975 ], [ 112.744519337000042, -7.019436883999958 ], [ 112.744612136000114, -7.019472575999941 ], [ 112.744533614000034, -7.019665312999962 ], [ 112.744483645000059, -7.019765249999978 ], [ 112.744476507000059, -7.019900878999977 ], [ 112.744462231000057, -7.020036508999965 ], [ 112.744348016000117, -7.02012930799998 ], [ 112.744226664000053, -7.020214968999937 ], [ 112.744133865000094, -7.020357735999937 ], [ 112.744041066000023, -7.020479087999945 ], [ 112.743955405000065, -7.020557610999958 ], [ 112.743791222000027, -7.020579024999961 ], [ 112.743662731000086, -7.020607578999943 ], [ 112.743627040000092, -7.020833332999928 ], [ 112.743578772000092, -7.020866692999959 ], [ 112.74322729000005, -7.020957359999954 ], [ 112.742884648000086, -7.020978774999946 ], [ 112.742534867000018, -7.020957359999954 ], [ 112.742099425000106, -7.020971636999946 ], [ 112.741835305000109, -7.020971636999946 ], [ 112.741542632, -7.020928805999972 ], [ 112.741278512, -7.02090739099998 ], [ 112.741085775000101, -7.020833332999928 ], [ 112.740864485000088, -7.020743207999942 ], [ 112.740728856000032, -7.020657547999974 ], [ 112.740641702000062, -7.020423158999961 ], [ 112.740686026000049, -7.020200691999946 ], [ 112.740807378000113, -7.019993678999981 ], [ 112.740964423000037, -7.019829495999943 ], [ 112.74117857400006, -7.019622482999978 ], [ 112.741321342000106, -7.019394053999974 ], [ 112.741407003000063, -7.019222732999935 ], [ 112.741303064000022, -7.019071308999969 ], [ 112.74127347600006, -7.019016355999952 ], [ 112.741174598000043, -7.018887452999934 ], [ 112.741196346000038, -7.018873496999959 ], [ 112.741258407000032, -7.018932285999938 ], [ 112.741289431000041, -7.019031832999929 ], [ 112.7414502580001, -7.019180521999942 ], [ 112.741675466000061, -7.019349259999956 ], [ 112.74185886600003, -7.019486245999929 ], [ 112.742185073000087, -7.019886417999942 ], [ 112.742397485000083, -7.020115970999939 ], [ 112.742617339000049, -7.020316141999956 ], [ 112.742627408000089, -7.020237131999977 ], [ 112.742707018000033, -7.019704764999972 ], [ 112.742967676000035, -7.019418971999926 ], [ 112.743006975000071, -7.019212639999978 ], [ 112.743042136000099, -7.018965897999976 ], [ 112.74296941800003, -7.018855998999925 ], [ 112.743813476000014, -7.018541744999936 ], [ 112.744122348000019, -7.018161699999951 ], [ 112.744440320000081, -7.018017317999977 ], [ 112.745405652000045, -7.018395514999952 ], [ 112.745506118000094, -7.018452310999976 ], [ 112.745325975000014, -7.018587416999935 ] ] ] } },
{ "type": "Feature", "properties": { "fid": 1238, "class_id": 3, "class_name": "Mangrove", "source": "BIG", "source_class": "Mangrove Sedang", "kode": "VALID", "alasan": "", "n_valid": 165, "n_nodata": 0, "status_v5": "ok" }, "geometry": { "type": "Polygon", "coordinates": [ [ [ 112.81265234600005, -6.955886713999973 ], [ 112.812588101000074, -6.956008065999981 ], [ 112.812823668000078, -6.956236494999928 ], [ 112.812281151000093, -6.956693351999945 ], [ 112.812088414000073, -6.956514891999973 ], [ 112.811510205000104, -6.957000301999926 ], [ 112.811388853000039, -6.956800426999962 ], [ 112.811645834000046, -6.95660055299993 ], [ 112.811695803000021, -6.956393538999976 ], [ 112.811824294000075, -6.956236494999928 ], [ 112.812002754000105, -6.956072311999947 ], [ 112.812002753000115, -6.95596523699993 ], [ 112.811867124000059, -6.955772499999966 ], [ 112.811817156000075, -6.955508379999969 ], [ 112.811845709000067, -6.95537275099997 ], [ 112.812081276000072, -6.955529794999961 ], [ 112.812216905000014, -6.955615455999975 ], [ 112.812373950000051, -6.95566542499995 ], [ 112.812695177000023, -6.955458411999928 ], [ 112.813066373000083, -6.955137183999966 ], [ 112.813266247000115, -6.954915894999942 ], [ 112.813366185000064, -6.954758849999962 ], [ 112.813394739000046, -6.954616081999973 ], [ 112.813551783000094, -6.954580389999933 ], [ 112.813494676, -6.954751710999972 ], [ 112.81350895300011, -6.954901617999951 ], [ 112.813601751000078, -6.955072938999933 ], [ 112.813616028000069, -6.955137183999966 ], [ 112.812909328000046, -6.955658285999959 ], [ 112.81265234600005, -6.955886713999973 ] ] ] } },
{ "type": "Feature", "properties": { "fid": 1263, "class_id": 3, "class_name": "Mangrove", "source": "BIG", "source_class": "Mangrove Sedang", "kode": "VALID", "alasan": "", "n_valid": 2, "n_nodata": 0, "status_v5": "ok" }, "geometry": { "type": "Polygon", "coordinates": [ [ [ 114.455062958000099, -7.810165067999947 ], [ 114.455012334000116, -7.810135153999965 ], [ 114.454947906000029, -7.810079928999926 ], [ 114.454899583000042, -7.81003390799998 ], [ 114.454845892000094, -7.809989473999963 ], [ 114.454879110000093, -7.809983044999967 ], [ 114.454955252000104, -7.809983044999967 ], [ 114.455112297000028, -7.810102016999963 ], [ 114.455088502000081, -7.810159123999938 ], [ 114.455068212000015, -7.810167819999947 ], [ 114.455062958000099, -7.810165067999947 ] ] ] } },
{ "type": "Feature", "properties": { "fid": 1265, "class_id": 3, "class_name": "Mangrove", "source": "BIG", "source_class": "Mangrove Sedang", "kode": "VALID", "alasan": "", "n_valid": 1, "n_nodata": 1, "status_v5": "ok" }, "geometry": { "type": "Polygon", "coordinates": [ [ [ 112.84230125900001, -7.316725607999956 ], [ 112.842285064000066, -7.316662034999979 ], [ 112.842286322000064, -7.316615745999968 ], [ 112.842302192000034, -7.316599770999971 ], [ 112.84237165400009, -7.316582130999961 ], [ 112.842398108640637, -7.316582022828793 ], [ 112.842316222922889, -7.316765810773061 ], [ 112.84230125900001, -7.316725607999956 ] ] ] } },
{ "type": "Feature", "properties": { "fid": 1270, "class_id": 3, "class_name": "Mangrove", "source": "BIG", "source_class": "Mangrove Lebat", "kode": "VALID", "alasan": "", "n_valid": 66, "n_nodata": 0, "status_v5": "ok" }, "geometry": { "type": "Polygon", "coordinates": [ [ [ 114.361682546000111, -7.756143573999964 ], [ 114.361703256000055, -7.756129766999948 ], [ 114.361737771000094, -7.756133219999981 ], [ 114.361789545000079, -7.756174637999948 ], [ 114.361893092000059, -7.756209153999976 ], [ 114.361931061000064, -7.756212604999973 ], [ 114.361965576000102, -7.756191895999962 ], [ 114.362000092000017, -7.756147024999962 ], [ 114.362017350000087, -7.756122863999963 ], [ 114.362038060000032, -7.756115961999967 ], [ 114.3620587690001, -7.75612631599995 ], [ 114.36208638200003, -7.756147024999962 ], [ 114.362120898000057, -7.756160831999978 ], [ 114.362169219000066, -7.756178089999935 ], [ 114.362210639000068, -7.756184993999966 ], [ 114.36223480000001, -7.756188443999974 ], [ 114.362255509000079, -7.756188443999974 ], [ 114.362290025000107, -7.756188443999974 ], [ 114.362324540000031, -7.756174637999948 ], [ 114.362362509000036, -7.756157379999934 ], [ 114.362390122000079, -7.756140121999977 ], [ 114.362421186, -7.756119412999965 ], [ 114.362466056000017, -7.756088347999935 ], [ 114.362483314000087, -7.756074541999965 ], [ 114.362497120000057, -7.756060735999938 ], [ 114.362510927000017, -7.756040025999937 ], [ 114.362528185000087, -7.756019316999925 ], [ 114.362545443000045, -7.755977898999959 ], [ 114.36256615100001, -7.75592267199994 ], [ 114.362583409000081, -7.755898510999941 ], [ 114.36259721700003, -7.755881252999927 ], [ 114.362690409000038, -7.755798414999958 ], [ 114.362711661000048, -7.755757843999959 ], [ 114.362794829000109, -7.755847666999955 ], [ 114.362798397, -7.755958310999972 ], [ 114.362891197000067, -7.755915480999931 ], [ 114.362983995000036, -7.755819112999973 ], [ 114.363180301000057, -7.755772713999932 ], [ 114.363333777000094, -7.755740590999949 ], [ 114.363494389000039, -7.755701329999965 ], [ 114.363562205000107, -7.755701329999965 ], [ 114.363555066000117, -7.755797697999981 ], [ 114.363601465000102, -7.755911911999931 ], [ 114.363726388000032, -7.755886927999939 ], [ 114.363776356000017, -7.755911911999931 ], [ 114.363812048000113, -7.755990433999955 ], [ 114.363719249000042, -7.756129632999944 ], [ 114.3635907580001, -7.756208154999968 ], [ 114.363505098000019, -7.756122494999943 ], [ 114.363419437000061, -7.756022556999937 ], [ 114.363365899000087, -7.755840527999965 ], [ 114.363212424000039, -7.755922619999978 ], [ 114.363051810000115, -7.756040402999929 ], [ 114.36291975000006, -7.75609037199996 ], [ 114.362776982000014, -7.756250984999951 ], [ 114.362641353000072, -7.756308091999927 ], [ 114.362544985000113, -7.756229569999959 ], [ 114.362534278000112, -7.756318799999974 ], [ 114.362345111000081, -7.756358060999958 ], [ 114.362145235000071, -7.756383045999939 ], [ 114.362016744000016, -7.756418736999933 ], [ 114.361863270000072, -7.756411598999932 ], [ 114.361745486000018, -7.75637947599995 ], [ 114.36165982600005, -7.756340214999966 ], [ 114.361631272000068, -7.756275969999933 ], [ 114.36165625600006, -7.756250984999951 ], [ 114.361727640000026, -7.756179600999928 ], [ 114.361677398000097, -7.756144431999928 ], [ 114.361682546000111, -7.756143573999964 ] ] ] } },
{ "type": "Feature", "properties": { "fid": 1271, "class_id": 3, "class_name": "Mangrove", "source": "BIG", "source_class": "Mangrove Sedang", "kode": "VALID", "alasan": "", "n_valid": 1, "n_nodata": 0, "status_v5": "ok" }, "geometry": { "type": "Polygon", "coordinates": [ [ [ 112.705659119000074, -7.104371971999967 ], [ 112.70565317, -7.104258947999938 ], [ 112.705681072000061, -7.104172142999971 ], [ 112.705687275000059, -7.104293135999967 ], [ 112.705716281000036, -7.10447486299995 ], [ 112.705659119000074, -7.104371971999967 ] ] ] } },
{ "type": "Feature", "properties": { "fid": 1274, "class_id": 3, "class_name": "Mangrove", "source": "BIG", "source_class": "Mangrove Sedang", "kode": "VALID", "alasan": "", "n_valid": 19, "n_nodata": 0, "status_v5": "ok" }, "geometry": { "type": "Polygon", "coordinates": [ [ [ 114.38549118200001, -8.501406335999945 ], [ 114.385488940000073, -8.501412088999928 ], [ 114.385484828000017, -8.501419292999969 ], [ 114.385482297000067, -8.501422255999955 ], [ 114.385475222000082, -8.501426366999965 ], [ 114.385461029000112, -8.50143253899995 ], [ 114.38544643900002, -8.501436470999977 ], [ 114.385401684000044, -8.501450445999978 ], [ 114.385374206000051, -8.501462792999973 ], [ 114.385368768000035, -8.50146751699998 ], [ 114.38536078900006, -8.50148536599994 ], [ 114.385354307000057, -8.501535512999965 ], [ 114.385352480000051, -8.501598333999937 ], [ 114.385355513000036, -8.501656362999938 ], [ 114.385358389000089, -8.501677513999937 ], [ 114.385372387000075, -8.501729625999928 ], [ 114.385386582000024, -8.501772487999972 ], [ 114.385388829000021, -8.501777288999961 ], [ 114.385349895000104, -8.50176571399993 ], [ 114.385314203, -8.501712174999966 ], [ 114.385305280000011, -8.501661611999964 ], [ 114.38529040800006, -8.501563458999954 ], [ 114.38529040800006, -8.501444486999958 ], [ 114.385317178000037, -8.501379050999958 ], [ 114.385367741000096, -8.50136417899995 ], [ 114.385436151000022, -8.501370127999962 ], [ 114.385427227000037, -8.501233309999975 ], [ 114.385427227000037, -8.501105412999948 ], [ 114.385442099000102, -8.501016182999933 ], [ 114.385498611000116, -8.500935876999961 ], [ 114.385531329000059, -8.500867466999978 ], [ 114.385537277000026, -8.50073957099994 ], [ 114.385531329000059, -8.500629520999951 ], [ 114.385531329000059, -8.500513522999938 ], [ 114.385531329000059, -8.500457009999934 ], [ 114.385549175000051, -8.500397522999947 ], [ 114.385525380000104, -8.500311267999962 ], [ 114.385534303000099, -8.500201217999972 ], [ 114.385537278000015, -8.500123885999926 ], [ 114.385522406000064, -8.500067373999968 ], [ 114.38542425300011, -8.500058449999926 ], [ 114.38542127900007, -8.499990039999943 ], [ 114.385436151000022, -8.499894861999962 ], [ 114.385459945000093, -8.499808606999977 ], [ 114.38546292, -8.499719376999963 ], [ 114.38546292, -8.499615275999929 ], [ 114.385459945000093, -8.499502250999967 ], [ 114.385457361000022, -8.499435063999954 ], [ 114.385498038000037, -8.499526270999979 ], [ 114.385511879000092, -8.499575256999947 ], [ 114.385525724000104, -8.499740813999949 ], [ 114.385525199000085, -8.499809748999951 ], [ 114.385517409000045, -8.49986613699997 ], [ 114.38550090800004, -8.499919744999943 ], [ 114.38548981200006, -8.499959629999978 ], [ 114.38548856500006, -8.500016648999974 ], [ 114.385494845000039, -8.500041067999973 ], [ 114.38550822600007, -8.500053150999975 ], [ 114.38553261800007, -8.500066989999937 ], [ 114.38556053100001, -8.500076949999936 ], [ 114.385576776000107, -8.500084195999932 ], [ 114.385581069000068, -8.500086784999951 ], [ 114.38558541000009, -8.500090644999943 ], [ 114.385592175000056, -8.500102434999974 ], [ 114.385594230000038, -8.500108259999934 ], [ 114.385594628000035, -8.500128125999936 ], [ 114.385600623000073, -8.500426503999961 ], [ 114.385600187000023, -8.50055505499995 ], [ 114.385594487000049, -8.500713911999981 ], [ 114.385576605000097, -8.500907124999969 ], [ 114.385539533000042, -8.501111029999947 ], [ 114.385516854000116, -8.501235772999962 ], [ 114.385513822, -8.501255919999949 ], [ 114.385495327000058, -8.50137880099993 ], [ 114.385494952000045, -8.501381289999927 ], [ 114.385492566000039, -8.501397145999931 ], [ 114.38549118200001, -8.501406335999945 ] ] ] } },
{ "type": "Feature", "properties": { "fid": 1307, "class_id": 3, "class_name": "Mangrove", "source": "BIG", "source_class": "Mangrove Sedang", "kode": "VALID", "alasan": "", "n_valid": 3, "n_nodata": 0, "status_v5": "ok" }, "geometry": { "type": "Polygon", "coordinates": [ [ [ 112.747298138000019, -7.197737461999964 ], [ 112.747272883000051, -7.197726062999948 ], [ 112.747276518000035, -7.197727153999949 ], [ 112.747419286000081, -7.19758438599996 ], [ 112.747454978000064, -7.197691461999966 ], [ 112.747405464000053, -7.197749226999974 ], [ 112.747298138000019, -7.197737461999964 ] ] ] } },
{ "type": "Feature", "properties": { "fid": 1349, "class_id": 3, "class_name": "Mangrove", "source": "BIG", "source_class": "Mangrove Sedang", "kode": "VALID", "alasan": "", "n_valid": 215, "n_nodata": 0, "status_v5": "ok" }, "geometry": { "type": "Polygon", "coordinates": [ [ [ 114.457750593000014, -7.810793256999943 ], [ 114.457794313000022, -7.810827771999925 ], [ 114.457805818000111, -7.810839277999946 ], [ 114.457861043000094, -7.810922116999961 ], [ 114.457870249000052, -7.810942825999973 ], [ 114.457877152000037, -7.810956632999932 ], [ 114.457897860000116, -7.810993448999966 ], [ 114.457907064000096, -7.811014158999967 ], [ 114.457913968000071, -7.811034868999968 ], [ 114.457913968000071, -7.811046373999943 ], [ 114.457923172000051, -7.811115404999953 ], [ 114.457932376000031, -7.811189038999942 ], [ 114.457932375000041, -7.81122815599997 ], [ 114.457932375000041, -7.811255769999946 ], [ 114.45792777500003, -7.811297187999969 ], [ 114.457911668000065, -7.811423745999946 ], [ 114.457902461000117, -7.811465164999959 ], [ 114.457884055000022, -7.811534196999958 ], [ 114.457877152000037, -7.811561810999933 ], [ 114.457858742000099, -7.811598626999967 ], [ 114.457856731000106, -7.811605162999967 ], [ 114.457849538, -7.811628539999958 ], [ 114.45781042100009, -7.811711377999927 ], [ 114.457805818000111, -7.811732088999975 ], [ 114.45780121700011, -7.811766603999956 ], [ 114.457800199000076, -7.811769997999932 ], [ 114.457749929000101, -7.811751380999965 ], [ 114.457525071000077, -7.811576489999936 ], [ 114.457489379000094, -7.811615750999977 ], [ 114.457489378000105, -7.811744241999975 ], [ 114.457567901000061, -7.811997653999981 ], [ 114.45766069900003, -7.812261774999968 ], [ 114.457778743000063, -7.812268717999928 ], [ 114.457780506000063, -7.812300448999963 ], [ 114.457782807000058, -7.81234416999996 ], [ 114.457785108000053, -7.812392490999969 ], [ 114.457789712000022, -7.812459222999962 ], [ 114.457792012000027, -7.812512147999939 ], [ 114.457794312000033, -7.812571974999969 ], [ 114.457792012000027, -7.81266171599998 ], [ 114.457789712000022, -7.812721543999942 ], [ 114.457789712000022, -7.812760662999949 ], [ 114.457785109000042, -7.812815886999942 ], [ 114.457776892000084, -7.812850804999925 ], [ 114.457775903000083, -7.812855003999971 ], [ 114.457769001000088, -7.812896422999927 ], [ 114.457759797000108, -7.812935541999934 ], [ 114.45774829100003, -7.812960853999925 ], [ 114.457734486000049, -7.812990765999928 ], [ 114.457722980000085, -7.813016077999976 ], [ 114.457713775000116, -7.813034485999935 ], [ 114.457709174000115, -7.813055196999926 ], [ 114.457709175000105, -7.813103518999981 ], [ 114.457709175000105, -7.813126528999931 ], [ 114.457709175000105, -7.813170249999928 ], [ 114.45768101200008, -7.813377322999941 ], [ 114.457671407000021, -7.81336822399993 ], [ 114.457585747000053, -7.813496715999975 ], [ 114.457450117, -7.813635913999974 ], [ 114.457089612000118, -7.813951784999972 ], [ 114.456993261000093, -7.813939294999955 ], [ 114.456932585000118, -7.813832218999949 ], [ 114.456964707000111, -7.813710866999941 ], [ 114.457032522000077, -7.813578806999942 ], [ 114.45706821400006, -7.813486007999927 ], [ 114.457075352000061, -7.813296840999953 ], [ 114.457153874000028, -7.81306484299995 ], [ 114.457218120000107, -7.812950628999943 ], [ 114.45736088700005, -7.812907797999969 ], [ 114.457403718000023, -7.812829276999935 ], [ 114.457428703, -7.812743615999977 ], [ 114.457564331000071, -7.812518756999964 ], [ 114.457525071000077, -7.812465218999932 ], [ 114.457393010000033, -7.81244380399994 ], [ 114.457346611000048, -7.812336727999934 ], [ 114.457232396000109, -7.811915563999946 ], [ 114.457100337000043, -7.811712119999981 ], [ 114.456993261000093, -7.811587197999927 ], [ 114.456664895000017, -7.811701411999934 ], [ 114.456636342000024, -7.811637165999969 ], [ 114.456943292, -7.811476552999977 ], [ 114.456857631000048, -7.811383752999973 ], [ 114.456907600000022, -7.81135876899998 ], [ 114.456782679000071, -7.811262400999965 ], [ 114.456532835000075, -7.811123202999966 ], [ 114.456436467000117, -7.811166032999949 ], [ 114.456236592000096, -7.811108925999974 ], [ 114.456211607000114, -7.81102683499995 ], [ 114.456232292000095, -7.81092341699997 ], [ 114.456258210000101, -7.810918232999938 ], [ 114.456273313000111, -7.81091521299993 ], [ 114.456307831000117, -7.810924416999967 ], [ 114.456342346000042, -7.810938222999937 ], [ 114.456358453, -7.810952029999953 ], [ 114.456386065000061, -7.810963534999928 ], [ 114.456413679000093, -7.810972738999965 ], [ 114.456443593000017, -7.810993449999955 ], [ 114.456473506000066, -7.811016458999973 ], [ 114.456483461000062, -7.811040349999928 ], [ 114.45648501200003, -7.811044071999959 ], [ 114.45648961400002, -7.811057878999975 ], [ 114.456508023000083, -7.811080888999982 ], [ 114.456528731000049, -7.811087792999956 ], [ 114.456544838000013, -7.811087791999967 ], [ 114.456586258000016, -7.811083190999966 ], [ 114.456611570000064, -7.811080888999982 ], [ 114.456620773000054, -7.811078589999966 ], [ 114.45663228, -7.81107858799993 ], [ 114.456669096000041, -7.811092393999957 ], [ 114.456696709000084, -7.811113103999958 ], [ 114.456715118000034, -7.811120006999943 ], [ 114.456733526000107, -7.811129211999969 ], [ 114.456751933000078, -7.811131512999964 ], [ 114.456814063000024, -7.811140716999944 ], [ 114.456848578000063, -7.811143017999939 ], [ 114.456857783000032, -7.811147618999939 ], [ 114.456865230000062, -7.811148327999945 ], [ 114.457003968000095, -7.811191017999931 ], [ 114.457039660000078, -7.811183878999941 ], [ 114.457044700000097, -7.811158681999927 ], [ 114.457053372000018, -7.811156823999966 ], [ 114.457080985000061, -7.811122307999938 ], [ 114.457085587000051, -7.811113103999958 ], [ 114.457115501000089, -7.811080888999982 ], [ 114.457127006000064, -7.81106017999997 ], [ 114.457131608000054, -7.811053276999928 ], [ 114.457152319000102, -7.811025663999942 ], [ 114.457170727000062, -7.811011856999926 ], [ 114.457191437, -7.811002653999935 ], [ 114.45721444600008, -7.81099575099995 ], [ 114.457232856000019, -7.81099114899996 ], [ 114.457271974000037, -7.81098424399994 ], [ 114.45730879100006, -7.810981942999945 ], [ 114.457338702000015, -7.81097503999996 ], [ 114.457396231000075, -7.810947427999963 ], [ 114.457414638000046, -7.810940523999932 ], [ 114.457430226000042, -7.810915017999946 ], [ 114.45743941, -7.810919758999944 ], [ 114.457485809000104, -7.81087692899996 ], [ 114.45754648500008, -7.810805544999937 ], [ 114.457657131000019, -7.810787698999945 ], [ 114.457733893000068, -7.810791268999935 ], [ 114.457750593000014, -7.810793256999943 ] ] ] } },
{ "type": "Feature", "properties": { "fid": 1358, "class_id": 3, "class_name": "Mangrove", "source": "BIG", "source_class": "Mangrove Sedang", "kode": "VALID", "alasan": "", "n_valid": 1853, "n_nodata": 0, "status_v5": "ok" }, "geometry": { "type": "Polygon", "coordinates": [ [ [ 114.085086221000097, -8.604570499999966 ], [ 114.085014004000072, -8.604688503999967 ], [ 114.084995726000102, -8.604742846999955 ], [ 114.084974264000039, -8.604824313999927 ], [ 114.084969177000062, -8.604896615999962 ], [ 114.084980960000053, -8.604950716999952 ], [ 114.08500855200009, -8.60499565899994 ], [ 114.085084775000041, -8.605022144999964 ], [ 114.085193896000078, -8.605048366999938 ], [ 114.085309677000055, -8.605056470999955 ], [ 114.085400502000084, -8.60506477499996 ], [ 114.085477293000054, -8.60509125599998 ], [ 114.085555785000111, -8.605117723999967 ], [ 114.085625495000045, -8.605180392999955 ], [ 114.085671457000103, -8.605252285999939 ], [ 114.085701536000101, -8.605324304999954 ], [ 114.085724243000072, -8.605396384999949 ], [ 114.085740710000096, -8.605468513999938 ], [ 114.085756610000089, -8.605540646999941 ], [ 114.085751450000089, -8.60560391599995 ], [ 114.085735441000111, -8.605658241999947 ], [ 114.085714180000082, -8.60569454299997 ], [ 114.085670232000098, -8.605731026999933 ], [ 114.085604803000024, -8.60577671599998 ], [ 114.08554433300003, -8.605804298999942 ], [ 114.085481667000067, -8.605840932999968 ], [ 114.085356115000081, -8.605887103999976 ], [ 114.085268072000076, -8.605942006999953 ], [ 114.085225971000114, -8.605996540999968 ], [ 114.085214426000107, -8.606041796999932 ], [ 114.08520246, -8.606105121999974 ], [ 114.085211407000088, -8.606159245999947 ], [ 114.08524417600006, -8.606213178999951 ], [ 114.085299487000043, -8.606248864999941 ], [ 114.085340966000103, -8.606257564999964 ], [ 114.085418031000017, -8.606247913999937 ], [ 114.085473544000024, -8.606238434999966 ], [ 114.085524444000043, -8.606219960999965 ], [ 114.085557196000082, -8.606201632999955 ], [ 114.085613202000104, -8.606183117999933 ], [ 114.085656803, -8.60617373499997 ], [ 114.085694238000087, -8.60617343499996 ], [ 114.085736082000039, -8.60622729499994 ], [ 114.085733411000092, -8.606317642999954 ], [ 114.085714419000055, -8.60635392599994 ], [ 114.085681668, -8.60637225499994 ], [ 114.085635378, -8.606399723999971 ], [ 114.085598089000086, -8.606418088999931 ], [ 114.085563143000059, -8.606445466999958 ], [ 114.085531032000063, -8.606472822999933 ], [ 114.085493396000061, -8.606518288999951 ], [ 114.085465402000068, -8.60656367699994 ], [ 114.085448899000085, -8.606627037999942 ], [ 114.085456144000091, -8.606681175999938 ], [ 114.085490542000116, -8.60672606299994 ], [ 114.0855371990001, -8.606743753999979 ], [ 114.085597322000012, -8.606743270999971 ], [ 114.085662476000039, -8.606733714999962 ], [ 114.085711255000092, -8.606733323999947 ], [ 114.085757765000039, -8.60673294999998 ], [ 114.08583150100003, -8.606732357999931 ], [ 114.085862002000113, -8.606786308999972 ], [ 114.085865918000081, -8.606849506999936 ], [ 114.085846355000058, -8.606890733999933 ], [ 114.085809892000043, -8.606875149999951 ], [ 114.085674769000093, -8.606794977999925 ], [ 114.085575333000065, -8.606841625999948 ], [ 114.085584184000027, -8.606876961999944 ], [ 114.085618227000055, -8.606929265999952 ], [ 114.085676087000024, -8.606957479999949 ], [ 114.085666753000055, -8.606991013999959 ], [ 114.085642602, -8.607086901999935 ], [ 114.085635911000054, -8.607095234999974 ], [ 114.085603306000053, -8.607131627999934 ], [ 114.085560858, -8.607213262999949 ], [ 114.085535005000111, -8.607312829999955 ], [ 114.085532407000073, -8.60741220999995 ], [ 114.085539031000053, -8.607529580999937 ], [ 114.085540788000117, -8.607746350999946 ], [ 114.085540459000072, -8.607845712999961 ], [ 114.085526591000075, -8.607954216999929 ], [ 114.085470475000079, -8.608099189999962 ], [ 114.085402375000058, -8.608235226999966 ], [ 114.085341850000077, -8.608326039999952 ], [ 114.085274024000114, -8.608425943999976 ], [ 114.085206545, -8.608498746999942 ], [ 114.085134603000029, -8.608580618999952 ], [ 114.085055286000056, -8.608662548999973 ], [ 114.084990498000025, -8.608717265999928 ], [ 114.084941517000061, -8.60876282199996 ], [ 114.084892537000087, -8.608808378999981 ], [ 114.084862274000102, -8.608853784999951 ], [ 114.084841086000097, -8.608899118999943 ], [ 114.084827346000111, -8.608953424999982 ], [ 114.084826651000071, -8.609007626999926 ], [ 114.084833823000054, -8.609052732999942 ], [ 114.084854608000114, -8.609097728999927 ], [ 114.084896307, -8.609133524999947 ], [ 114.084958498000105, -8.609178188999977 ], [ 114.085021256, -8.609222847999945 ], [ 114.085072451000087, -8.609240502999967 ], [ 114.085114149000105, -8.60927629899993 ], [ 114.08514862100003, -8.609330217999968 ], [ 114.085120554000014, -8.609366573999978 ], [ 114.085073696000109, -8.609394047999956 ], [ 114.084997416000078, -8.609430790999966 ], [ 114.084909152000023, -8.609458597999947 ], [ 114.084843997, -8.609468153999956 ], [ 114.08477941000001, -8.609477704999961 ], [ 114.084698226000114, -8.609469323999974 ], [ 114.084595984000089, -8.609452079999926 ], [ 114.084501041000067, -8.609425743999964 ], [ 114.084334064000018, -8.609399986999961 ], [ 114.084245654000028, -8.609409728999935 ], [ 114.084232008000072, -8.609414138999966 ], [ 114.084230987000069, -8.609387660999971 ], [ 114.084128860000078, -8.60923074699997 ], [ 114.084021349000068, -8.609002179999948 ], [ 114.083914072000084, -8.608802288999925 ], [ 114.083812023000064, -8.608654933999958 ], [ 114.083782008000071, -8.608507000999964 ], [ 114.083805129000098, -8.60839687999993 ], [ 114.083824145000108, -8.608372828999961 ], [ 114.083895986000016, -8.60834835299994 ], [ 114.083939206000082, -8.608348005999972 ], [ 114.084050202000071, -8.608414031999928 ], [ 114.084146790000091, -8.608480173999965 ], [ 114.084224092000113, -8.608536911999977 ], [ 114.084397634000084, -8.608616774999973 ], [ 114.084566024000083, -8.608653661999938 ], [ 114.084705369000062, -8.608662102999972 ], [ 114.084820469000078, -8.608642058999976 ], [ 114.084877903, -8.608617698999979 ], [ 114.084944516000064, -8.608540687999948 ], [ 114.084958186000108, -8.608449761999964 ], [ 114.084952803000078, -8.608378107999954 ], [ 114.084913804000053, -8.608306723999931 ], [ 114.084802614000068, -8.608216800999969 ], [ 114.084710867000013, -8.60815539999993 ], [ 114.084662534000017, -8.608117548999928 ], [ 114.084614472000112, -8.608113154999955 ], [ 114.084596115000068, -8.608218457999953 ], [ 114.084688018000065, -8.608298976999947 ], [ 114.084794404000036, -8.608388938999951 ], [ 114.084814079000012, -8.608446138999966 ], [ 114.084771400000022, -8.608513398999946 ], [ 114.08465641600003, -8.608547779999981 ], [ 114.084483378000073, -8.608530049999956 ], [ 114.084338611000021, -8.608445175999975 ], [ 114.084227616000021, -8.608379149999962 ], [ 114.084106939000094, -8.608303641999953 ], [ 114.083967168000072, -8.608242625999935 ], [ 114.083861517000059, -8.608243473999948 ], [ 114.083746649000091, -8.608292193999944 ], [ 114.083684723000033, -8.60835482799996 ], [ 114.083680617000027, -8.608440897999969 ], [ 114.083681779000017, -8.608584282999971 ], [ 114.083692197, -8.608684574999927 ], [ 114.083765587000016, -8.608851278999964 ], [ 114.083857954000109, -8.608989151999936 ], [ 114.083931229000086, -8.609141517999944 ], [ 114.083985139000106, -8.609274918999972 ], [ 114.084029018000024, -8.609355823999977 ], [ 114.084058529000117, -8.609441622999952 ], [ 114.084063558000025, -8.609512519999953 ], [ 114.084038516000078, -8.609537848999935 ], [ 114.08403716700002, -8.609540227999958 ], [ 114.084011474000022, -8.609561495999969 ], [ 114.083872284000108, -8.609572172999947 ], [ 114.083718455000053, -8.609554288999959 ], [ 114.083655754, -8.609521332999975 ], [ 114.083607420000021, -8.609483482999963 ], [ 114.083497006000016, -8.609489148999955 ], [ 114.08337171900007, -8.609437575999948 ], [ 114.08324170800006, -8.60939560099996 ], [ 114.083140743000058, -8.60938207199996 ], [ 114.08308803400007, -8.609396834999927 ], [ 114.083001901000102, -8.609435763999954 ], [ 114.08293505600011, -8.609484098999928 ], [ 114.082822985, -8.609581788999947 ], [ 114.082812722000085, -8.609796962999951 ], [ 114.082887467000091, -8.610130949999927 ], [ 114.08291293100001, -8.610309987999926 ], [ 114.082902958000091, -8.610561007999934 ], [ 114.08289172700006, -8.610656693999942 ], [ 114.082845253000073, -8.610848259999955 ], [ 114.082751239000117, -8.61109995399994 ], [ 114.082652868000082, -8.610813954999969 ], [ 114.082436531000099, -8.610638837999943 ], [ 114.082582974000047, -8.610189555999966 ], [ 114.082521251000117, -8.609980934999953 ], [ 114.082520283, -8.609861446999957 ], [ 114.081615732000046, -8.609360848999927 ], [ 114.081702390000032, -8.60894191999995 ], [ 114.081098955000016, -8.608558399999936 ], [ 114.080464539000104, -8.608055630999957 ], [ 114.080492136000089, -8.607756670999947 ], [ 114.081270578000044, -8.60751143899995 ], [ 114.081469333000086, -8.607388353999966 ], [ 114.081673014000103, -8.607389910999927 ], [ 114.081835906000038, -8.607340806999957 ], [ 114.081960301000095, -8.607282450999946 ], [ 114.081958598000028, -8.607072152999933 ], [ 114.0817806230001, -8.607081062999953 ], [ 114.081760542000097, -8.607010040999967 ], [ 114.08162277100007, -8.606522777999942 ], [ 114.081618660000117, -8.606014955999967 ], [ 114.081524748000106, -8.605537726999955 ], [ 114.082183611, -8.605353200999957 ], [ 114.083086457000036, -8.605644697999935 ], [ 114.083688678000044, -8.605878857999926 ], [ 114.084002094000084, -8.606181054999979 ], [ 114.084363426000095, -8.606321549999961 ], [ 114.084651447000056, -8.606304898999952 ], [ 114.084662058000049, -8.60642908799997 ], [ 114.084567407, -8.606601920999935 ], [ 114.084472755000093, -8.606774753999957 ], [ 114.084598002, -8.606821545999935 ], [ 114.084808606000024, -8.606733818999942 ], [ 114.085047635000024, -8.606598065999947 ], [ 114.085106953000036, -8.606497848999936 ], [ 114.085132914000042, -8.606453987999942 ], [ 114.085131288000071, -8.606253248999963 ], [ 114.084985980000056, -8.60610146199997 ], [ 114.08491062500002, -8.605998658999965 ], [ 114.084934868, -8.605572508999956 ], [ 114.084937315000047, -8.605177171999969 ], [ 114.084969840000099, -8.604554130999929 ], [ 114.0850930470001, -8.604557195999973 ], [ 114.085086221000097, -8.604570499999966 ] ] ] } },
{ "type": "Feature", "properties": { "fid": 1361, "class_id": 3, "class_name": "Mangrove", "source": "BIG", "source_class": "Mangrove Sedang", "kode": "VALID", "alasan": "", "n_valid": 78, "n_nodata": 0, "status_v5": "ok" }, "geometry": { "type": "Polygon", "coordinates": [ [ [ 112.841770820000079, -7.574024189999932 ], [ 112.841824630911475, -7.574027944336845 ], [ 112.842021927735189, -7.574284700477293 ], [ 112.841866491000019, -7.574427183999944 ], [ 112.841709447000085, -7.574565191999966 ], [ 112.841576198000098, -7.574736513999937 ], [ 112.841461983000045, -7.574831691999975 ], [ 112.841376323000077, -7.574960182999973 ], [ 112.841233555000031, -7.574817414999927 ], [ 112.841152654000098, -7.574693682999964 ], [ 112.84134301000006, -7.574470013999928 ], [ 112.841423912000096, -7.574365317999934 ], [ 112.841633305000073, -7.574146406999944 ], [ 112.841680894000092, -7.574017915999946 ], [ 112.841537949000099, -7.573847803999968 ], [ 112.841334902000085, -7.573641583999972 ], [ 112.841090610000037, -7.573422672999925 ], [ 112.840890736, -7.573270387999969 ], [ 112.840735278000011, -7.573229143999981 ], [ 112.840627409000035, -7.57326721499993 ], [ 112.840449742000033, -7.573444881999933 ], [ 112.84030697500009, -7.573698690999947 ], [ 112.840122963000113, -7.573933463999936 ], [ 112.840037302000042, -7.573870011999929 ], [ 112.840214969000044, -7.573647928999947 ], [ 112.840351391000013, -7.573457571999938 ], [ 112.840389463000065, -7.573356047999937 ], [ 112.840405326000109, -7.57332114999997 ], [ 112.84034821900002, -7.57324183399993 ], [ 112.840427534000014, -7.573172036999949 ], [ 112.840497331000051, -7.57322279899995 ], [ 112.840614718000097, -7.573140310999975 ], [ 112.840703551000047, -7.573080030999961 ], [ 112.840770176000092, -7.573070512999948 ], [ 112.840912944000024, -7.573137137999936 ], [ 112.841068402000019, -7.57324817999995 ], [ 112.841227033000109, -7.573403637999945 ], [ 112.841372973000034, -7.573527369999965 ], [ 112.841553812000029, -7.57370820899996 ], [ 112.841672405482242, -7.573829842750859 ], [ 112.841754982090677, -7.573937305460453 ], [ 112.841770820000079, -7.574024189999932 ] ] ] } },
{ "type": "Feature", "properties": { "fid": 1368, "class_id": 3, "class_name": "Mangrove", "source": "BIG", "source_class": "Mangrove Lebat", "kode": "VALID", "alasan": "", "n_valid": 2493, "n_nodata": 0, "status_v5": "ok" }, "geometry": { "type": "Polygon", "coordinates": [ [ [ 112.635818573000051, -7.068266138999945 ], [ 112.63548392000007, -7.068190658999981 ], [ 112.635225325000079, -7.068190658999981 ], [ 112.635042787000089, -7.067858548999936 ], [ 112.634757571000023, -7.067654754999978 ], [ 112.634426721000068, -7.067450959999974 ], [ 112.634244183000078, -7.067303773999981 ], [ 112.634346860000051, -7.067133944999966 ], [ 112.634540807, -7.066918827999928 ], [ 112.634609259000058, -7.066681066999934 ], [ 112.634495172000015, -7.066420661999928 ], [ 112.634506581000096, -7.065967782999962 ], [ 112.634506581000096, -7.065526224999928 ], [ 112.63458644100001, -7.065197886999954 ], [ 112.634734754000078, -7.064937480999959 ], [ 112.634974335000038, -7.064507244999959 ], [ 112.635065604000033, -7.064258159999952 ], [ 112.635179690000086, -7.064020397999968 ], [ 112.635407863000069, -7.063771312999961 ], [ 112.635738713000023, -7.063590160999979 ], [ 112.635989703000064, -7.063386363999939 ], [ 112.636297736000074, -7.063148600999966 ], [ 112.636468865000097, -7.062763650999955 ], [ 112.636719855000024, -7.062446632999979 ], [ 112.636833941000077, -7.062208869999949 ], [ 112.636811124000019, -7.062016394999944 ], [ 112.636959436000097, -7.061823918999949 ], [ 112.637119157000029, -7.061699375999979 ], [ 112.637666771000113, -7.061586154999929 ], [ 112.638088890000063, -7.061563510999974 ], [ 112.638556644, -7.061744664999935 ], [ 112.639058623000096, -7.061903173999951 ], [ 112.639366656000107, -7.062106970999935 ], [ 112.639594829000089, -7.062446632999979 ], [ 112.639674689000117, -7.062831582999934 ], [ 112.639572011000041, -7.063001413999928 ], [ 112.639343839000048, -7.063193888999933 ], [ 112.639712718000055, -7.063646770999981 ], [ 112.639469334000069, -7.064099651999925 ], [ 112.639347642000075, -7.064507244999959 ], [ 112.639239663699584, -7.064923970697149 ], [ 112.6376, -7.066 ], [ 112.636090761863869, -7.068217656036767 ], [ 112.635818573000051, -7.068266138999945 ] ] ] } },
{ "type": "Feature", "properties": { "fid": 1369, "class_id": 3, "class_name": "Mangrove", "source": "BIG", "source_class": "Mangrove Jarang", "kode": "VALID", "alasan": "", "n_valid": 22, "n_nodata": 0, "status_v5": "ok" }, "geometry": { "type": "Polygon", "coordinates": [ [ [ 112.822974060000092, -7.40646867199996 ], [ 112.823066858000061, -7.406490086999952 ], [ 112.823159657000019, -7.406490085999963 ], [ 112.823202487000117, -7.406515070999944 ], [ 112.823191780000116, -7.406557900999928 ], [ 112.823109689000034, -7.406557900999928 ], [ 112.822920522000118, -7.406554331999928 ], [ 112.822877691000031, -7.406554331999928 ], [ 112.822806307000064, -7.406554331999928 ], [ 112.822720647000097, -7.406536485999936 ], [ 112.822659971, -7.406515069999955 ], [ 112.822585018000041, -7.406536485999936 ], [ 112.822513634000074, -7.406557900999928 ], [ 112.822345882000036, -7.406529346999946 ], [ 112.822313760000043, -7.406490085999963 ], [ 112.822303052000052, -7.40646867199996 ], [ 112.822260221000079, -7.406468670999971 ], [ 112.822160284, -7.406522208999945 ], [ 112.822117454000022, -7.406554330999938 ], [ 112.822067485000048, -7.406561469999929 ], [ 112.822006808000083, -7.406554331999928 ], [ 112.822006809000072, -7.406525777999946 ], [ 112.822017516000074, -7.406475809999961 ], [ 112.822049639000056, -7.40642940999993 ], [ 112.822138869000014, -7.406350887999963 ], [ 112.822203114000104, -7.40631519599998 ], [ 112.82224705100009, -7.406305946999964 ], [ 112.822338743000046, -7.406297349999932 ], [ 112.822417265000013, -7.406336611999961 ], [ 112.822552895000058, -7.406365164999954 ], [ 112.822695662000115, -7.406411564999928 ], [ 112.82275990800008, -7.406440117999978 ], [ 112.822852707000038, -7.40646153299997 ], [ 112.82294193700011, -7.406468670999971 ], [ 112.822974060000092, -7.40646867199996 ] ] ] } },
{ "type": "Feature", "properties": { "fid": 1370, "class_id": 3, "class_name": "Mangrove", "source": "BIG", "source_class": "Mangrove Sedang", "kode": "VALID", "alasan": "", "n_valid": 190, "n_nodata": 0, "status_v5": "ok" }, "geometry": { "type": "Polygon", "coordinates": [ [ [ 112.703173891, -7.119810707999932 ], [ 112.703316658000062, -7.119751221999934 ], [ 112.703435631000048, -7.11979286199994 ], [ 112.70347132400002, -7.119876142999942 ], [ 112.70364978300006, -7.119852347999938 ], [ 112.703661680000096, -7.119959423999944 ], [ 112.703566502000058, -7.120215215999963 ], [ 112.703501066000058, -7.120393675999935 ], [ 112.703548656000066, -7.120643518999941 ], [ 112.703239326000016, -7.120732748999956 ], [ 112.703048969000065, -7.12117294899997 ], [ 112.702715844000068, -7.121089667999968 ], [ 112.702501693000045, -7.120952848999934 ], [ 112.702400566000051, -7.120893362999936 ], [ 112.702287542000022, -7.120857669999964 ], [ 112.7022102090001, -7.121024232999957 ], [ 112.702186415000028, -7.121161051999934 ], [ 112.702174517000117, -7.121232435999957 ], [ 112.702109082000106, -7.121381151999969 ], [ 112.702055544000018, -7.121571508999978 ], [ 112.702025801000104, -7.121660738999935 ], [ 112.701894930000094, -7.121809454999948 ], [ 112.701883033000058, -7.122017657999947 ], [ 112.701817598000048, -7.122011709999981 ], [ 112.701609395000105, -7.121928427999933 ], [ 112.701633190000052, -7.121845146999931 ], [ 112.701764061000063, -7.121827300999939 ], [ 112.701799752000056, -7.121761865999929 ], [ 112.701692676000107, -7.121702379999931 ], [ 112.701746215000071, -7.121636943999931 ], [ 112.701853290000031, -7.121630995999965 ], [ 112.701847341000075, -7.121517970999946 ], [ 112.701906828, -7.121458483999959 ], [ 112.701918725000041, -7.121339511999963 ], [ 112.701930622000077, -7.121250281999949 ], [ 112.701883033000058, -7.121155102999978 ], [ 112.701883033000058, -7.121083718999955 ], [ 112.701883033000058, -7.12099448999993 ], [ 112.70196631500005, -7.120851721999941 ], [ 112.702043646000106, -7.12075654399996 ], [ 112.702168569000037, -7.120667312999956 ], [ 112.702293490000102, -7.120637569999928 ], [ 112.702358926000102, -7.120703004999939 ], [ 112.702454104000026, -7.120792234999954 ], [ 112.702555231000019, -7.120816030999947 ], [ 112.702638512000021, -7.12078628699993 ], [ 112.702662307000082, -7.120708953999952 ], [ 112.702799126000059, -7.120708953999952 ], [ 112.702828869000086, -7.120554288999926 ], [ 112.702620667000019, -7.12048290599995 ], [ 112.702388669000015, -7.120310393999944 ], [ 112.702347028000077, -7.120203318999927 ], [ 112.70238272000006, -7.12003675699998 ], [ 112.702489796, -7.119852347999938 ], [ 112.702567128000055, -7.119858296999951 ], [ 112.702584974000047, -7.120024858999955 ], [ 112.702638512000021, -7.120090293999965 ], [ 112.702739639000015, -7.120108139999957 ], [ 112.702828869000086, -7.120007012999963 ], [ 112.702864561000069, -7.119846398999925 ], [ 112.702799126000059, -7.119751221999934 ], [ 112.702650410000047, -7.11969768299997 ], [ 112.702650409000057, -7.11955491599997 ], [ 112.702775331000112, -7.119608452999955 ], [ 112.702983534000055, -7.119661991999976 ], [ 112.703043020000109, -7.119739323999966 ], [ 112.703173891, -7.119810707999932 ] ] ] } },
{ "type": "Feature", "properties": { "fid": 1387, "class_id": 3, "class_name": "Mangrove", "source": "BIG", "source_class": "Mangrove Sedang", "kode": "VALID", "alasan": "", "n_valid": 2736, "n_nodata": 0, "status_v5": "ok" }, "geometry": { "type": "Polygon", "coordinates": [ [ [ 114.091124193000041, -8.611673885999949 ], [ 114.091494849000014, -8.611272180999947 ], [ 114.090850863000014, -8.610905222999975 ], [ 114.090847624000048, -8.610506526999927 ], [ 114.091110373000106, -8.609972782999932 ], [ 114.091425672000014, -8.609332291999976 ], [ 114.09131409500003, -8.608748396999943 ], [ 114.091361895000091, -8.608056893999958 ], [ 114.091489599000056, -8.607338166999966 ], [ 114.091297257000065, -8.606675177999932 ], [ 114.091480749000084, -8.606248398999981 ], [ 114.091502059000049, -8.605583689999946 ], [ 114.091766534000044, -8.605262584999934 ], [ 114.091922239000041, -8.604703121999933 ], [ 114.092318301000091, -8.604141725999966 ], [ 114.092341770000075, -8.603742814999976 ], [ 114.092390218000105, -8.603131051999981 ], [ 114.092170741000018, -8.602415117999954 ], [ 114.092159438000067, -8.602376158999959 ], [ 114.092183572000067, -8.602372758999934 ], [ 114.092543737000028, -8.602369861999932 ], [ 114.092755538, -8.602430294999976 ], [ 114.093192033000037, -8.602364646999945 ], [ 114.093452400000047, -8.602491605999944 ], [ 114.093469135000078, -8.602778256999954 ], [ 114.093452404000118, -8.603231273999938 ], [ 114.09348848500008, -8.603977821999933 ], [ 114.093822763000048, -8.604482981999979 ], [ 114.09439326800009, -8.604508262999957 ], [ 114.094876889000034, -8.604922597999973 ], [ 114.095045158000062, -8.605069052999966 ], [ 114.095389918000023, -8.605114436999941 ], [ 114.095421024000075, -8.605396191999944 ], [ 114.095610448000116, -8.605657552999958 ], [ 114.095770087, -8.605799659999946 ], [ 114.095930193000072, -8.605999119999979 ], [ 114.095874198000047, -8.60620032099996 ], [ 114.095515430000091, -8.606375281999931 ], [ 114.095283373000029, -8.606505616999925 ], [ 114.095251141000062, -8.606652245999953 ], [ 114.094804088000046, -8.60704420199994 ], [ 114.094602929000075, -8.607687732999977 ], [ 114.094744090000063, -8.607786741999973 ], [ 114.094831619000047, -8.607919870999979 ], [ 114.094804049000118, -8.608073044999969 ], [ 114.094679191000068, -8.608074049999971 ], [ 114.094534579000083, -8.608008297999959 ], [ 114.094429085000115, -8.608028266999952 ], [ 114.094333661000064, -8.608105511999952 ], [ 114.09415505100003, -8.608100978999971 ], [ 114.094107451000013, -8.608136311999942 ], [ 114.094168208000042, -8.60783917699996 ], [ 114.094292057000075, -8.607713905999958 ], [ 114.094349295000029, -8.607665647999966 ], [ 114.094416216000013, -8.607626870999979 ], [ 114.094472677000113, -8.607483023999976 ], [ 114.09416525600011, -8.607475939999972 ], [ 114.094031803, -8.607601287999955 ], [ 114.093898505000084, -8.60774575399995 ], [ 114.093966747000081, -8.607869477999941 ], [ 114.093852192000099, -8.607956435999938 ], [ 114.093728188000114, -8.608062588999928 ], [ 114.093815794000079, -8.608205276999968 ], [ 114.093827648000115, -8.608344011999975 ], [ 114.093674966000094, -8.608457347999945 ], [ 114.09351326500007, -8.608477981999954 ], [ 114.093317291000062, -8.608324004999929 ], [ 114.093211641000039, -8.608324854999978 ], [ 114.093135582000059, -8.60842106299998 ], [ 114.093087988000093, -8.60853224899995 ], [ 114.092925340000079, -8.60855300399993 ], [ 114.092611060000081, -8.608884141999965 ], [ 114.092612342000052, -8.609041863999948 ], [ 114.092699482000057, -8.609127198999943 ], [ 114.092899696000018, -8.609090933999937 ], [ 114.093883671000071, -8.608935928999927 ], [ 114.093652198000086, -8.609348956999952 ], [ 114.093721551000044, -8.609668403999933 ], [ 114.093613831000084, -8.609887227999934 ], [ 114.093478708000021, -8.610161718999962 ], [ 114.093723559000068, -8.610488441999962 ], [ 114.09332935000009, -8.610398324999949 ], [ 114.093185281000046, -8.610399484999959 ], [ 114.092754706000051, -8.610603701999935 ], [ 114.09279971, -8.610854102999951 ], [ 114.092616062000047, -8.611124616999973 ], [ 114.092382574000112, -8.610907822999934 ], [ 114.092135442000085, -8.610637365999935 ], [ 114.091618075000042, -8.610799261999944 ], [ 114.091678033000107, -8.611085565999929 ], [ 114.091952114000037, -8.611126377999938 ], [ 114.092326694, -8.611123361999944 ], [ 114.092574118000016, -8.611327418999963 ], [ 114.092529418000026, -8.611543544999961 ], [ 114.091992800000071, -8.611995967999974 ], [ 114.091155543000013, -8.612056497999959 ], [ 114.090964870000107, -8.61197556299993 ], [ 114.090942593000022, -8.611972973999968 ], [ 114.091124193000041, -8.611673885999949 ] ] ] } },
{ "type": "Feature", "properties": { "fid": 1409, "class_id": 3, "class_name": "Mangrove", "source": "BIG", "source_class": "Mangrove Sedang", "kode": "VALID", "alasan": "", "n_valid": 6, "n_nodata": 0, "status_v5": "ok" }, "geometry": { "type": "Polygon", "coordinates": [ [ [ 112.839385639000056, -7.340909515999954 ], [ 112.839457805000052, -7.340623653999955 ], [ 112.83953422400009, -7.340444958999967 ], [ 112.83954880400006, -7.340729288999967 ], [ 112.839506776, -7.340902651999954 ], [ 112.839385639000056, -7.340909515999954 ] ] ] } },
{ "type": "Feature", "properties": { "fid": 1411, "class_id": 3, "class_name": "Mangrove", "source": "BIG", "source_class": "Mangrove Sedang", "kode": "VALID", "alasan": "", "n_valid": 8210, "n_nodata": 0, "status_v5": "ok" }, "geometry": { "type": "Polygon", "coordinates": [ [ [ 114.351021102000118, -8.519950687999938 ], [ 114.350952131000099, -8.520213203999958 ], [ 114.350661783000078, -8.521181967999951 ], [ 114.350562019000108, -8.521444711999948 ], [ 114.350490710000031, -8.521669188999965 ], [ 114.350446599000065, -8.521815094999965 ], [ 114.350325786000099, -8.521727229999954 ], [ 114.350123532000111, -8.521620154999937 ], [ 114.349933175000047, -8.521465489999969 ], [ 114.349832047000064, -8.521328669999946 ], [ 114.349754715000017, -8.521150210999963 ], [ 114.349748766000062, -8.521019340999942 ], [ 114.349748767000051, -8.520834931999957 ], [ 114.349766612000053, -8.52069811299998 ], [ 114.349582204000058, -8.520394731999943 ], [ 114.349498923000056, -8.52021627299996 ], [ 114.349374001000115, -8.520067555999958 ], [ 114.34924907900006, -8.520008068999971 ], [ 114.349136055000031, -8.520014017999927 ], [ 114.348933801000044, -8.520037811999941 ], [ 114.348089092, -8.520733804999963 ], [ 114.347934427000041, -8.520751650999955 ], [ 114.34780950600009, -8.520686215999945 ], [ 114.347702430000027, -8.520585087999962 ], [ 114.347696481000071, -8.520406628999979 ], [ 114.347702430000027, -8.520305501999928 ], [ 114.347690533000105, -8.520055657999933 ], [ 114.347690533000105, -8.519918839999946 ], [ 114.347619149000025, -8.519776071999956 ], [ 114.347613200000069, -8.519645201999936 ], [ 114.34756561100005, -8.51939535799994 ], [ 114.347315767000055, -8.51939535799994 ], [ 114.347202743000025, -8.519205001999978 ], [ 114.347190846000103, -8.519008695999958 ], [ 114.347220589000017, -8.518854030999933 ], [ 114.347226538000086, -8.518645827999933 ], [ 114.347178948000078, -8.518413830999975 ], [ 114.347208692000095, -8.518175883999959 ], [ 114.347172999, -8.517973630999961 ], [ 114.347077821000084, -8.517943886999944 ], [ 114.346750645000043, -8.517824913999959 ], [ 114.346833926000045, -8.51761671099996 ], [ 114.347012386000074, -8.51747394399996 ], [ 114.34697471100003, -8.517304406999926 ], [ 114.347093684000015, -8.516986153999937 ], [ 114.347530910000046, -8.516495389999932 ], [ 114.347391117000029, -8.516422994999971 ], [ 114.347724241000037, -8.515761504999944 ], [ 114.347186483000087, -8.51559494199995 ], [ 114.347505331000093, -8.51490489899993 ], [ 114.346325119000085, -8.514709782999944 ], [ 114.346639208000056, -8.513872212999956 ], [ 114.345925369000042, -8.513796070999945 ], [ 114.345882539000058, -8.51403877499996 ], [ 114.345692443000075, -8.514051884999958 ], [ 114.345644986000025, -8.513784143999942 ], [ 114.345471222000015, -8.512774226999966 ], [ 114.346137903000113, -8.512506597999959 ], [ 114.34750791700003, -8.512079391999976 ], [ 114.34752865300004, -8.511887674999969 ], [ 114.347567197000103, -8.51187346599994 ], [ 114.347732996000104, -8.510305487999972 ], [ 114.347863806000078, -8.50958391599994 ], [ 114.348362936000058, -8.509543491999978 ], [ 114.3487174710001, -8.509630740999967 ], [ 114.349067376000107, -8.509772211999973 ], [ 114.349320086000034, -8.509950641999978 ], [ 114.349586639000108, -8.510156043999928 ], [ 114.349929661000033, -8.510288543999934 ], [ 114.350310544000081, -8.510276228999942 ], [ 114.350559039000018, -8.510165719999975 ], [ 114.350900525000043, -8.50999119599993 ], [ 114.3511373340001, -8.509971092999933 ], [ 114.351504200000022, -8.509976957999982 ], [ 114.351951439000118, -8.510162737999963 ], [ 114.352246197000113, -8.510286620999977 ], [ 114.35265172000004, -8.510499850999963 ], [ 114.352953376000073, -8.510569489999966 ], [ 114.353238592000025, -8.510639271999935 ], [ 114.353461117000052, -8.510736685999973 ], [ 114.353702019000025, -8.510861030999934 ], [ 114.354147576000059, -8.510983609999926 ], [ 114.354472349000048, -8.51090856299993 ], [ 114.354709236000076, -8.510897485999976 ], [ 114.354947809, -8.510949607999976 ], [ 114.355353665000052, -8.51113573899994 ], [ 114.355427107000082, -8.511205483999959 ], [ 114.355415373000028, -8.511215147999962 ], [ 114.355480809000028, -8.511292479999952 ], [ 114.355546244000038, -8.51141740199995 ], [ 114.355540295000083, -8.51157801599993 ], [ 114.355558141000074, -8.511685090999947 ], [ 114.355635473, -8.511691040999949 ], [ 114.35562952500004, -8.511827858999936 ], [ 114.355629524000051, -8.511934934999942 ], [ 114.355641422000076, -8.512083651999944 ], [ 114.355699674000107, -8.51229335599993 ], [ 114.355673570000022, -8.512388201999954 ], [ 114.355656107000073, -8.512441562999982 ], [ 114.355649629000027, -8.512450200999979 ], [ 114.355558141000074, -8.512440570999956 ], [ 114.355462963000036, -8.512416775999952 ], [ 114.355457014000081, -8.512494108999931 ], [ 114.35556409000003, -8.51254169799995 ], [ 114.355581658, -8.51259440299998 ], [ 114.355558735000045, -8.512699097999928 ], [ 114.355563889000109, -8.512936164999928 ], [ 114.355571052000073, -8.512958478999963 ], [ 114.355558141000074, -8.513029486999926 ], [ 114.355498655000019, -8.513047332999975 ], [ 114.355504604000089, -8.513142511999945 ], [ 114.355493471000045, -8.513235278999957 ], [ 114.35457, -8.51445 ], [ 114.354552426000055, -8.514471312999945 ], [ 114.354461190000052, -8.51443537199998 ], [ 114.354193501000054, -8.514375884999936 ], [ 114.353735454000116, -8.514078452999968 ], [ 114.353604583000106, -8.514024914999936 ], [ 114.353342843000064, -8.51391783899993 ], [ 114.353063256000041, -8.513804814999958 ], [ 114.352997821000031, -8.513781019999954 ], [ 114.352795567000044, -8.513673944999937 ], [ 114.352753926000105, -8.513685840999926 ], [ 114.352527877000057, -8.513685841999973 ], [ 114.352331572000026, -8.513697738999952 ], [ 114.352176907000057, -8.513685841999973 ], [ 114.352075780000064, -8.513656097999956 ], [ 114.35197465300007, -8.513572816999954 ], [ 114.351891372000068, -8.513489535999952 ], [ 114.351855679000096, -8.513370562999967 ], [ 114.35190921800006, -8.513215897999942 ], [ 114.351730758000031, -8.513186154999971 ], [ 114.351540401000079, -8.513138564999963 ], [ 114.35136194100005, -8.513019592999967 ], [ 114.351201328000116, -8.513025540999934 ], [ 114.351022869000076, -8.513114770999948 ], [ 114.350897947000021, -8.513162359999967 ], [ 114.350624309000068, -8.513227794999978 ], [ 114.350618360000112, -8.513293229999931 ], [ 114.350725435000072, -8.513311075999979 ], [ 114.350850357000013, -8.513352716999975 ], [ 114.350856306000082, -8.513424100999941 ], [ 114.350850358000116, -8.513554971999952 ], [ 114.350808717000064, -8.513721532999966 ], [ 114.350761128000045, -8.513792916999932 ], [ 114.350529130000041, -8.513894043999926 ], [ 114.35039826000002, -8.513947581999957 ], [ 114.350219800000104, -8.513923786999953 ], [ 114.350142468000058, -8.513929735999966 ], [ 114.350011597000048, -8.513971376999962 ], [ 114.349892624000063, -8.514001119999932 ], [ 114.349749857, -8.514042759999938 ], [ 114.349535705000108, -8.514054657999964 ], [ 114.349363194000034, -8.514007068999945 ], [ 114.349220427000091, -8.513894043999926 ], [ 114.34906576100002, -8.51374532799997 ], [ 114.348833765000109, -8.513590663999935 ], [ 114.348655305000079, -8.513430049999954 ], [ 114.348506589000067, -8.513358665999931 ], [ 114.348232951000114, -8.513305127999956 ], [ 114.347893877000047, -8.513299178999944 ], [ 114.347465574000012, -8.513293229999931 ], [ 114.347102706000101, -8.513287281999965 ], [ 114.34709259400006, -8.513362829999949 ], [ 114.34719966900002, -8.513365804999978 ], [ 114.347345412000095, -8.513374726999928 ], [ 114.347470334000036, -8.513371751999955 ], [ 114.347589307000021, -8.513386623999963 ], [ 114.347654741000042, -8.513392572999976 ], [ 114.347717203000116, -8.513449084999934 ], [ 114.34781535500008, -8.51345800799993 ], [ 114.348088993000033, -8.513452058999974 ], [ 114.348172274000035, -8.513446110999951 ], [ 114.348315042000081, -8.513401495999972 ], [ 114.348413195000035, -8.513419341999963 ], [ 114.348652628000082, -8.513568057999976 ], [ 114.348890574000052, -8.513794106999967 ], [ 114.34904523900002, -8.51397256599995 ], [ 114.349342672000034, -8.51424620399996 ], [ 114.349582997000084, -8.514196235999975 ], [ 114.349649622000015, -8.514177199999949 ], [ 114.3499637110001, -8.514086780999946 ], [ 114.350130273000104, -8.514110574999961 ], [ 114.350358702000108, -8.514043950999962 ], [ 114.350434844, -8.514039190999938 ], [ 114.350539541000103, -8.514005878999967 ], [ 114.350710861000039, -8.51395353099997 ], [ 114.350777487000073, -8.513944012999957 ], [ 114.350834593000059, -8.51384883399993 ], [ 114.350915495000095, -8.513715584999943 ], [ 114.350953566000044, -8.513629923999929 ], [ 114.351039227000115, -8.513420531999941 ], [ 114.351101094000114, -8.513334870999927 ], [ 114.351167718000056, -8.513253968999948 ], [ 114.351234343000101, -8.513177826999936 ], [ 114.351343798000016, -8.513130236999928 ], [ 114.351500843000053, -8.513192102999938 ], [ 114.351586503000021, -8.513306317999934 ], [ 114.351524637000011, -8.513396736999937 ], [ 114.351562708000074, -8.513458602999947 ], [ 114.351714994000076, -8.513572816999954 ], [ 114.351814932000025, -8.513648959999955 ], [ 114.351910110000063, -8.513729861999934 ], [ 114.35205763700003, -8.513801244999968 ], [ 114.352214681000078, -8.51382979899995 ], [ 114.352381243000082, -8.513867869999956 ], [ 114.352628707, -8.513901182999973 ], [ 114.352761957000098, -8.513905941999951 ], [ 114.35297610900011, -8.513929735999966 ], [ 114.353218814000115, -8.514062986999932 ], [ 114.353432965000025, -8.51412961099993 ], [ 114.35361380400002, -8.514262860999963 ], [ 114.3536851880001, -8.514367556999957 ], [ 114.353866027000095, -8.514467494999963 ], [ 114.353999277000071, -8.514557913999965 ], [ 114.354142045000117, -8.514634056999967 ], [ 114.354213429000083, -8.514714958999946 ], [ 114.354308606000018, -8.514710199999968 ], [ 114.354342730000099, -8.514729157999966 ], [ 114.354106221000052, -8.515020558999936 ], [ 114.353829264000069, -8.515497349999976 ], [ 114.35372, -8.51569 ], [ 114.353599706000068, -8.515883028999951 ], [ 114.353296002000093, -8.516382119999946 ], [ 114.352959837000071, -8.516972000999942 ], [ 114.352685287000099, -8.517418696999925 ], [ 114.35266, -8.51746 ], [ 114.352659364000033, -8.517460874999927 ], [ 114.35265852100008, -8.51746224599998 ], [ 114.352425516000039, -8.517789353999945 ], [ 114.352219990000094, -8.518043345999956 ], [ 114.35212, -8.51817 ], [ 114.35155, -8.5189 ], [ 114.351175357607303, -8.519501170351072 ], [ 114.3511, -8.5196 ], [ 114.351077499819198, -8.519745001165148 ], [ 114.351021102000118, -8.519950687999938 ] ] ] } },
{ "type": "Feature", "properties": { "fid": 1440, "class_id": 3, "class_name": "Mangrove", "source": "BIG", "source_class": "Mangrove Sedang", "kode": "VALID", "alasan": "", "n_valid": 20, "n_nodata": 4, "status_v5": "ok" }, "geometry": { "type": "Polygon", "coordinates": [ [ [ 113.92632, -7.69907 ], [ 113.926414627000099, -7.699273446999939 ], [ 113.926307683, -7.699173403999964 ], [ 113.926186331000054, -7.69909131299994 ], [ 113.926036425, -7.699055620999957 ], [ 113.925910237000039, -7.699067638999963 ], [ 113.925783710000019, -7.698994789999972 ], [ 113.925602502000061, -7.69897408099996 ], [ 113.925431648000085, -7.698984434999943 ], [ 113.925322923000067, -7.698994789999972 ], [ 113.925238295910276, -7.698992145610932 ], [ 113.9256, -7.6987 ], [ 113.926239784946333, -7.698961136712787 ], [ 113.92632, -7.69907 ] ] ] } },
{ "type": "Feature", "properties": { "fid": 1466, "class_id": 3, "class_name": "Mangrove", "source": "BIG", "source_class": "Mangrove Sedang", "kode": "VALID", "alasan": "", "n_valid": 49, "n_nodata": 0, "status_v5": "ok" }, "geometry": { "type": "Polygon", "coordinates": [ [ [ 112.826688098000091, -7.496759706999967 ], [ 112.826502500000061, -7.496959581999931 ], [ 112.826283589000013, -7.497216563999928 ], [ 112.82601709000005, -7.49694530499994 ], [ 112.82583149200002, -7.496797778999962 ], [ 112.826078955000071, -7.496464653999965 ], [ 112.826289171951274, -7.496349768362029 ], [ 112.82669532962052, -7.496742079747093 ], [ 112.826688098000091, -7.496759706999967 ] ] ] } },
{ "type": "Feature", "properties": { "fid": 1478, "class_id": 3, "class_name": "Mangrove", "source": "BIG", "source_class": "Mangrove Sedang", "kode": "VALID", "alasan": "", "n_valid": 110, "n_nodata": 0, "status_v5": "ok" }, "geometry": { "type": "Polygon", "coordinates": [ [ [ 112.876077192000025, -7.618582840999977 ], [ 112.875705193000044, -7.618575249999935 ], [ 112.875686960000053, -7.617754788999946 ], [ 112.875696479000112, -7.617240825999943 ], [ 112.875715515000024, -7.616945771999951 ], [ 112.875667925000016, -7.61660312999993 ], [ 112.875667925000016, -7.616203380999934 ], [ 112.875601300000085, -7.615889291999963 ], [ 112.875563229000022, -7.615489542999967 ], [ 112.875553711000066, -7.615356291999944 ], [ 112.875705996000079, -7.615337256999965 ], [ 112.875791657000036, -7.615813148999962 ], [ 112.875915389000056, -7.616250968999964 ], [ 112.87589635300003, -7.616584094999951 ], [ 112.875982014000101, -7.617269378999936 ], [ 112.875962979000064, -7.617592985999977 ], [ 112.876010567000094, -7.618211645999963 ], [ 112.876077192000025, -7.618582840999977 ] ] ] } },
{ "type": "Feature", "properties": { "fid": 1491, "class_id": 3, "class_name": "Mangrove", "source": "BIG", "source_class": "Mangrove Sedang", "kode": "VALID", "alasan": "", "n_valid": 21, "n_nodata": 0, "status_v5": "ok" }, "geometry": { "type": "Polygon", "coordinates": [ [ [ 113.940234287000067, -7.682974716999979 ], [ 113.940131528000052, -7.682907802999978 ], [ 113.940038364000088, -7.682819963999975 ], [ 113.939919391000103, -7.682667678999962 ], [ 113.939828971000111, -7.682448767999972 ], [ 113.939762346000066, -7.682263170999931 ], [ 113.939733396000065, -7.682147369999939 ], [ 113.93974331000004, -7.682068053999956 ], [ 113.939795658000094, -7.682115643999964 ], [ 113.939819453000041, -7.682172750999939 ], [ 113.939938426000026, -7.682315517999939 ], [ 113.9401145060001, -7.682586776999926 ], [ 113.940333417000033, -7.682881829999928 ], [ 113.940361970000026, -7.682967489999953 ], [ 113.940400042000078, -7.683091222999963 ], [ 113.940271753000047, -7.683016126999973 ], [ 113.940234287000067, -7.682974716999979 ] ] ] } },
{ "type": "Feature", "properties": { "fid": 1499, "class_id": 3, "class_name": "Mangrove", "source": "BIG", "source_class": "Mangrove Sedang", "kode": "VALID", "alasan": "", "n_valid": 332, "n_nodata": 1, "status_v5": "ok" }, "geometry": { "type": "Polygon", "coordinates": [ [ [ 112.816580356000031, -7.483642346999943 ], [ 112.815189763000035, -7.48493412299996 ], [ 112.814672137000116, -7.485885478999933 ], [ 112.814398236000102, -7.486422459999972 ], [ 112.814060318000088, -7.486316681999938 ], [ 112.814775969000038, -7.485027687999946 ], [ 112.815647041000034, -7.484227975999943 ], [ 112.816609831000051, -7.483351333999963 ], [ 112.815839427000014, -7.482527765999976 ], [ 112.81528973200011, -7.483142433999944 ], [ 112.814756072000023, -7.483925444999954 ], [ 112.814130497000065, -7.484739454999954 ], [ 112.813459281000064, -7.485645512999952 ], [ 112.813198314000033, -7.485600656999964 ], [ 112.813777176000031, -7.484618428999966 ], [ 112.81450892700002, -7.483513091999953 ], [ 112.815425510000068, -7.482590712999979 ], [ 112.815661785000088, -7.482338514999981 ], [ 112.815735035614594, -7.482204281459556 ], [ 112.816938278928617, -7.483267146386945 ], [ 112.816580356000031, -7.483642346999943 ] ] ] } },
{ "type": "Feature", "properties": { "fid": 1500, "class_id": 4, "class_name": "Lahan hijau", "source": "BIG", "source_class": "Kebun Campuran", "kode": "VALID", "alasan": "", "n_valid": 38, "n_nodata": 0, "status_v5": "ok" }, "geometry": { "type": "Polygon", "coordinates": [ [ [ 114.302593154000078, -7.775070776999939 ], [ 114.302797525000074, -7.774401304999969 ], [ 114.303019869000082, -7.774495151999929 ], [ 114.303152098000055, -7.77455385899998 ], [ 114.303218773000026, -7.774654891999944 ], [ 114.303238190000116, -7.77483992699996 ], [ 114.302970690000052, -7.775098876999948 ], [ 114.302812803000052, -7.775210648999973 ], [ 114.302593154000078, -7.775070776999939 ] ] ] } },
{ "type": "Feature", "properties": { "fid": 1517, "class_id": 4, "class_name": "Lahan hijau", "source": "BIG", "source_class": "Semak", "kode": "VALID", "alasan": "", "n_valid": 248, "n_nodata": 0, "status_v5": "ok" }, "geometry": { "type": "Polygon", "coordinates": [ [ [ 112.731955366000079, -8.12452405099998 ], [ 112.731981003000101, -8.124624415999961 ], [ 112.73198869700002, -8.124739209999973 ], [ 112.731989082000041, -8.124828917999935 ], [ 112.731957612000087, -8.125047940999934 ], [ 112.731950841000071, -8.125148443999933 ], [ 112.731951241000047, -8.125241739999979 ], [ 112.731962460000091, -8.12533857699998 ], [ 112.731969985000092, -8.125413900999945 ], [ 112.731970354000055, -8.125500019999947 ], [ 112.731967292000036, -8.125625624999941 ], [ 112.731964122000022, -8.125726112999928 ], [ 112.732036214, -8.125701164999953 ], [ 112.732076622000022, -8.125692932999925 ], [ 112.732059526000057, -8.125999579999927 ], [ 112.732031104000043, -8.126089409999963 ], [ 112.731959363000101, -8.126154305999933 ], [ 112.731901918000062, -8.126194021999936 ], [ 112.731804801000067, -8.126219553999931 ], [ 112.731743617, -8.126226991999943 ], [ 112.731686079000042, -8.126245178999966 ], [ 112.731653840000035, -8.126284787999964 ], [ 112.731639668000071, -8.126338672999964 ], [ 112.731593148000115, -8.126407049999955 ], [ 112.731532256000037, -8.126482664999969 ], [ 112.731528825000055, -8.12652215199995 ], [ 112.731539704000056, -8.126540046999935 ], [ 112.731575744000111, -8.126547069999958 ], [ 112.731626003000088, -8.126510972999938 ], [ 112.73169422, -8.12646403399998 ], [ 112.731762514000025, -8.126435035999975 ], [ 112.731892131000109, -8.126430894999942 ], [ 112.732072145000075, -8.126422951999928 ], [ 112.73215838200008, -8.126379523999958 ], [ 112.732247851000011, -8.126249961999974 ], [ 112.732312390000061, -8.126185096999961 ], [ 112.732405521000032, -8.126069872999949 ], [ 112.732502545000102, -8.126022810999928 ], [ 112.732639271000039, -8.125997109999958 ], [ 112.732813639000028, -8.126010004999955 ], [ 112.732826357000022, -8.126010944999962 ], [ 112.732816880000087, -8.126013120999971 ], [ 112.732835113000078, -8.126030649999961 ], [ 112.732759962000046, -8.126052755999979 ], [ 112.732612592, -8.126115581999954 ], [ 112.732489228000077, -8.126178304999939 ], [ 112.732407823000017, -8.126228888999947 ], [ 112.732331302000034, -8.126298589999976 ], [ 112.732274010000083, -8.126374188999932 ], [ 112.732209512000054, -8.126448623999977 ], [ 112.732182029000114, -8.126477446999957 ], [ 112.732138905000056, -8.126497964999942 ], [ 112.732066974000077, -8.126518605999934 ], [ 112.731984153000099, -8.126518957999963 ], [ 112.731795747000092, -8.126529329999926 ], [ 112.731728602000089, -8.126546360999953 ], [ 112.731701108000038, -8.12657279299998 ], [ 112.731684386000097, -8.126592001999938 ], [ 112.731662924000034, -8.126625584999942 ], [ 112.731646305000027, -8.126668715999926 ], [ 112.731638036000049, -8.126699849999966 ], [ 112.731628598000043, -8.126738165999939 ], [ 112.73161316300002, -8.126777703999949 ], [ 112.731602499000019, -8.126810043999967 ], [ 112.731591850000086, -8.126845972999945 ], [ 112.731573984000079, -8.126878344999966 ], [ 112.731520299000067, -8.126955124999938 ], [ 112.731488019000039, -8.126985164999951 ], [ 112.731449855000051, -8.127042740999968 ], [ 112.731399755000098, -8.127115917999959 ], [ 112.731324526000094, -8.127207142999964 ], [ 112.731300664000059, -8.127240735999976 ], [ 112.731283982000036, -8.127269513999977 ], [ 112.731278906000057, -8.127279225999928 ], [ 112.731229683000038, -8.127287262999971 ], [ 112.731081175000099, -8.127311519999978 ], [ 112.730955461, -8.127332052999975 ], [ 112.730685202000018, -8.127404573999968 ], [ 112.730629348000093, -8.127419560999954 ], [ 112.730310455000108, -8.127393224999935 ], [ 112.730071355000064, -8.127373477999981 ], [ 112.730082172000039, -8.127301360999979 ], [ 112.730182772000035, -8.127248303999977 ], [ 112.730264393000084, -8.127247956999952 ], [ 112.73037484200006, -8.127252270999975 ], [ 112.73050946, -8.127294757999948 ], [ 112.73062953200008, -8.127303815999937 ], [ 112.73070128300003, -8.127241312999956 ], [ 112.730720140000017, -8.127159895999966 ], [ 112.730719832000091, -8.127088129999947 ], [ 112.730757483000048, -8.126910944999963 ], [ 112.730761935000032, -8.126829589999943 ], [ 112.730790168000112, -8.12669550399994 ], [ 112.730837852000036, -8.126618748999931 ], [ 112.730943335, -8.126584808999951 ], [ 112.731096728000011, -8.126526741999953 ], [ 112.731178164000085, -8.126483334999932 ], [ 112.73124486800009, -8.126363439999977 ], [ 112.731316352000022, -8.126238738999973 ], [ 112.731388104000075, -8.126176234999946 ], [ 112.731445267000026, -8.126070732999949 ], [ 112.731454541000062, -8.125994141999968 ], [ 112.731454213, -8.125917591999951 ], [ 112.731468165000024, -8.125812273999941 ], [ 112.731535279000013, -8.125788065999927 ], [ 112.731655309000075, -8.125787554999931 ], [ 112.731789620000086, -8.125758275999942 ], [ 112.731866172000082, -8.125695751999956 ], [ 112.731875528000046, -8.125638298999945 ], [ 112.731875241000012, -8.125571316999981 ], [ 112.731860324000081, -8.125451768999937 ], [ 112.731850435000069, -8.125384827999937 ], [ 112.731797375000042, -8.125327640999956 ], [ 112.731605307000109, -8.125323673999958 ], [ 112.731441841000105, -8.125271740999949 ], [ 112.731316887000048, -8.125243565999938 ], [ 112.731155782000087, -8.12520233999993 ], [ 112.73089372600009, -8.125092263999932 ], [ 112.730677180000043, -8.124978357999964 ], [ 112.730369720000112, -8.124936605999949 ], [ 112.730239924000102, -8.124898882999958 ], [ 112.730177160000039, -8.124817813999925 ], [ 112.730172010000047, -8.124736498999937 ], [ 112.730200428000103, -8.12464547299993 ], [ 112.730267009000045, -8.124496870999963 ], [ 112.730358272000103, -8.124506051999958 ], [ 112.730440651000094, -8.124682726999936 ], [ 112.730479409000054, -8.124763897999969 ], [ 112.730594986000028, -8.124844742999926 ], [ 112.730989299000044, -8.124986598999953 ], [ 112.731046605000074, -8.124914587999967 ], [ 112.731132616000082, -8.124818531999949 ], [ 112.731228558000112, -8.124798985999973 ], [ 112.731338821, -8.124760240999933 ], [ 112.731429777000017, -8.124697654999977 ], [ 112.731443709000018, -8.124587552999969 ], [ 112.731457911, -8.124376326999936 ], [ 112.731907769000031, -8.124432223999975 ], [ 112.731955366000079, -8.12452405099998 ] ], [ [ 112.731266145000063, -8.126865319999979 ], [ 112.731161257000053, -8.127038007999943 ], [ 112.731326368000055, -8.127113401999964 ], [ 112.731445484, -8.126955306999946 ], [ 112.731266145000063, -8.126865319999979 ] ] ] } },
{ "type": "Feature", "properties": { "fid": 1524, "class_id": 4, "class_name": "Lahan hijau", "source": "BIG", "source_class": "Perkebunan Belum Menghasilkan", "kode": "VALID", "alasan": "", "n_valid": 204, "n_nodata": 0, "status_v5": "ok" }, "geometry": { "type": "Polygon", "coordinates": [ [ [ 113.91232246300001, -7.700235911999926 ], [ 113.912349844, -7.700034935999952 ], [ 113.91257009200001, -7.700004753999963 ], [ 113.912666719000072, -7.700118832999976 ], [ 113.912601132000077, -7.700339190999955 ], [ 113.912563643000112, -7.700463743999933 ], [ 113.912511491000032, -7.700545357999943 ], [ 113.913079496000023, -7.700617306999959 ], [ 113.913174864000098, -7.700273683999967 ], [ 113.913205781000102, -7.700162282999941 ], [ 113.913465151000082, -7.700246572999959 ], [ 113.913440517000026, -7.70035272399997 ], [ 113.913303503000066, -7.70094312599997 ], [ 113.913205426000104, -7.701365750999969 ], [ 113.913133694000066, -7.701357128999973 ], [ 113.913132701000109, -7.701356997999937 ], [ 113.912653977000105, -7.701288687999977 ], [ 113.912653170000112, -7.701288579999925 ], [ 113.912652209000044, -7.701288469999952 ], [ 113.912297527000078, -7.701251989999946 ], [ 113.912305393000111, -7.701217092999968 ], [ 113.912372289000018, -7.701187953999977 ], [ 113.912366778000091, -7.701099846999966 ], [ 113.912356147000082, -7.700929906999932 ], [ 113.912357938000014, -7.70089089399994 ], [ 113.912364490000073, -7.700748183999963 ], [ 113.91224843100008, -7.700595990999943 ], [ 113.912021642000013, -7.700429790999976 ], [ 113.911979477000045, -7.700511767999956 ], [ 113.911912428000051, -7.700790482999935 ], [ 113.911635645000047, -7.700718650999931 ], [ 113.911567378000086, -7.700547008999933 ], [ 113.911633881000057, -7.700460504999967 ], [ 113.911537252000016, -7.700346424999964 ], [ 113.91149813200002, -7.700231954999936 ], [ 113.911535619, -7.700107400999968 ], [ 113.911697969000102, -7.700020245999951 ], [ 113.911646777000101, -7.699920772999974 ], [ 113.911421936000011, -7.699930930999926 ], [ 113.911300894000078, -7.699940381999966 ], [ 113.911230809000017, -7.699811420999936 ], [ 113.911264290000076, -7.699647239999933 ], [ 113.911393273000044, -7.699534184999948 ], [ 113.911479951000047, -7.699559482999973 ], [ 113.911627236000072, -7.699592998999947 ], [ 113.911921807000112, -7.699660029999961 ], [ 113.912053089000096, -7.699883493999948 ], [ 113.911909219000108, -7.700076177999961 ], [ 113.912149744000089, -7.700180742999976 ], [ 113.91232246300001, -7.700235911999926 ] ] ] } },
{ "type": "Feature", "properties": { "fid": 1532, "class_id": 4, "class_name": "Lahan hijau", "source": "BIG", "source_class": "Perkebunan Sudah Menghasilkan", "kode": "VALID", "alasan": "", "n_valid": 418, "n_nodata": 0, "status_v5": "ok" }, "geometry": { "type": "Polygon", "coordinates": [ [ [ 112.414564040000073, -8.296091298999954 ], [ 112.414444604000096, -8.296277146999955 ], [ 112.414348738000058, -8.296337300999937 ], [ 112.414276742000084, -8.296355500999937 ], [ 112.414247210000099, -8.296493178999981 ], [ 112.414355706000038, -8.296606440999938 ], [ 112.414308265000045, -8.296774088999939 ], [ 112.414225436000038, -8.297121304999962 ], [ 112.414544577000015, -8.297143449999965 ], [ 112.414518433000012, -8.29735805699994 ], [ 112.414498974000026, -8.297694409999963 ], [ 112.414269482, -8.297683402999951 ], [ 112.414143762000094, -8.297791514999972 ], [ 112.414072087000022, -8.297899434999977 ], [ 112.413886403000106, -8.298031684999955 ], [ 112.413640476000069, -8.298110315999963 ], [ 112.413232221000044, -8.298135689999981 ], [ 112.413028051000083, -8.298136413999941 ], [ 112.412865915000111, -8.298136987999953 ], [ 112.412739917000067, -8.298167341999942 ], [ 112.412559916000077, -8.298209849999978 ], [ 112.412337881000099, -8.298252506999972 ], [ 112.412040205000039, -8.298237018999941 ], [ 112.411986537000075, -8.297866959999965 ], [ 112.411921496000105, -8.297418479999976 ], [ 112.412220559000048, -8.297349727999972 ], [ 112.412169833, -8.29681523499994 ], [ 112.412680739000052, -8.296765978999929 ], [ 112.412983644000064, -8.296736775999932 ], [ 112.412789409000084, -8.296797414999958 ], [ 112.4125978940001, -8.297042107999971 ], [ 112.412672246000056, -8.297654457999954 ], [ 112.41291749100003, -8.297634421999931 ], [ 112.412998998000035, -8.297567139999956 ], [ 112.413138341000035, -8.297533103999967 ], [ 112.413397674000066, -8.297412571999928 ], [ 112.413332823000019, -8.296757153999977 ], [ 112.413226973000064, -8.296757529999979 ], [ 112.412999649000085, -8.296735232999936 ], [ 112.41325517700011, -8.296710597999947 ], [ 112.413195275000021, -8.296377450999955 ], [ 112.413132667000013, -8.29602925599994 ], [ 112.41309813700002, -8.295674418999965 ], [ 112.413088953000056, -8.295580044999951 ], [ 112.413547580000113, -8.29557841899998 ], [ 112.41360587600002, -8.295762768999964 ], [ 112.41361315000006, -8.296604000999935 ], [ 112.413799921000077, -8.296561026999939 ], [ 112.414149499000018, -8.296325807999949 ], [ 112.414219977000016, -8.296147270999938 ], [ 112.414255786000012, -8.296091541999942 ], [ 112.414291695000088, -8.296043226999927 ], [ 112.414313826000011, -8.295993693999947 ], [ 112.414381806000051, -8.295911903999979 ], [ 112.414456932, -8.295756313999959 ], [ 112.414525805000039, -8.295694048999962 ], [ 112.41458813700001, -8.295623850999959 ], [ 112.414613758000087, -8.295796622999944 ], [ 112.414717284000062, -8.295823986999949 ], [ 112.414564040000073, -8.296091298999954 ] ] ] } },
{ "type": "Feature", "properties": { "fid": 1554, "class_id": 4, "class_name": "Lahan hijau", "source": "BIG", "source_class": "Tegalan/Ladang", "kode": "VALID", "alasan": "", "n_valid": 598, "n_nodata": 0, "status_v5": "ok" }, "geometry": { "type": "Polygon", "coordinates": [ [ [ 112.661176555000111, -8.284576196999978 ], [ 112.661156464000101, -8.284869833999949 ], [ 112.661108833000071, -8.28496572399996 ], [ 112.661037024000052, -8.285023437999939 ], [ 112.66108083600011, -8.285162009999965 ], [ 112.661105274000079, -8.285262384999953 ], [ 112.661077117000104, -8.285420393999971 ], [ 112.661025043000109, -8.285602425999969 ], [ 112.661404352000091, -8.28589591399998 ], [ 112.661409855000102, -8.285986081999965 ], [ 112.661396445000037, -8.286222878999979 ], [ 112.661180489000117, -8.286156258999938 ], [ 112.661098913000046, -8.286175736999951 ], [ 112.661007570000038, -8.286156978999941 ], [ 112.660892150000109, -8.28612396699998 ], [ 112.660786478000091, -8.286124406999932 ], [ 112.660762722000072, -8.286186705999967 ], [ 112.660739067, -8.28627292699997 ], [ 112.66073949400004, -8.286329390999981 ], [ 112.660719905000065, -8.286319952999975 ], [ 112.659659919000092, -8.285546863999969 ], [ 112.658985428000051, -8.285065226999961 ], [ 112.658292801000016, -8.284553759999937 ], [ 112.658536840000011, -8.284044379999955 ], [ 112.658224402000087, -8.283991851999929 ], [ 112.657635574000096, -8.283892624999964 ], [ 112.657612173000075, -8.283887757999935 ], [ 112.657362687000045, -8.28383587899998 ], [ 112.657268999000053, -8.283816396999953 ], [ 112.657136909000087, -8.283816944999955 ], [ 112.657096217000117, -8.283810025999969 ], [ 112.657148007000046, -8.28343257399996 ], [ 112.657699366000088, -8.283404343999962 ], [ 112.657674067000016, -8.283634586999938 ], [ 112.657885592000071, -8.283676769999943 ], [ 112.657936459000098, -8.283392204999927 ], [ 112.658818779000057, -8.283347026999934 ], [ 112.659187431000078, -8.283632571999931 ], [ 112.65941831900011, -8.283710557999939 ], [ 112.659749956000041, -8.283759417999931 ], [ 112.659944609000036, -8.283787315999973 ], [ 112.660038483000108, -8.283837163999976 ], [ 112.660096513000099, -8.283930221999981 ], [ 112.660169826000015, -8.284231347999935 ], [ 112.660263881000105, -8.284324255999934 ], [ 112.660408160000088, -8.284366717999944 ], [ 112.660689332000061, -8.284408608999968 ], [ 112.661042644000077, -8.28447173099994 ], [ 112.661109600000032, -8.284523963999959 ], [ 112.661176555000111, -8.284576196999978 ] ], [ [ 112.660232441000062, -8.284586067999953 ], [ 112.660022601000037, -8.28494578699997 ], [ 112.660730892000061, -8.285469146999958 ], [ 112.660940197000059, -8.285092589999977 ], [ 112.660232441000062, -8.284586067999953 ] ] ] } },
{ "type": "Feature", "properties": { "fid": 1559, "class_id": 4, "class_name": "Lahan hijau", "source": "BIG", "source_class": "Hutan Belukar", "kode": "VALID", "alasan": "", "n_valid": 670, "n_nodata": 0, "status_v5": "ok" }, "geometry": { "type": "Polygon", "coordinates": [ [ [ 112.58577351800011, -8.361379878999969 ], [ 112.586037687000044, -8.361360876999981 ], [ 112.586113033000061, -8.36112501599996 ], [ 112.586299358000019, -8.36114252699997 ], [ 112.586563063000085, -8.361169376999953 ], [ 112.586862286000041, -8.361199843999941 ], [ 112.587130712000089, -8.361285140999939 ], [ 112.587269934, -8.361329381999951 ], [ 112.586770272000081, -8.361503637999931 ], [ 112.586721464000107, -8.361667661999945 ], [ 112.586330794000105, -8.361732997999979 ], [ 112.58591134400001, -8.361961950999955 ], [ 112.585420088000092, -8.36226297099995 ], [ 112.585115638000048, -8.362297028999933 ], [ 112.585216345000049, -8.362177343999974 ], [ 112.585295125000016, -8.362055016999932 ], [ 112.585352168000099, -8.361904067999944 ], [ 112.585387592000075, -8.361753205999946 ], [ 112.585365479000075, -8.361631282999952 ], [ 112.585221347000015, -8.361631860999978 ], [ 112.585113683000031, -8.361739949999958 ], [ 112.585041965000073, -8.361826362999977 ], [ 112.584883913000112, -8.361949007999954 ], [ 112.584761865000019, -8.362064330999942 ], [ 112.584538895000037, -8.362172881999982 ], [ 112.584517710000114, -8.362280623999936 ], [ 112.58432356600008, -8.362389058999952 ], [ 112.584150868000052, -8.362454344999946 ], [ 112.583970992000104, -8.362526836999962 ], [ 112.583841563000078, -8.362599126999953 ], [ 112.58361129900004, -8.362686174999965 ], [ 112.583424274000095, -8.362773048999941 ], [ 112.582985134000069, -8.362889641999971 ], [ 112.583004946000074, -8.363077640999961 ], [ 112.582835603000035, -8.363059586999952 ], [ 112.582756815000039, -8.363051187999929 ], [ 112.582385136000084, -8.363208166999925 ], [ 112.5823833500001, -8.362765564999961 ], [ 112.582429891000061, -8.362406571999941 ], [ 112.582596206000062, -8.361951363999935 ], [ 112.582679293000069, -8.361687869999969 ], [ 112.582750300000043, -8.361436357999935 ], [ 112.58313277600007, -8.360968351999929 ], [ 112.583291828000029, -8.360606015999963 ], [ 112.584059159000049, -8.360853357999929 ], [ 112.584634306000112, -8.360970294999959 ], [ 112.585568684, -8.361073857999941 ], [ 112.585819082000057, -8.361097389999941 ], [ 112.58577351800011, -8.361379878999969 ] ] ] } },
{ "type": "Feature", "properties": { "fid": 1560, "class_id": 4, "class_name": "Lahan hijau", "source": "BIG", "source_class": "Perkebunan Belum Menghasilkan", "kode": "VALID", "alasan": "", "n_valid": 8201, "n_nodata": 0, "status_v5": "ok" }, "geometry": { "type": "Polygon", "coordinates": [ [ [ 113.930376401000103, -7.753026576999957 ], [ 113.9303736600001, -7.753322990999948 ], [ 113.930307754000069, -7.753495545999954 ], [ 113.930276089000017, -7.753768260999948 ], [ 113.93024915500007, -7.754031376999933 ], [ 113.930246613, -7.754356474999952 ], [ 113.930214288000116, -7.754533579999929 ], [ 113.930047632000083, -7.754692487999932 ], [ 113.929818837000084, -7.754875726999956 ], [ 113.929432078000104, -7.755088737999927 ], [ 113.929193331000079, -7.755219459999978 ], [ 113.928820851000069, -7.755418028999941 ], [ 113.928826140000069, -7.755489701999977 ], [ 113.92885569200007, -7.755604232999929 ], [ 113.929015275000097, -7.755808699999932 ], [ 113.929468382000096, -7.756178465999938 ], [ 113.929781999000056, -7.756477482999969 ], [ 113.92986440300001, -7.756610770999941 ], [ 113.929865264000114, -7.756735061999962 ], [ 113.929837500000076, -7.756878671999971 ], [ 113.929762306000043, -7.75709431599995 ], [ 113.929606824000075, -7.757482615999947 ], [ 113.929484463000108, -7.757808539999928 ], [ 113.929308485000092, -7.758005757999967 ], [ 113.929294570000025, -7.758072780999953 ], [ 113.929376545000082, -7.758143924999956 ], [ 113.929698724000104, -7.758294685999942 ], [ 113.929818809000039, -7.75833210199994 ], [ 113.929905511000015, -7.758393651999938 ], [ 113.92993935800007, -7.758436445999962 ], [ 113.92996378600003, -7.758503205999943 ], [ 113.929949905000058, -7.758575008999969 ], [ 113.929902242000026, -7.758613582999942 ], [ 113.92978757700007, -7.758666959999971 ], [ 113.92959672500001, -7.758792570999958 ], [ 113.929310745000066, -7.759024009999962 ], [ 113.929168251000078, -7.75921143599993 ], [ 113.929117319000056, -7.759469938999928 ], [ 113.929065721000029, -7.75963283599998 ], [ 113.929019019000066, -7.759810039999934 ], [ 113.929048471000101, -7.759910228999956 ], [ 113.928872195000054, -7.76006442299996 ], [ 113.92873905600004, -7.760218319999979 ], [ 113.928543773000115, -7.76039654799996 ], [ 113.928463521000026, -7.760573983999961 ], [ 113.928464315000042, -7.760688711999933 ], [ 113.928556505000074, -7.76085061699996 ], [ 113.928773873000068, -7.761092929999961 ], [ 113.92894770700002, -7.761278175999962 ], [ 113.929078140000115, -7.761425475999943 ], [ 113.929107594000016, -7.761525664999965 ], [ 113.929065120000018, -7.761621569999932 ], [ 113.928998781000018, -7.761731981999958 ], [ 113.928802009000037, -7.761695092999958 ], [ 113.928667876000077, -7.761705577999976 ], [ 113.92833277200009, -7.761765254999943 ], [ 113.928055315000051, -7.76184365599994 ], [ 113.927945245000046, -7.761868318999973 ], [ 113.927757859000053, -7.76180267999996 ], [ 113.927622929000108, -7.76169843699995 ], [ 113.927422968000087, -7.761546833999944 ], [ 113.927220905000013, -7.761438271999964 ], [ 113.927125147000083, -7.761453274999951 ], [ 113.927030780000109, -7.761669050999956 ], [ 113.926917439000022, -7.761913642999957 ], [ 113.926804361000109, -7.762196478999954 ], [ 113.926672114000098, -7.76247944499994 ], [ 113.926340458000027, -7.762979965999932 ], [ 113.926128417000086, -7.763507295999943 ], [ 113.925892413000042, -7.764034787999947 ], [ 113.925509973000089, -7.764180839999938 ], [ 113.924935485000105, -7.764280407999934 ], [ 113.924457353000093, -7.764451020999957 ], [ 113.924026486000116, -7.764525696999954 ], [ 113.923642226000084, -7.764408825999965 ], [ 113.923212681000109, -7.764674715999945 ], [ 113.922954138000023, -7.765120039999942 ], [ 113.922897747000093, -7.76528296999993 ], [ 113.92296577400009, -7.765416358999971 ], [ 113.922933647000036, -7.765622146999931 ], [ 113.922772671000075, -7.765910091999956 ], [ 113.922635792000051, -7.766216994999979 ], [ 113.922460667000109, -7.766538501999946 ], [ 113.922270273000095, -7.766731035999953 ], [ 113.92197357200007, -7.766800005999926 ], [ 113.921829751000018, -7.766796214999943 ], [ 113.921529861000067, -7.766750471999956 ], [ 113.921188569000037, -7.766609400999926 ], [ 113.920813926000051, -7.766497242999947 ], [ 113.920343886000069, -7.766452668999932 ], [ 113.919941805, -7.766531921999956 ], [ 113.919540056000073, -7.766658981999967 ], [ 113.919459369000037, -7.766774271999964 ], [ 113.919445915000097, -7.766908220999937 ], [ 113.919432825000058, -7.767094756999938 ], [ 113.919482174000109, -7.767299985999955 ], [ 113.919521708000048, -7.767471815999954 ], [ 113.919638523000117, -7.767729168999949 ], [ 113.919759372000044, -7.767876537999939 ], [ 113.91990428400004, -7.768038082999965 ], [ 113.920096896000018, -7.76816583599998 ], [ 113.920154577000062, -7.76818934299996 ], [ 113.920188723000024, -7.768275158999927 ], [ 113.920146346000024, -7.768385404999947 ], [ 113.920075276000034, -7.768505408999943 ], [ 113.919946726000035, -7.76863058999993 ], [ 113.919707903000017, -7.768751748999932 ], [ 113.919487722000099, -7.768796288999965 ], [ 113.919325916000048, -7.768964723999943 ], [ 113.919234223000103, -7.768874521999976 ], [ 113.919161139000039, -7.768702921999932 ], [ 113.919059562000029, -7.76856976199997 ], [ 113.918925424, -7.768580244999953 ], [ 113.918746050000095, -7.768634063999968 ], [ 113.918664867000075, -7.768677648999926 ], [ 113.918617433, -7.768749683999943 ], [ 113.918690351, -7.768897383999956 ], [ 113.918777946000091, -7.769088006999937 ], [ 113.91885056700005, -7.769192680999936 ], [ 113.918899852000095, -7.769388349999929 ], [ 113.918896711000116, -7.769627403999948 ], [ 113.918798140000035, -7.769929260999959 ], [ 113.91859455000008, -7.770293989999971 ], [ 113.91850936700007, -7.770452336999938 ], [ 113.91851621, -7.770748690999937 ], [ 113.918503780000037, -7.771030832999941 ], [ 113.918510027000025, -7.771241138999926 ], [ 113.918545230000063, -7.771479928999952 ], [ 113.918618579000054, -7.771689772999935 ], [ 113.918725115000029, -7.77184680299996 ], [ 113.918821802000025, -7.771965653999928 ], [ 113.918908473000101, -7.772022423999942 ], [ 113.91886649300011, -7.772190035999927 ], [ 113.918790399000045, -7.772276612999974 ], [ 113.918493596000076, -7.772331240999961 ], [ 113.918109724000033, -7.772271729999943 ], [ 113.917951818, -7.772311060999925 ], [ 113.91772142100001, -7.772264838999945 ], [ 113.91762509900002, -7.772198571999979 ], [ 113.917416752, -7.771874919999959 ], [ 113.917170127000077, -7.771561092999946 ], [ 113.917058369000074, -7.771341949999965 ], [ 113.91689464600006, -7.771233119999977 ], [ 113.916750954, -7.771248448999927 ], [ 113.916598502000056, -7.771383355999944 ], [ 113.916379972000072, -7.771666914999969 ], [ 113.916104220000079, -7.771993893999934 ], [ 113.915937486000075, -7.772143239999934 ], [ 113.915596337000011, -7.772370275999947 ], [ 113.915405406000104, -7.772486322999953 ], [ 113.915218248000087, -7.772454142999948 ], [ 113.915165094000031, -7.772392359999969 ], [ 113.91514509700005, -7.772272982999937 ], [ 113.915105663000077, -7.772115490999965 ], [ 113.915068291000011, -7.772028139999975 ], [ 113.915156009000043, -7.771900287999927 ], [ 113.9152315770001, -7.771737225999971 ], [ 113.915326182000058, -7.771554910999953 ], [ 113.915647315000115, -7.771552704999976 ], [ 113.91584859000011, -7.771546540999964 ], [ 113.916030462000094, -7.771507047999933 ], [ 113.916168964, -7.771434385999953 ], [ 113.916240530000096, -7.771386087999929 ], [ 113.916345514000113, -7.771318436999934 ], [ 113.916440879000106, -7.77124607199994 ], [ 113.916521799000066, -7.771164244999966 ], [ 113.916631675000076, -7.771110902999965 ], [ 113.916722379000021, -7.771057692999932 ], [ 113.916866071000072, -7.771042362999935 ], [ 113.916942892000066, -7.771060956999975 ], [ 113.917024604000062, -7.771093859999951 ], [ 113.917058618000056, -7.771160555999927 ], [ 113.917153917000064, -7.771078629999977 ], [ 113.917234705000055, -7.770977680999977 ], [ 113.917324715000063, -7.770824080999944 ], [ 113.917447683000091, -7.770584204999977 ], [ 113.917537561000017, -7.770411482999975 ], [ 113.917589128000031, -7.770243805999939 ], [ 113.917636198000082, -7.770119185999931 ], [ 113.917630778000103, -7.770028389999936 ], [ 113.91761107800005, -7.76995203599995 ], [ 113.917486030000077, -7.769890746999977 ], [ 113.917366271000105, -7.769901131999973 ], [ 113.917280030000029, -7.769906502999959 ], [ 113.917150719, -7.769921734999969 ], [ 113.917073798000047, -7.769888798999943 ], [ 113.916992120000032, -7.769860675999951 ], [ 113.916910342000051, -7.769818210999972 ], [ 113.916847802, -7.769785175999971 ], [ 113.91679005200001, -7.769752107999977 ], [ 113.916693302000112, -7.76962369599994 ], [ 113.91656759500006, -7.769466797999939 ], [ 113.916412469000079, -7.769214488999978 ], [ 113.916252716000031, -7.768986115999951 ], [ 113.916145916, -7.768790840999941 ], [ 113.916121654000108, -7.768747982999969 ], [ 113.91611173900003, -7.768700242999955 ], [ 113.91614968600004, -7.768642614999976 ], [ 113.916249975000028, -7.768589338999959 ], [ 113.91640279, -7.768507018999969 ], [ 113.916584660000012, -7.768467523999959 ], [ 113.916732847000048, -7.768409137999981 ], [ 113.916842656000085, -7.768346235999957 ], [ 113.916913858000044, -7.768245351999951 ], [ 113.916917892000015, -7.768135371999961 ], [ 113.916979310000102, -7.768005871999947 ], [ 113.917069618000028, -7.76789529499996 ], [ 113.917193706000035, -7.767817952999962 ], [ 113.917303483000069, -7.767750268999976 ], [ 113.917441918, -7.767668046999972 ], [ 113.917513021000104, -7.767552821999971 ], [ 113.917564060000018, -7.76730865899998 ], [ 113.917615924000074, -7.767184004999933 ], [ 113.917600522000043, -7.767035910999937 ], [ 113.917594178000058, -7.766811264999944 ], [ 113.917597221000051, -7.766557869999929 ], [ 113.917638839, -7.766337673999942 ], [ 113.917657054000074, -7.766198908999968 ], [ 113.9176993640001, -7.766079103999971 ], [ 113.917698242000029, -7.765916567999966 ], [ 113.917759758000102, -7.765801409999938 ], [ 113.917835752000087, -7.76570049399993 ], [ 113.917918673000031, -7.765561285999979 ], [ 113.917970240000045, -7.765393607999954 ], [ 113.917911701000094, -7.765245809999954 ], [ 113.917935137000086, -7.765169158999981 ], [ 113.917948987000045, -7.765092574999926 ], [ 113.917967698000098, -7.76502551599998 ], [ 113.917981581000049, -7.764953710999976 ], [ 113.918019298000104, -7.764862618999928 ], [ 113.918062039, -7.764804959999935 ], [ 113.918109572000049, -7.764747263999936 ], [ 113.918214819000013, -7.764717856999937 ], [ 113.918362872000102, -7.764640349999979 ], [ 113.918415264000032, -7.76459218399998 ], [ 113.91852064200009, -7.76458189899995 ], [ 113.918601890000105, -7.764547875999938 ], [ 113.918683007000027, -7.764494731999946 ], [ 113.918778701000065, -7.764470169999981 ], [ 113.918884014000014, -7.764450323999938 ], [ 113.918946092000056, -7.764416432999951 ], [ 113.919027439000047, -7.764396751999925 ], [ 113.919147428000088, -7.764419829999952 ], [ 113.919248410000023, -7.764466943999935 ], [ 113.919325361, -7.764504658999954 ], [ 113.919407005000039, -7.764528000999974 ], [ 113.919512055000041, -7.764469912999971 ], [ 113.919530830000099, -7.764412414999981 ], [ 113.919515923000063, -7.764336027999946 ], [ 113.919548779000024, -7.764235409999969 ], [ 113.919600875000015, -7.764144218999945 ], [ 113.919624509000073, -7.764096248999977 ], [ 113.919681265, -7.76398590499997 ], [ 113.919680876000029, -7.76392967299995 ], [ 113.919680868000114, -7.763928539999938 ], [ 113.919727971000043, -7.76380869999997 ], [ 113.919727443000056, -7.763732212999969 ], [ 113.919707909000067, -7.763679759999945 ], [ 113.919678623000095, -7.763603471999943 ], [ 113.919634759000019, -7.763498597999956 ], [ 113.919605407000063, -7.763412747999951 ], [ 113.919580980000092, -7.76334598699998 ], [ 113.91956138, -7.763283972999943 ], [ 113.919551365000075, -7.763221894999958 ], [ 113.919574538, -7.763106998999945 ], [ 113.919616551000104, -7.762944168999979 ], [ 113.92014611400009, -7.762993273999939 ], [ 113.920443814, -7.762722317999931 ], [ 113.920891084000118, -7.762420453999937 ], [ 113.921337736000055, -7.762028954999948 ], [ 113.92163460800009, -7.761638488999949 ], [ 113.921965771000032, -7.761875243999953 ], [ 113.922320488000082, -7.761185587999933 ], [ 113.922407671000087, -7.760796561999939 ], [ 113.922793994000017, -7.760345722999944 ], [ 113.923091897000063, -7.760104641999931 ], [ 113.923478012000032, -7.759623923999925 ], [ 113.923737397000082, -7.758966635999968 ], [ 113.923738327000024, -7.759101054999974 ], [ 113.923786851000045, -7.759186771999964 ], [ 113.923825259000068, -7.759196069999973 ], [ 113.923921381000014, -7.759233652999967 ], [ 113.92394114700005, -7.759319567999967 ], [ 113.923989077000101, -7.759319238999979 ], [ 113.924075348000088, -7.759318644999951 ], [ 113.924181252000039, -7.759384845999932 ], [ 113.924229579000098, -7.75944188099993 ], [ 113.924297010000032, -7.759489223999935 ], [ 113.92451754700005, -7.759497266999972 ], [ 113.924603686000069, -7.759477551999964 ], [ 113.924689957000055, -7.759476958999926 ], [ 113.924766445000046, -7.759447748999946 ], [ 113.924833081000088, -7.759380361999945 ], [ 113.924928476000105, -7.759312775999945 ], [ 113.925062412000102, -7.759273610999969 ], [ 113.925176779000026, -7.759177210999951 ], [ 113.92522404500005, -7.759081272999936 ], [ 113.92526172700002, -7.758985400999961 ], [ 113.925318448000098, -7.758870275999925 ], [ 113.925385218000088, -7.75882201099995 ], [ 113.925480809000078, -7.758783107999932 ], [ 113.925595309000073, -7.75870582999994 ], [ 113.925613819000091, -7.758610089999934 ], [ 113.925738301000024, -7.758590111999979 ], [ 113.925910843000111, -7.75858892499997 ], [ 113.926016218000086, -7.75857863799996 ], [ 113.92612159600003, -7.758568349999962 ], [ 113.926255464000064, -7.758519622999927 ], [ 113.926264389000039, -7.758423948999962 ], [ 113.926273179000077, -7.75830915399996 ], [ 113.926397264000116, -7.758231810999973 ], [ 113.926492592000045, -7.75815466399996 ], [ 113.926578466000024, -7.758096705999947 ], [ 113.926750348000041, -7.757999909999967 ], [ 113.926854665000064, -7.75783665199998 ], [ 113.926920971000072, -7.75772146099996 ], [ 113.927006315000085, -7.757587014999956 ], [ 113.927024825000103, -7.757491276999929 ], [ 113.927091197000095, -7.757385645999932 ], [ 113.927099458000043, -7.757194363999929 ], [ 113.92722283, -7.757021403999943 ], [ 113.927271232000066, -7.756771053999955 ], [ 113.927567682000017, -7.756320829999936 ], [ 113.927622887000098, -7.756221340999957 ], [ 113.927609342000096, -7.75607219099993 ], [ 113.927656213000091, -7.755918888999929 ], [ 113.927847924000048, -7.755917568999962 ], [ 113.927925336000044, -7.756022209999969 ], [ 113.928079235000041, -7.75609763999995 ], [ 113.928136088000088, -7.75600163699994 ], [ 113.928221828, -7.755924555999968 ], [ 113.928451950000067, -7.755932532999964 ], [ 113.92863374600006, -7.755883474999962 ], [ 113.928729137, -7.755815890999941 ], [ 113.928699123000115, -7.755634433999944 ], [ 113.928631364000012, -7.755539287999966 ], [ 113.928602541000032, -7.755529923999973 ], [ 113.928515873000038, -7.755473153999958 ], [ 113.928515079000022, -7.75535842499994 ], [ 113.928513954000096, -7.75519589299995 ], [ 113.928513028000111, -7.755062041999963 ], [ 113.928483409000023, -7.754937949999942 ], [ 113.928482086000031, -7.754746734999969 ], [ 113.928528493000044, -7.75452650699998 ], [ 113.92863327200007, -7.754430172999946 ], [ 113.928699644000062, -7.754324543999928 ], [ 113.928765949000081, -7.754209352999965 ], [ 113.928850499000077, -7.753960178999932 ], [ 113.928849374000038, -7.753797645999953 ], [ 113.92892499900006, -7.753644145999942 ], [ 113.928943509000078, -7.753548405999936 ], [ 113.928980064000029, -7.753290001999972 ], [ 113.92897946800008, -7.753203955999936 ], [ 113.928978542000095, -7.75307010399996 ], [ 113.928977615, -7.752936253999962 ], [ 113.929571683000063, -7.752769613999931 ], [ 113.929930726000066, -7.752707383999962 ], [ 113.930368053000052, -7.752859311999941 ], [ 113.930376401000103, -7.753026576999957 ] ] ] } },
{ "type": "Feature", "properties": { "fid": 1566, "class_id": 4, "class_name": "Lahan hijau", "source": "BIG", "source_class": "Hutan Belukar", "kode": "VALID", "alasan": "", "n_valid": 444, "n_nodata": 0, "status_v5": "ok" }, "geometry": { "type": "Polygon", "coordinates": [ [ [ 112.586865878000026, -8.369397508999953 ], [ 112.586714857000061, -8.369477063999966 ], [ 112.586679113000059, -8.369548978999944 ], [ 112.586657958000046, -8.369663897999942 ], [ 112.586709074000055, -8.369828766999944 ], [ 112.586731246000113, -8.369965043999969 ], [ 112.586832576, -8.370072293999954 ], [ 112.586861694000049, -8.370143947999964 ], [ 112.586711079000111, -8.370323981999945 ], [ 112.586697014000038, -8.370410163999964 ], [ 112.58666882600005, -8.37056817399997 ], [ 112.586590017000049, -8.370683324999959 ], [ 112.586381805000087, -8.370877942999925 ], [ 112.586288466000042, -8.370964443999981 ], [ 112.586101584000062, -8.37108720599997 ], [ 112.586066131000052, -8.371230890999925 ], [ 112.586109924000084, -8.37136707999997 ], [ 112.58616083600009, -8.371481709999955 ], [ 112.586110853000037, -8.371596744999977 ], [ 112.586053664000019, -8.371711808999976 ], [ 112.585953699000015, -8.371941878999962 ], [ 112.58579587600002, -8.372121940999932 ], [ 112.585709945000076, -8.372303770999963 ], [ 112.585681090000094, -8.372251589999962 ], [ 112.58549310300009, -8.372101624999971 ], [ 112.585392499000022, -8.372173799999928 ], [ 112.585385931000019, -8.372331722999945 ], [ 112.585573540000041, -8.372388387999933 ], [ 112.585491919000106, -8.372662074999937 ], [ 112.585209658000053, -8.372598765999953 ], [ 112.584848498000042, -8.372396809999941 ], [ 112.584944021000069, -8.372264891999976 ], [ 112.585111205000089, -8.372024925999938 ], [ 112.585266410000031, -8.371785099999954 ], [ 112.585274073000051, -8.371755374999964 ], [ 112.58533739500001, -8.371509720999939 ], [ 112.585324421000109, -8.371282501999929 ], [ 112.585239668000099, -8.371115326999927 ], [ 112.585142500000075, -8.370840623999925 ], [ 112.58484167600011, -8.370710294999981 ], [ 112.585115323000082, -8.370063273999961 ], [ 112.585225001000026, -8.36962905799993 ], [ 112.585470165000061, -8.369697972999973 ], [ 112.585578034000036, -8.369640122999954 ], [ 112.585627523000085, -8.369403077999948 ], [ 112.585778806, -8.369388116999971 ], [ 112.586009596000054, -8.369430253999951 ], [ 112.586305276000076, -8.369479306999949 ], [ 112.586441826000055, -8.369385455999975 ], [ 112.586664945000052, -8.369312788999935 ], [ 112.586895240000104, -8.369232914999941 ], [ 112.587111762000063, -8.369310993999932 ], [ 112.586865878000026, -8.369397508999953 ] ] ] } },
{ "type": "Feature", "properties": { "fid": 1578, "class_id": 4, "class_name": "Lahan hijau", "source": "BIG", "source_class": "Perkebunan Belum Menghasilkan", "kode": "VALID", "alasan": "", "n_valid": 3779, "n_nodata": 0, "status_v5": "ok" }, "geometry": { "type": "Polygon", "coordinates": [ [ [ 114.413450343000022, -7.999948690999929 ], [ 114.413506602000098, -8.000263665999967 ], [ 114.413497746000075, -8.000488290999954 ], [ 114.413622611000051, -8.00066903499993 ], [ 114.413843128000053, -8.000924061999967 ], [ 114.413971377000053, -8.001329106999947 ], [ 114.414451507000081, -8.001661959999979 ], [ 114.415284493000058, -8.001858224999978 ], [ 114.41564422700003, -8.001903364999976 ], [ 114.415866095000069, -8.001495198999976 ], [ 114.41625108300002, -8.001353002999963 ], [ 114.416583778000017, -8.001371632999962 ], [ 114.41668186000004, -8.00179116299995 ], [ 114.416502054000034, -8.001802345999977 ], [ 114.416045170000075, -8.001898801999971 ], [ 114.416373794000037, -8.00261648399993 ], [ 114.416508206000117, -8.002487127999927 ], [ 114.416890958000067, -8.002537115999928 ], [ 114.41715517800003, -8.002669625999943 ], [ 114.417291648000059, -8.002830522999943 ], [ 114.417305045000035, -8.003073013999938 ], [ 114.417490519000012, -8.003071475999946 ], [ 114.417610114000013, -8.00304181499996 ], [ 114.417630541000108, -8.003415326999971 ], [ 114.417362113000081, -8.003417550999927 ], [ 114.416728590000048, -8.003327233999926 ], [ 114.416287761000035, -8.003350000999944 ], [ 114.416273593000028, -8.003521109999951 ], [ 114.41605151400006, -8.003429349999976 ], [ 114.415858013000047, -8.003379826999947 ], [ 114.415793105000034, -8.003193909999936 ], [ 114.41578030300002, -8.003092924999976 ], [ 114.416040606000024, -8.003093047999926 ], [ 114.416149155000085, -8.003099278999969 ], [ 114.4160766870001, -8.002816530999951 ], [ 114.415584439000099, -8.002822401999936 ], [ 114.414930263000088, -8.002843859999928 ], [ 114.414280959000052, -8.002806464999935 ], [ 114.41428077, -8.003095369999926 ], [ 114.414382059000104, -8.003102005999949 ], [ 114.414392329000066, -8.003101140999945 ], [ 114.414413143000047, -8.003292552999937 ], [ 114.414543420000086, -8.003478599999937 ], [ 114.414881703000106, -8.00352391499996 ], [ 114.415245999000035, -8.003472780999971 ], [ 114.415460171000063, -8.003428234999944 ], [ 114.415563364000036, -8.003582424999934 ], [ 114.415441839000096, -8.003802635999932 ], [ 114.415454703000023, -8.004059157999961 ], [ 114.41549550000002, -8.00444910899995 ], [ 114.415552582000032, -8.004866061999962 ], [ 114.415111271000114, -8.004831489999958 ], [ 114.414783568000075, -8.004623954999943 ], [ 114.414454909000028, -8.004301745999953 ], [ 114.414070483000046, -8.004190247999929 ], [ 114.413320642000031, -8.003947981999943 ], [ 114.412648613000101, -8.003838862999942 ], [ 114.412035216000049, -8.003863051999929 ], [ 114.411649174000104, -8.004302501999973 ], [ 114.411373921000063, -8.00428446799998 ], [ 114.411047984000106, -8.004297319999978 ], [ 114.410651235000046, -8.004371697999943 ], [ 114.410506824000095, -8.004159607999952 ], [ 114.410392978000118, -8.003947266999944 ], [ 114.410370235000073, -8.003663076999942 ], [ 114.410285855000097, -8.003318458999956 ], [ 114.410183549000067, -8.003268522999974 ], [ 114.410029629000064, -8.003137762999927 ], [ 114.41004806, -8.002904014999956 ], [ 114.41018968100002, -8.002780966999978 ], [ 114.410322127000086, -8.002779871999962 ], [ 114.410546690000047, -8.00282879599996 ], [ 114.410710799000071, -8.00295947199993 ], [ 114.410965252000096, -8.002926898999931 ], [ 114.410953542000016, -8.002744179999979 ], [ 114.410850054000093, -8.002552065999964 ], [ 114.41076991500006, -8.002228779999939 ], [ 114.410832839000022, -8.002241541999979 ], [ 114.410987971000054, -8.002192141999956 ], [ 114.410916648000011, -8.002000259999932 ], [ 114.410631463000072, -8.001890342999957 ], [ 114.410233250000033, -8.001733241999943 ], [ 114.409879190000083, -8.001725475999933 ], [ 114.409762890000025, -8.001929602999951 ], [ 114.409780315000035, -8.002074934999939 ], [ 114.409735648000037, -8.002082034999944 ], [ 114.409680542000046, -8.002084879999927 ], [ 114.409608682000112, -8.00209025099997 ], [ 114.409524769000086, -8.002026300999944 ], [ 114.409456716000022, -8.001974437999934 ], [ 114.409363873000075, -8.00189547399998 ], [ 114.4094655560001, -8.001648698999929 ], [ 114.409217603000116, -8.001501048999955 ], [ 114.409418603000063, -8.001162558999965 ], [ 114.409827541000027, -8.001319571999943 ], [ 114.409979113000077, -8.000842483999975 ], [ 114.409543362000022, -8.000685691999934 ], [ 114.409606207000024, -8.000503393999963 ], [ 114.408928710000055, -8.000300479999964 ], [ 114.408524499, -8.001254466999967 ], [ 114.408503822000057, -8.001236880999954 ], [ 114.408456820000083, -8.001206404999948 ], [ 114.408318263000069, -8.001116562999925 ], [ 114.408058107000102, -8.00096102599997 ], [ 114.407987904000038, -8.000926048999929 ], [ 114.407940175000022, -8.000902269999926 ], [ 114.407792474000075, -8.000849177999953 ], [ 114.407699770000022, -8.000815854999928 ], [ 114.407489646000045, -8.000750522999965 ], [ 114.407215469000107, -8.00063810599994 ], [ 114.40734503200008, -8.000362605999953 ], [ 114.407200040000021, -8.000220450999961 ], [ 114.406861524000078, -7.99986486499995 ], [ 114.405925426000067, -7.999705349999942 ], [ 114.405704563000086, -7.999085976999936 ], [ 114.406015933000049, -7.999059512999963 ], [ 114.406517251000082, -7.998816451999971 ], [ 114.406577488000039, -7.998020463999978 ], [ 114.406666754000071, -7.997994241999947 ], [ 114.406717592000064, -7.997958779999976 ], [ 114.406848186000047, -7.997906730999944 ], [ 114.406959501000074, -7.997842100999947 ], [ 114.407023068000058, -7.997800161999976 ], [ 114.407176191000076, -7.997767040999975 ], [ 114.407246492000013, -7.997766462999948 ], [ 114.40733594400001, -7.997762535999925 ], [ 114.407399643000076, -7.997736524999937 ], [ 114.407437883000057, -7.997723467999947 ], [ 114.407581895000021, -7.997747763999939 ], [ 114.407626872000037, -7.997776062999947 ], [ 114.40767496400008, -7.997794778999946 ], [ 114.407751817000076, -7.997813256999962 ], [ 114.40781900200011, -7.997822259999964 ], [ 114.407914923000021, -7.997827838999967 ], [ 114.408010843000056, -7.997833416999981 ], [ 114.408090811000079, -7.997842313999968 ], [ 114.408291751000093, -7.997890828999971 ], [ 114.408457101000067, -7.997887072999958 ], [ 114.408496583000101, -7.997894385999928 ], [ 114.408637136000038, -7.997802355999966 ], [ 114.408817065000108, -7.997822371999973 ], [ 114.40925655, -7.997926255999971 ], [ 114.409678238000083, -7.998051788999931 ], [ 114.410269577, -7.998258345999943 ], [ 114.410438397, -7.998310953999976 ], [ 114.410442320000016, -7.998619908999956 ], [ 114.410853730000099, -7.999094348999961 ], [ 114.412151314000084, -7.999489782999945 ], [ 114.411940186000038, -8.000041044999932 ], [ 114.412088443000016, -8.000452304999953 ], [ 114.411986177000017, -8.000542326999948 ], [ 114.411822879000056, -8.00103108899998 ], [ 114.411846153000056, -8.001040383999964 ], [ 114.411884659000066, -8.001059178999981 ], [ 114.411940061000109, -8.001092169999936 ], [ 114.412007606000088, -8.001144174999979 ], [ 114.412231650000081, -8.001280893999933 ], [ 114.412318370000094, -8.001332737999974 ], [ 114.412487630000101, -8.001510527999926 ], [ 114.412521655000091, -8.001565125999946 ], [ 114.412914245000024, -8.001566178999951 ], [ 114.413420238000072, -8.001355261999947 ], [ 114.41360449900003, -8.001154135999968 ], [ 114.413508866000029, -8.000834140999928 ], [ 114.413242145000027, -8.000579717999926 ], [ 114.413072476000025, -8.000203684999974 ], [ 114.413108750000106, -7.999882105999973 ], [ 114.413450343000022, -7.999948690999929 ] ] ] } },
{ "type": "Feature", "properties": { "fid": 1591, "class_id": 4, "class_name": "Lahan hijau", "source": "BIG", "source_class": "Semak", "kode": "VALID", "alasan": "", "n_valid": 294, "n_nodata": 0, "status_v5": "ok" }, "geometry": { "type": "Polygon", "coordinates": [ [ [ 114.146768812, -8.423416642999939 ], [ 114.146831789000089, -8.423487830999932 ], [ 114.14684688400007, -8.423573741999974 ], [ 114.146895654000105, -8.423668941999949 ], [ 114.146972527000116, -8.423677884999961 ], [ 114.14693486300007, -8.423768998999947 ], [ 114.146809916000052, -8.423750881999979 ], [ 114.146751972000061, -8.423708330999943 ], [ 114.146703858000024, -8.423694377999936 ], [ 114.146661047000066, -8.423742516999937 ], [ 114.146652144000086, -8.423828620999927 ], [ 114.146662478000053, -8.423919348999959 ], [ 114.146763658000054, -8.423966333999942 ], [ 114.146878929000081, -8.423974967999925 ], [ 114.146993620000103, -8.423911913999973 ], [ 114.147041114000103, -8.423849398999948 ], [ 114.147084119000056, -8.423825155999964 ], [ 114.147184140000036, -8.423728762999929 ], [ 114.147245956, -8.423656573999949 ], [ 114.147351627000035, -8.42366528499997 ], [ 114.147400204000064, -8.42373658899993 ], [ 114.147419944000035, -8.423803343999964 ], [ 114.14743047200011, -8.423917968999945 ], [ 114.147450173000038, -8.423979945999974 ], [ 114.147508118000019, -8.424022496999953 ], [ 114.14756130100011, -8.424069865999968 ], [ 114.147643283000093, -8.424117003999982 ], [ 114.147667591000072, -8.424155044999964 ], [ 114.147668442000054, -8.424260188999938 ], [ 114.147669318000112, -8.424368398999945 ], [ 114.147579465000035, -8.42437476799995 ], [ 114.147020859, -8.424420992999956 ], [ 114.147024661000046, -8.424188879999974 ], [ 114.147000121000019, -8.424122162999936 ], [ 114.146966059000079, -8.424065080999981 ], [ 114.146879586000068, -8.42405621599994 ], [ 114.146793423000076, -8.424085583999954 ], [ 114.146721814000102, -8.424133953999956 ], [ 114.146630735000031, -8.424149022999927 ], [ 114.1465491780001, -8.424154456999929 ], [ 114.146467467000093, -8.424140772999976 ], [ 114.146371125000087, -8.424098529999981 ], [ 114.146279969000034, -8.424104039999975 ], [ 114.146208630000046, -8.42418586499997 ], [ 114.146127382000032, -8.42422953199997 ], [ 114.146007157000099, -8.424201818999961 ], [ 114.146016254000074, -8.424139611999976 ], [ 114.146078110000076, -8.424072201999934 ], [ 114.146082291000084, -8.423995694999974 ], [ 114.146052913000062, -8.423924236999937 ], [ 114.146138883000049, -8.423870972999964 ], [ 114.146186571000044, -8.423832353999956 ], [ 114.146195822000095, -8.423789263999936 ], [ 114.146152122000103, -8.423727479999968 ], [ 114.146060696000063, -8.423699534999969 ], [ 114.145964585000115, -8.423685966999926 ], [ 114.145902189000026, -8.423686467999971 ], [ 114.145844901000032, -8.423725162999972 ], [ 114.145840759000066, -8.423806448999926 ], [ 114.145812501000023, -8.423873589999971 ], [ 114.145752793000042, -8.423947148999957 ], [ 114.145743282000012, -8.423721386999944 ], [ 114.145651946000044, -8.423607220999941 ], [ 114.145527076, -8.42359866299995 ], [ 114.145479736000084, -8.42368029499994 ], [ 114.145442266000032, -8.423795304999942 ], [ 114.145476675000054, -8.423895399999935 ], [ 114.145496647000073, -8.423990830999969 ], [ 114.145453681000049, -8.424019852999947 ], [ 114.145405568000115, -8.424005899999941 ], [ 114.145371390000037, -8.423934480999947 ], [ 114.145313291000093, -8.423872811999956 ], [ 114.145226935000096, -8.423878283999954 ], [ 114.145160086000033, -8.423921835999977 ], [ 114.14514638300011, -8.424007977999963 ], [ 114.145156523000082, -8.424074809999979 ], [ 114.145157141000027, -8.424151278999943 ], [ 114.145128768000063, -8.424204080999971 ], [ 114.145081118, -8.424247478999973 ], [ 114.145072330000062, -8.424347920999935 ], [ 114.145135297000024, -8.424475381999969 ], [ 114.144788414000118, -8.424439149999955 ], [ 114.144663733000016, -8.424423883999964 ], [ 114.144693190000112, -8.424355738999964 ], [ 114.144779585000038, -8.424355046999949 ], [ 114.14487569500011, -8.424368614999935 ], [ 114.144971420000047, -8.424334390999945 ], [ 114.144970454000031, -8.424214908999943 ], [ 114.144955552000056, -8.424152893999974 ], [ 114.144912162000082, -8.424129343999937 ], [ 114.144792207000023, -8.424135084999932 ], [ 114.144749241000113, -8.424164106999967 ], [ 114.144720945000017, -8.424226467999972 ], [ 114.14466342500009, -8.424236488999952 ], [ 114.144624989000022, -8.424232016999952 ], [ 114.144533446000082, -8.42418973499997 ], [ 114.144518545000096, -8.424127719999944 ], [ 114.1445082890001, -8.424046548999968 ], [ 114.144440976000055, -8.424032749999981 ], [ 114.144383380000022, -8.424033210999937 ], [ 114.144272908000062, -8.42402453699998 ], [ 114.144176759000061, -8.424006189999943 ], [ 114.144090325000093, -8.424002102999964 ], [ 114.143989145000091, -8.423955117999981 ], [ 114.143912040000032, -8.42391749899997 ], [ 114.143907008000042, -8.423888861999956 ], [ 114.143920983000044, -8.423836173999973 ], [ 114.143939757000112, -8.423783448999927 ], [ 114.143978464000043, -8.423821374999932 ], [ 114.144074574000115, -8.423834943999964 ], [ 114.144155629000011, -8.423767379999958 ], [ 114.144217794000042, -8.42373820499995 ], [ 114.14427558400007, -8.423761639999952 ], [ 114.144357334, -8.423780102999956 ], [ 114.144453058000067, -8.423745878999966 ], [ 114.144524668000031, -8.423697508999965 ], [ 114.144616056000018, -8.42372067499997 ], [ 114.14466931600009, -8.423777602999962 ], [ 114.144803979000017, -8.42380997999993 ], [ 114.144875357000046, -8.423732934999975 ], [ 114.144908337000061, -8.423656197999946 ], [ 114.144917009000096, -8.423541418999946 ], [ 114.144873309000104, -8.423479633999932 ], [ 114.144815519000076, -8.423456199999976 ], [ 114.144733808000069, -8.423442515999966 ], [ 114.144708960000116, -8.423337563999951 ], [ 114.144703581000044, -8.423265913999956 ], [ 114.144684266000013, -8.423251729999947 ], [ 114.144602709000083, -8.42325716299996 ], [ 114.144492470000046, -8.423277164999945 ], [ 114.144492899000056, -8.42317015499998 ], [ 114.14572186800001, -8.423213113999964 ], [ 114.14571254000009, -8.422856869999976 ], [ 114.145790567000063, -8.42294174999995 ], [ 114.145829467000112, -8.42300357299996 ], [ 114.145877773000052, -8.423041421999926 ], [ 114.145945085000108, -8.42305522099997 ], [ 114.146112921000054, -8.423034756999925 ], [ 114.146208490000049, -8.422981415999971 ], [ 114.146256332, -8.422961913999927 ], [ 114.146381086000019, -8.422956133999946 ], [ 114.14650111800006, -8.422959950999939 ], [ 114.146592042000066, -8.422925764999945 ], [ 114.146644452000032, -8.422877549999953 ], [ 114.146663148000016, -8.42281526499994 ], [ 114.146609617000081, -8.422724882999944 ], [ 114.146508359000109, -8.422668339999973 ], [ 114.146388560000105, -8.422693197999934 ], [ 114.146321364000073, -8.422693736999975 ], [ 114.146291754000117, -8.422593603999928 ], [ 114.146276273000012, -8.422459899999978 ], [ 114.146290170000043, -8.422397653999951 ], [ 114.146381248000012, -8.42238258499998 ], [ 114.146482119000098, -8.422391335999976 ], [ 114.146549663000087, -8.422433809999973 ], [ 114.146660404000045, -8.422475937999934 ], [ 114.14679034400001, -8.422517912999979 ], [ 114.14689636300011, -8.42256963799997 ], [ 114.14697358300009, -8.422621593999963 ], [ 114.146983994000038, -8.422721880999973 ], [ 114.146985115, -8.422860478999951 ], [ 114.146899223000105, -8.422923301999958 ], [ 114.146798622, -8.422948006999945 ], [ 114.146698060000062, -8.422977489999937 ], [ 114.146597537000048, -8.423011752999969 ], [ 114.146520974000055, -8.423041044999934 ], [ 114.146430011, -8.423070450999944 ], [ 114.14634404100002, -8.423123715999964 ], [ 114.146330376000037, -8.423214636999944 ], [ 114.146364515000073, -8.423281276999944 ], [ 114.146407945000078, -8.423309606999965 ], [ 114.146484895000071, -8.423328107999964 ], [ 114.146561806000022, -8.42334182999997 ], [ 114.146768812, -8.423416642999939 ] ], [ [ 114.146437632000016, -8.423419297999942 ], [ 114.146380113000077, -8.423429318999979 ], [ 114.146317639000017, -8.423420260999933 ], [ 114.146178486000053, -8.423426155999948 ], [ 114.146125650000045, -8.423421799999971 ], [ 114.146057991000021, -8.423364987999946 ], [ 114.146009877000097, -8.423351034999939 ], [ 114.145952358000045, -8.42336105499993 ], [ 114.145904786000074, -8.423414011999967 ], [ 114.145900450000113, -8.423471400999972 ], [ 114.145891353000025, -8.423533607999957 ], [ 114.145949181000105, -8.423561821999954 ], [ 114.146025977000022, -8.423561205999931 ], [ 114.146117365, -8.423584371999937 ], [ 114.146151388000021, -8.423636673999965 ], [ 114.146271574000025, -8.42365960799998 ], [ 114.146348331000013, -8.423654212999963 ], [ 114.146453809000036, -8.423639028999958 ], [ 114.146535520000043, -8.423652711999978 ], [ 114.146593078000024, -8.423647470999981 ], [ 114.146621181000114, -8.423561212999971 ], [ 114.146606241000086, -8.423494418999951 ], [ 114.146601132000114, -8.423456223999949 ], [ 114.146561806000022, -8.42334182999997 ], [ 114.146437632000016, -8.423419297999942 ] ] ] } },
{ "type": "Feature", "properties": { "fid": 1619, "class_id": 4, "class_name": "Lahan hijau", "source": "BIG", "source_class": "Hutan Belukar", "kode": "VALID", "alasan": "", "n_valid": 1059, "n_nodata": 0, "status_v5": "ok" }, "geometry": { "type": "Polygon", "coordinates": [ [ [ 112.685932457000035, -8.232945287999939 ], [ 112.684410360000015, -8.234438408999949 ], [ 112.684231128000079, -8.234676175999937 ], [ 112.68340675200011, -8.235792887999935 ], [ 112.682992460000037, -8.236706774999959 ], [ 112.682887723000022, -8.237105433999943 ], [ 112.682842397000059, -8.237277955999957 ], [ 112.682578684000077, -8.237130601999979 ], [ 112.682506215000103, -8.237029233999976 ], [ 112.682481772000074, -8.23692766399995 ], [ 112.682445373000064, -8.236838105999936 ], [ 112.682408949000092, -8.236742567999954 ], [ 112.682354566000072, -8.236659065999959 ], [ 112.682252030000086, -8.236545861999957 ], [ 112.682137386000022, -8.23640878599997 ], [ 112.682016739, -8.236271734999946 ], [ 112.681920282000078, -8.236176447999981 ], [ 112.681733624000117, -8.236045654999941 ], [ 112.681516950000059, -8.235914986999944 ], [ 112.681378394000035, -8.235801933999937 ], [ 112.68123360800007, -8.235635079999952 ], [ 112.681233255000052, -8.235551351999959 ], [ 112.68129903900001, -8.235491268999965 ], [ 112.681508094000037, -8.235239202999935 ], [ 112.681591559000026, -8.235101296999972 ], [ 112.681675050000081, -8.234969371999966 ], [ 112.681854548000047, -8.234810175999939 ], [ 112.681905188000087, -8.234821899999929 ], [ 112.682013489000042, -8.23487886099997 ], [ 112.682092672000067, -8.234864175999974 ], [ 112.682160882000062, -8.23481006399993 ], [ 112.682254306, -8.234755845999928 ], [ 112.682297211000105, -8.234680308999941 ], [ 112.68231121000008, -8.234583362999956 ], [ 112.682310892000032, -8.234508006999931 ], [ 112.682328311000106, -8.234367985999938 ], [ 112.682385579000083, -8.234281622999958 ], [ 112.682428514000094, -8.234213262999958 ], [ 112.68250716700004, -8.234072984999955 ], [ 112.682679758000063, -8.23400049299994 ], [ 112.682784154000046, -8.233985701999927 ], [ 112.682888490000096, -8.233956556999942 ], [ 112.682974724000019, -8.23390595799998 ], [ 112.683078893000015, -8.233837340999969 ], [ 112.683312308000041, -8.233667705999949 ], [ 112.68345239000007, -8.233573819999947 ], [ 112.683596089000048, -8.23348350699996 ], [ 112.683696701000031, -8.233425669999974 ], [ 112.683872757000017, -8.233320866999975 ], [ 112.683958840000059, -8.233234383999957 ], [ 112.683994238000082, -8.233087109999929 ], [ 112.683986519000086, -8.232965135999962 ], [ 112.684004195000057, -8.232886116999964 ], [ 112.684079578000024, -8.232824797999967 ], [ 112.684176846000014, -8.232827977999932 ], [ 112.684306637000077, -8.232856140999957 ], [ 112.684353417000011, -8.23284517899998 ], [ 112.684457509000026, -8.232758620999959 ], [ 112.684511174000022, -8.232672272999935 ], [ 112.684564809000108, -8.23257874899997 ], [ 112.684614690000103, -8.23244935699995 ], [ 112.684639510000011, -8.232355953999956 ], [ 112.684686107000061, -8.232301931999928 ], [ 112.684743587000071, -8.232265806999976 ], [ 112.684786749000068, -8.232251271999928 ], [ 112.685013687000037, -8.232253907999961 ], [ 112.685168419000092, -8.232217373999958 ], [ 112.685287283000093, -8.232216875999939 ], [ 112.685395386000096, -8.232227186999978 ], [ 112.685539616000028, -8.232262465999952 ], [ 112.685637939000117, -8.232299940999951 ], [ 112.685705517000088, -8.232312006999962 ], [ 112.68580277, -8.232311598999956 ], [ 112.685871115000054, -8.232289781999953 ], [ 112.685914111000102, -8.232235774999936 ], [ 112.685924674000034, -8.232178315999931 ], [ 112.685920829000111, -8.232120916999975 ], [ 112.68587362400001, -8.23203140499993 ], [ 112.685810268000068, -8.231946244999961 ], [ 112.685678331000076, -8.231845626999927 ], [ 112.685632260000034, -8.231727054999965 ], [ 112.685930465000069, -8.231831062999959 ], [ 112.686152194000101, -8.232021514999929 ], [ 112.686383932000012, -8.232307614999968 ], [ 112.686493115000076, -8.232547907999958 ], [ 112.685932457000035, -8.232945287999939 ] ] ] } },
{ "type": "Feature", "properties": { "fid": 1623, "class_id": 4, "class_name": "Lahan hijau", "source": "BIG", "source_class": "Tegalan/Ladang", "kode": "VALID", "alasan": "", "n_valid": 172, "n_nodata": 0, "status_v5": "ok" }, "geometry": { "type": "Polygon", "coordinates": [ [ [ 112.608563902000014, -8.301136550999956 ], [ 112.609203963000027, -8.30121467999993 ], [ 112.609337611000115, -8.301236320999976 ], [ 112.609265400000027, -8.301507278999964 ], [ 112.609753621000095, -8.301527289999967 ], [ 112.609689810000077, -8.302042015999973 ], [ 112.60954612, -8.302024389999929 ], [ 112.608786701000099, -8.30191740999993 ], [ 112.608382893000112, -8.301909085999966 ], [ 112.607816273000026, -8.301897404999977 ], [ 112.607518293000112, -8.301860329999954 ], [ 112.607282896000015, -8.301847007999982 ], [ 112.607656677000023, -8.301633393999964 ], [ 112.607944212, -8.30146476799996 ], [ 112.60782693200008, -8.301286767999954 ], [ 112.607943087000081, -8.301243727999974 ], [ 112.608089458000109, -8.301195923999956 ], [ 112.608350875000042, -8.30111054799994 ], [ 112.608561655000017, -8.301136276999955 ], [ 112.608563902000014, -8.301136550999956 ] ] ] } },
{ "type": "Feature", "properties": { "fid": 1641, "class_id": 4, "class_name": "Lahan hijau", "source": "BIG", "source_class": "Perkebunan Sudah Menghasilkan", "kode": "VALID", "alasan": "", "n_valid": 7459, "n_nodata": 0, "status_v5": "ok" }, "geometry": { "type": "Polygon", "coordinates": [ [ [ 112.757071679000092, -8.061120707999976 ], [ 112.757146936000026, -8.060761553999953 ], [ 112.757407137000087, -8.060300905999952 ], [ 112.757758809000052, -8.06020330299998 ], [ 112.757970862000093, -8.060356128999956 ], [ 112.758435546000101, -8.060134051999967 ], [ 112.758693298000026, -8.059793251999963 ], [ 112.758917384000029, -8.059438243999978 ], [ 112.759071016, -8.059442368999953 ], [ 112.759247533, -8.059188036999956 ], [ 112.759720720000018, -8.058712348999961 ], [ 112.75976262000006, -8.05841074999995 ], [ 112.759945012000117, -8.058405182999934 ], [ 112.759964689000071, -8.05851513999994 ], [ 112.76015188100007, -8.058509551999975 ], [ 112.760148198000024, -8.058183411999948 ], [ 112.760191181000096, -8.058179938999956 ], [ 112.760295893000034, -8.058107715999938 ], [ 112.760349460000043, -8.058005790999971 ], [ 112.76047143400001, -8.058029737999959 ], [ 112.760425003000023, -8.058393552999974 ], [ 112.760722395000016, -8.058339646999968 ], [ 112.760731479000015, -8.05821999799997 ], [ 112.761029120000103, -8.058223503999955 ], [ 112.761350700000094, -8.058212553999965 ], [ 112.761425642000063, -8.05778163399998 ], [ 112.76108935100001, -8.057720881999956 ], [ 112.761174847, -8.05751 ], [ 112.761530194000102, -8.05753717999994 ], [ 112.761557754000023, -8.057249996999928 ], [ 112.761566134000077, -8.056967679999957 ], [ 112.762046165000015, -8.056965617999936 ], [ 112.762033502, -8.057367562999957 ], [ 112.762201368000092, -8.057333350999954 ], [ 112.762310450000086, -8.057026678999932 ], [ 112.762425658000097, -8.057026183999938 ], [ 112.762483417000112, -8.056736255999965 ], [ 112.762633410000035, -8.056740745999946 ], [ 112.762710413000036, -8.05676161699995 ], [ 112.762915748000069, -8.056817271999932 ], [ 112.763186079000093, -8.056884900999933 ], [ 112.763606397000103, -8.056936877999931 ], [ 112.76405972900011, -8.05699476999996 ], [ 112.764278527000101, -8.056942935999928 ], [ 112.764605362000111, -8.056878794999932 ], [ 112.764836323000054, -8.056871834999981 ], [ 112.765235220000022, -8.05683124799998 ], [ 112.765478120000012, -8.056800280999937 ], [ 112.765787251, -8.056810881999979 ], [ 112.765952379000055, -8.056837108999957 ], [ 112.766447360000029, -8.056805055999973 ], [ 112.766780038000093, -8.056725882999956 ], [ 112.767043749000095, -8.056647005999935 ], [ 112.767316397000059, -8.056559051999955 ], [ 112.767487468000013, -8.056558313999972 ], [ 112.767856874000017, -8.056634461999977 ], [ 112.768024878, -8.05663373799996 ], [ 112.768348735000018, -8.056590487999927 ], [ 112.76866669900005, -8.056568234999929 ], [ 112.768690749000029, -8.056577080999944 ], [ 112.768894924000051, -8.056603137999957 ], [ 112.769324347000065, -8.056684990999941 ], [ 112.769738670000038, -8.056751993999967 ], [ 112.769846683000083, -8.05675152799995 ], [ 112.770137449000117, -8.056684464999933 ], [ 112.770308441000111, -8.05666582799995 ], [ 112.770626638000067, -8.056697267999937 ], [ 112.770911735000027, -8.056719990999966 ], [ 112.771103931000084, -8.05676101399996 ], [ 112.771148961000108, -8.056760819999965 ], [ 112.77125692200002, -8.056748420999952 ], [ 112.771532337000053, -8.056591751999974 ], [ 112.771747816000016, -8.056465171999946 ], [ 112.77199900100004, -8.056275702999926 ], [ 112.772250599000017, -8.056163971999979 ], [ 112.772678942000084, -8.055997601999934 ], [ 112.772836297000026, -8.056317552999928 ], [ 112.772969375000116, -8.056559235999941 ], [ 112.773111547000099, -8.056827726999927 ], [ 112.773175411000011, -8.057012850999968 ], [ 112.7732092870001, -8.057130940999969 ], [ 112.773183026000083, -8.057301539999969 ], [ 112.773138490000065, -8.057415358999947 ], [ 112.773046280000017, -8.057592117999945 ], [ 112.772915337000086, -8.057840908999935 ], [ 112.772754645000077, -8.058146686999976 ], [ 112.772677304000013, -8.058302500999957 ], [ 112.772662543000024, -8.05836538899996 ], [ 112.772665912000093, -8.058452063999937 ], [ 112.772693293000088, -8.058538633999945 ], [ 112.772711463000064, -8.058555728999977 ], [ 112.772559365, -8.058676811999931 ], [ 112.772027969000078, -8.059009231999937 ], [ 112.771452494000073, -8.059140897999953 ], [ 112.770862306000026, -8.059200860999965 ], [ 112.770733447000111, -8.059373654999945 ], [ 112.770417563000024, -8.059590316999959 ], [ 112.769541725000067, -8.060196932999929 ], [ 112.769168236000041, -8.060413842999935 ], [ 112.768550240000081, -8.060703573999945 ], [ 112.767586495000046, -8.060966088999976 ], [ 112.767083457000012, -8.061197909999976 ], [ 112.766762935000088, -8.061452864999978 ], [ 112.766271366000069, -8.061562632999937 ], [ 112.76585144, -8.061588363999931 ], [ 112.765539832000059, -8.061685394999927 ], [ 112.765277421000064, -8.062057316999926 ], [ 112.765038492000031, -8.062309526999968 ], [ 112.764822268000103, -8.062262614999952 ], [ 112.764557367000066, -8.06206041799993 ], [ 112.764328417000115, -8.061846105999962 ], [ 112.763932440000076, -8.061859770999945 ], [ 112.763752841000041, -8.061956232999933 ], [ 112.763440921000097, -8.061981496999977 ], [ 112.762961144000087, -8.062043366999944 ], [ 112.762841808000076, -8.062199372999942 ], [ 112.762662106000107, -8.062271912999961 ], [ 112.762350082000012, -8.06227325499998 ], [ 112.762098218, -8.062310220999962 ], [ 112.761918567000066, -8.062394720999976 ], [ 112.761883341000043, -8.062574287999951 ], [ 112.761680360000014, -8.062814380999953 ], [ 112.761476551000101, -8.062863100999948 ], [ 112.761223911000116, -8.062720654999964 ], [ 112.761031896000077, -8.062721479999936 ], [ 112.760787304000019, -8.062775159999944 ], [ 112.760564521000106, -8.062876589999973 ], [ 112.760290993000012, -8.062899294999966 ], [ 112.759692260000065, -8.062650684999937 ], [ 112.759403865000081, -8.062565803999973 ], [ 112.759028691000026, -8.062395174999949 ], [ 112.758768603000021, -8.062195345999953 ], [ 112.758328469000048, -8.061989112999981 ], [ 112.758198890000017, -8.061996844999953 ], [ 112.75802064800007, -8.061946742999964 ], [ 112.757794791000038, -8.061797632999969 ], [ 112.757571016000043, -8.061669413999937 ], [ 112.757383306000065, -8.061555392999935 ], [ 112.75716679300001, -8.06144149499994 ], [ 112.757079160000103, -8.061380567999947 ], [ 112.757071679000092, -8.061120707999976 ] ], [ [ 112.763467633, -8.060418634999962 ], [ 112.763547808000112, -8.060088164999968 ], [ 112.763168230000019, -8.060008462999974 ], [ 112.762586995000106, -8.059920059999968 ], [ 112.762477954000019, -8.060236299999929 ], [ 112.763054389000104, -8.06032472399994 ], [ 112.763007732, -8.060635911999952 ], [ 112.763344046000043, -8.060701445999939 ], [ 112.76336690800008, -8.060438205999958 ], [ 112.763467633, -8.060418634999962 ] ], [ [ 112.76376369400009, -8.060867569999971 ], [ 112.763668177000113, -8.061278964999929 ], [ 112.763332070000047, -8.061261273999946 ], [ 112.763294641000016, -8.061486301999935 ], [ 112.763400581000042, -8.061562396999932 ], [ 112.763554047000071, -8.061528245999966 ], [ 112.763615830000049, -8.061384446999966 ], [ 112.763783552000064, -8.061316743999953 ], [ 112.764225495, -8.061386607999964 ], [ 112.764334555, -8.061075151999944 ], [ 112.76376369400009, -8.060867569999971 ] ] ] } },
{ "type": "Feature", "properties": { "fid": 1668, "class_id": 4, "class_name": "Lahan hijau", "source": "BIG", "source_class": "Hutan Belukar", "kode": "VALID", "alasan": "", "n_valid": 67, "n_nodata": 3, "status_v5": "ok" }, "geometry": { "type": "Polygon", "coordinates": [ [ [ 114.346549026000048, -8.733126720999962 ], [ 114.346557556000107, -8.733126642999935 ], [ 114.346800381000094, -8.733124416999942 ], [ 114.346902963000048, -8.733117432999961 ], [ 114.346962876000021, -8.733103787999937 ], [ 114.34709677, -8.733067143999961 ], [ 114.347133102000043, -8.733048735999944 ], [ 114.347149575000117, -8.733031414999971 ], [ 114.347196869000072, -8.732967418999976 ], [ 114.347215789000074, -8.732956064999939 ], [ 114.347408038000026, -8.732888616999958 ], [ 114.347450716000026, -8.732881407999969 ], [ 114.347469923000062, -8.732883346999927 ], [ 114.347521180000058, -8.732894618999978 ], [ 114.347567083000058, -8.732912317999933 ], [ 114.347640862000048, -8.732932650999942 ], [ 114.347675255000013, -8.732936787999961 ], [ 114.34776127400005, -8.732929749999926 ], [ 114.347856924000098, -8.732912278999947 ], [ 114.347984421000092, -8.732879962999959 ], [ 114.348154086000022, -8.732827978999978 ], [ 114.348291761000041, -8.732779000999926 ], [ 114.348304760000019, -8.732774018999976 ], [ 114.348525530000074, -8.732661379999968 ], [ 114.348538181000094, -8.732644190999963 ], [ 114.348551544000088, -8.732612396999968 ], [ 114.348564211000053, -8.732561211999951 ], [ 114.348569005000058, -8.732541840999943 ], [ 114.348582280000073, -8.732512940999982 ], [ 114.348595487000011, -8.732497235999972 ], [ 114.348618321000117, -8.732480413999951 ], [ 114.34870387, -8.732435554999938 ], [ 114.348741715000074, -8.732411269999943 ], [ 114.34878049100007, -8.732379776999949 ], [ 114.349118105000116, -8.731915538999942 ], [ 114.349150565000059, -8.731865697999979 ], [ 114.349173567000093, -8.731833501999972 ], [ 114.349199098000099, -8.731802241999958 ], [ 114.349322677553076, -8.731649015065726 ], [ 114.349823373037324, -8.731395576610733 ], [ 114.34927, -8.73207 ], [ 114.34913, -8.73226 ], [ 114.34873, -8.7327 ], [ 114.348540033000063, -8.732808551999938 ], [ 114.348521017000053, -8.732818863999967 ], [ 114.348336093000057, -8.732870155999933 ], [ 114.34775, -8.73303 ], [ 114.34739, -8.73308 ], [ 114.346810830000095, -8.733252185999959 ], [ 114.346647947000065, -8.7333 ], [ 114.346643047000043, -8.7333 ], [ 114.34646733000011, -8.733293452999931 ], [ 114.34642330600002, -8.733253306999927 ], [ 114.3464, -8.73323 ], [ 114.346327987519302, -8.733164845823559 ], [ 114.346414078726639, -8.733121268792686 ], [ 114.346549026000048, -8.733126720999962 ] ] ] } },
{ "type": "Feature", "properties": { "fid": 1674, "class_id": 4, "class_name": "Lahan hijau", "source": "BIG", "source_class": "Semak", "kode": "VALID", "alasan": "", "n_valid": 373, "n_nodata": 0, "status_v5": "ok" }, "geometry": { "type": "Polygon", "coordinates": [ [ [ 114.297749231000012, -8.410780072999955 ], [ 114.29758784, -8.411215304999928 ], [ 114.29750983800011, -8.411425655999949 ], [ 114.297359081000081, -8.411763444999963 ], [ 114.297428416000116, -8.411859064999931 ], [ 114.297472092000021, -8.411916044999941 ], [ 114.297598122000068, -8.411922154999957 ], [ 114.297763531000101, -8.411902845999975 ], [ 114.297810654000045, -8.411941876999947 ], [ 114.297907679000105, -8.411923140999932 ], [ 114.29797932800011, -8.411883113999977 ], [ 114.298001469000042, -8.411947442999974 ], [ 114.297980906000021, -8.412069476999932 ], [ 114.297974739000097, -8.412191389999975 ], [ 114.298061361, -8.412219335999964 ], [ 114.298104005000027, -8.412154463999968 ], [ 114.298164614000029, -8.412085855999976 ], [ 114.298279574000048, -8.412059801999931 ], [ 114.298362294000071, -8.41205193899998 ], [ 114.298430890000077, -8.412076451999951 ], [ 114.29851351800005, -8.412057836999963 ], [ 114.298538530000087, -8.41203612299995 ], [ 114.298610452000048, -8.412028349999957 ], [ 114.298876637000035, -8.412008194999942 ], [ 114.298977261, -8.411989428999959 ], [ 114.299102776000041, -8.411934612999971 ], [ 114.299153224000065, -8.411941356999932 ], [ 114.29919393800003, -8.412073628999963 ], [ 114.299194757, -8.412170393999929 ], [ 114.299184901000103, -8.412281585999949 ], [ 114.299178552000058, -8.412381995999965 ], [ 114.299182941000026, -8.412475146999952 ], [ 114.299194376000059, -8.412550317999944 ], [ 114.299202272000116, -8.412632686999928 ], [ 114.299317779000035, -8.412671142999955 ], [ 114.299415563000025, -8.412742004999927 ], [ 114.29953445600006, -8.412755342999958 ], [ 114.299606044000029, -8.412708147999979 ], [ 114.299645422000026, -8.412682727999936 ], [ 114.299691786000039, -8.41263215999993 ], [ 114.299701916000117, -8.412553223999964 ], [ 114.299767268000096, -8.412484614999926 ], [ 114.299779449000084, -8.412983533999977 ], [ 114.299222619000034, -8.412969095999927 ], [ 114.29859787700002, -8.412869206999972 ], [ 114.298549543000036, -8.412950975999934 ], [ 114.298530567000057, -8.412796030999971 ], [ 114.298501349000048, -8.412746097999957 ], [ 114.298447149000026, -8.412721463999958 ], [ 114.298407802000042, -8.412750466999967 ], [ 114.298321240000064, -8.412729688999946 ], [ 114.298309836000044, -8.412658101999966 ], [ 114.298273996000034, -8.41267632399996 ], [ 114.298173038000073, -8.412655665999978 ], [ 114.298125490000075, -8.412566460999926 ], [ 114.298092521000058, -8.412498638999978 ], [ 114.298052415000029, -8.412438044999931 ], [ 114.297958412000071, -8.412388655999962 ], [ 114.297889937000036, -8.412378477999937 ], [ 114.297814355000014, -8.412379112999929 ], [ 114.297760277000066, -8.412368813999933 ], [ 114.297713154, -8.412329783999951 ], [ 114.29767326000001, -8.412294276999944 ], [ 114.297612075000075, -8.412294790999965 ], [ 114.297515050000015, -8.412313525999934 ], [ 114.297399634000044, -8.412285821999944 ], [ 114.29730578300007, -8.412254351999934 ], [ 114.2972265410001, -8.412247848999925 ], [ 114.297148823000043, -8.412234553999951 ], [ 114.297127607000107, -8.412282090999952 ], [ 114.296253835000016, -8.41207118899996 ], [ 114.296342676000108, -8.411939261999976 ], [ 114.296444045000044, -8.41186672799995 ], [ 114.296491023000044, -8.411746861999973 ], [ 114.296568145000037, -8.411644662999947 ], [ 114.296675513000082, -8.411572078999939 ], [ 114.296722642000077, -8.411470131999977 ], [ 114.296866456000089, -8.411451004999947 ], [ 114.297005030000037, -8.411521524999955 ], [ 114.297113257000092, -8.411550484999964 ], [ 114.297226926, -8.411513689999936 ], [ 114.297231863000093, -8.411388202999944 ], [ 114.297260795000057, -8.41126251399993 ], [ 114.297355761000063, -8.411142244999951 ], [ 114.29741483600003, -8.411034223999934 ], [ 114.297455310000032, -8.410854676999975 ], [ 114.297358322000036, -8.410736018999955 ], [ 114.297189604000096, -8.410647829999959 ], [ 114.296991146000096, -8.410589758999947 ], [ 114.296852219000016, -8.410477426999933 ], [ 114.296755181000094, -8.410352794999937 ], [ 114.296611822000045, -8.410425680999936 ], [ 114.296444266000094, -8.410474875999967 ], [ 114.296383270000092, -8.410355914999968 ], [ 114.296484488000033, -8.410265461999927 ], [ 114.296525416, -8.410139672999946 ], [ 114.296464521000075, -8.410032658999967 ], [ 114.296224074000065, -8.409974939999927 ], [ 114.295971882000117, -8.409947186999943 ], [ 114.295773475000033, -8.409895087999928 ], [ 114.295616704000054, -8.409800824999934 ], [ 114.29554986100004, -8.40969983399998 ], [ 114.295490814000118, -8.409487492999972 ], [ 114.29570973400007, -8.409524807999958 ], [ 114.295983389000071, -8.409536849999938 ], [ 114.296747698000104, -8.409683362999942 ], [ 114.296697498000071, -8.409989632999952 ], [ 114.297185901000034, -8.41042519299998 ], [ 114.297802655000055, -8.410629365999966 ], [ 114.297749231000012, -8.410780072999955 ] ] ] } },
{ "type": "Feature", "properties": { "fid": 1677, "class_id": 4, "class_name": "Lahan hijau", "source": "BIG", "source_class": "Perkebunan Sudah Menghasilkan", "kode": "VALID", "alasan": "", "n_valid": 55, "n_nodata": 0, "status_v5": "ok" }, "geometry": { "type": "Polygon", "coordinates": [ [ [ 112.847219953000035, -8.305936813999949 ], [ 112.847235257000079, -8.306128107999939 ], [ 112.847238725000011, -8.306227751999927 ], [ 112.846977482000057, -8.306238944999961 ], [ 112.846841943000072, -8.30624475299993 ], [ 112.846788103000108, -8.306029715999955 ], [ 112.846447488000081, -8.306117410999946 ], [ 112.846427717000097, -8.305997898999976 ], [ 112.846378098000059, -8.305658454999957 ], [ 112.846574688000032, -8.305585780999934 ], [ 112.846939496, -8.305536246999964 ], [ 112.847125863000088, -8.305500089999953 ], [ 112.847160683000084, -8.30558784599998 ], [ 112.847205463000023, -8.30585150099995 ], [ 112.847219953000035, -8.305936813999949 ] ] ] } },
{ "type": "Feature", "properties": { "fid": 1679, "class_id": 4, "class_name": "Lahan hijau", "source": "BIG", "source_class": "Hutan Belukar", "kode": "VALID", "alasan": "", "n_valid": 2097, "n_nodata": 0, "status_v5": "ok" }, "geometry": { "type": "Polygon", "coordinates": [ [ [ 112.787072593000062, -8.145652802999962 ], [ 112.787024686000109, -8.145676935999973 ], [ 112.786898732000054, -8.145695431999968 ], [ 112.786652852000088, -8.145738377999976 ], [ 112.786509131000116, -8.145810775999962 ], [ 112.786407899000096, -8.145990633999929 ], [ 112.786450733000038, -8.146175837999976 ], [ 112.786638057, -8.146462072999952 ], [ 112.786674703000017, -8.146605441999952 ], [ 112.786556156000074, -8.146940866999955 ], [ 112.786364581000043, -8.147049358999936 ], [ 112.786184665000064, -8.147080052999968 ], [ 112.78599853500009, -8.147062930999937 ], [ 112.785806084000114, -8.146974071999978 ], [ 112.78561984800001, -8.146933028999968 ], [ 112.785506135000105, -8.147005294999929 ], [ 112.785464787000024, -8.147154986999965 ], [ 112.785569254000052, -8.147704725999972 ], [ 112.78566068400005, -8.14802128599996 ], [ 112.785652018000064, -8.148228695999933 ], [ 112.785518360000083, -8.148249351999937 ], [ 112.785234200000104, -8.148322367999981 ], [ 112.78483174500002, -8.148374457999978 ], [ 112.784744896, -8.148091828999952 ], [ 112.7847314280001, -8.14796645499996 ], [ 112.784666782000045, -8.14780032799996 ], [ 112.784517559000051, -8.147714866999934 ], [ 112.784412100000054, -8.147753604999934 ], [ 112.784278299000107, -8.147897723999961 ], [ 112.784134725000058, -8.148003610999979 ], [ 112.784005259000082, -8.148042455999928 ], [ 112.783851808, -8.148086189999958 ], [ 112.783693639000035, -8.148149081999975 ], [ 112.783694402000037, -8.148321314999976 ], [ 112.783726410000099, -8.148527591999937 ], [ 112.783211663000088, -8.148607561999938 ], [ 112.78315425400001, -8.148654461999968 ], [ 112.783185270000104, -8.148280493999948 ], [ 112.783179622000034, -8.148089145999961 ], [ 112.782924674000014, -8.147982458999934 ], [ 112.782761175000019, -8.147925765999958 ], [ 112.782607553000048, -8.147931225999969 ], [ 112.782550128000025, -8.147974536999925 ], [ 112.782417385000031, -8.148357867999948 ], [ 112.78236533300003, -8.14853033299994 ], [ 112.782284345000107, -8.148674218999929 ], [ 112.782193501000052, -8.148760736999975 ], [ 112.782102635000115, -8.148842469999977 ], [ 112.782064987000012, -8.149014871999952 ], [ 112.782007837000037, -8.149120377999964 ], [ 112.7819358590001, -8.149130262999961 ], [ 112.78185398200003, -8.149073210999973 ], [ 112.781709434000049, -8.148959021999929 ], [ 112.78159834600001, -8.148811194999951 ], [ 112.781592952000096, -8.148677256999974 ], [ 112.781630516000064, -8.148485717999961 ], [ 112.781668165000042, -8.148313316999975 ], [ 112.781567125000038, -8.148265916999947 ], [ 112.781316757000013, -8.148109132999934 ], [ 112.781301719000112, -8.147965668999973 ], [ 112.781300978000104, -8.14779821999997 ], [ 112.781175826000094, -8.147727004999979 ], [ 112.780988532000038, -8.147718257999941 ], [ 112.780911160000073, -8.147594204999962 ], [ 112.78085326900009, -8.14753226299996 ], [ 112.780689622000068, -8.147442078999973 ], [ 112.780540612000095, -8.147404457999926 ], [ 112.780353339000044, -8.147400495999932 ], [ 112.780180555000015, -8.147415606999971 ], [ 112.780132901000115, -8.147497149999936 ], [ 112.780123933000027, -8.14764071999997 ], [ 112.780225078000058, -8.147712041999966 ], [ 112.780398328000047, -8.147802183999943 ], [ 112.780494693000037, -8.147878309999953 ], [ 112.780494947000079, -8.147935720999953 ], [ 112.78037538600006, -8.148097185999973 ], [ 112.779769815, -8.147963489999938 ], [ 112.779358809000087, -8.147854056999961 ], [ 112.779196352000099, -8.147761474999982 ], [ 112.779022806000057, -8.147604352999963 ], [ 112.778910874000076, -8.14753666699994 ], [ 112.778849625000021, -8.147529758999951 ], [ 112.778698748000011, -8.147612950999928 ], [ 112.778454387000011, -8.147728846999939 ], [ 112.778393186000017, -8.147732702999974 ], [ 112.778216562000011, -8.147694006999927 ], [ 112.777721153000016, -8.147531123999954 ], [ 112.777628886000116, -8.147535110999968 ], [ 112.777402625000036, -8.147672456999942 ], [ 112.776964189000068, -8.147875320999958 ], [ 112.776901581000061, -8.147901057999945 ], [ 112.77688197000009, -8.14777709699996 ], [ 112.776814392, -8.147696058999941 ], [ 112.776645902000041, -8.147596324999938 ], [ 112.776573607000046, -8.147534444999962 ], [ 112.776568321000013, -8.147424427999965 ], [ 112.776654280000116, -8.147318795999979 ], [ 112.776721436000116, -8.147304148999979 ], [ 112.776933096000107, -8.147394123999959 ], [ 112.777144756000098, -8.147484099999929 ], [ 112.777332071000046, -8.147497631999954 ], [ 112.777422937000097, -8.147415899999942 ], [ 112.777465284000073, -8.147219555999925 ], [ 112.777503124000077, -8.147090211999966 ], [ 112.777598560000115, -8.146955831999946 ], [ 112.777708251000035, -8.146787898999946 ], [ 112.777784713000074, -8.14670622999995 ], [ 112.7779143570001, -8.146596164999949 ], [ 112.777950353000051, -8.146665516999974 ], [ 112.778008032000116, -8.146679616999961 ], [ 112.77805602400008, -8.146674621999978 ], [ 112.778118293000034, -8.146640858999945 ], [ 112.77815174400007, -8.146604828999955 ], [ 112.778209075000063, -8.146539988999962 ], [ 112.778280862000088, -8.146487046999937 ], [ 112.778391314000032, -8.146491346999937 ], [ 112.778561909000018, -8.146524088999968 ], [ 112.778638730000011, -8.14652375299994 ], [ 112.778698651000013, -8.146501959999966 ], [ 112.778751329000102, -8.146470630999943 ], [ 112.778789581000069, -8.146434580999937 ], [ 112.77881823000007, -8.146398571999953 ], [ 112.778856366000014, -8.14633620799998 ], [ 112.778892122000116, -8.146278638999945 ], [ 112.778932796000049, -8.146247362999929 ], [ 112.77899965000006, -8.146228421999979 ], [ 112.779189593000069, -8.146229490999929 ], [ 112.779335991000039, -8.146219279999968 ], [ 112.779470575, -8.146252180999966 ], [ 112.779576490000068, -8.146316304999971 ], [ 112.779632001000095, -8.146383041999968 ], [ 112.779658641000083, -8.146435552999947 ], [ 112.77967331900004, -8.146497684999929 ], [ 112.77967594200004, -8.146547908999935 ], [ 112.77969826900005, -8.14662422899994 ], [ 112.779751632000057, -8.146654461999958 ], [ 112.779849371000068, -8.146678717999976 ], [ 112.779969414000107, -8.146680582999977 ], [ 112.78004192800006, -8.146742509999967 ], [ 112.780089860000089, -8.146773349999933 ], [ 112.780140570000071, -8.146840107999935 ], [ 112.780184035000048, -8.146897328999955 ], [ 112.780232334000061, -8.146961705999956 ], [ 112.780278179000106, -8.147014132999971 ], [ 112.78034556700004, -8.147052111999926 ], [ 112.780458514000088, -8.147077929999966 ], [ 112.780600238000034, -8.147096444999931 ], [ 112.780645745000015, -8.147072323999964 ], [ 112.780679185000054, -8.147033901999976 ], [ 112.780734284, -8.147007345999953 ], [ 112.780830226000035, -8.146987787999933 ], [ 112.780959872000039, -8.146989610999981 ], [ 112.781031966000114, -8.147006038999962 ], [ 112.781099269000038, -8.147024880999936 ], [ 112.781180976000087, -8.147043659999952 ], [ 112.781226588000095, -8.147043459999963 ], [ 112.781267357000047, -8.147033711999939 ], [ 112.781329510000091, -8.146973634999938 ], [ 112.781443737000018, -8.146745875999954 ], [ 112.781551121, -8.146599481999942 ], [ 112.781608504000019, -8.146546601999944 ], [ 112.781661159, -8.146510488999979 ], [ 112.781725723000022, -8.14645279299998 ], [ 112.781811935000064, -8.146404570999948 ], [ 112.78189584200004, -8.146377887999961 ], [ 112.781982085000095, -8.146336841999926 ], [ 112.782046660000105, -8.146281538999972 ], [ 112.782096756000101, -8.146209553999938 ], [ 112.782107195000094, -8.146200557999975 ], [ 112.782163720000085, -8.146151846999942 ], [ 112.782259408000073, -8.146074876999933 ], [ 112.782352800000012, -8.146021838999957 ], [ 112.78243911800007, -8.145997537999961 ], [ 112.782561498000064, -8.145985039999971 ], [ 112.782640603, -8.145958377999932 ], [ 112.782693238000093, -8.14591747999998 ], [ 112.782741060000035, -8.145874210999978 ], [ 112.782812847000059, -8.145821267999963 ], [ 112.7828865890001, -8.145730829999934 ], [ 112.782927231000031, -8.145629390999943 ], [ 112.782982012000048, -8.145531070999937 ], [ 112.783046501000058, -8.145456630999945 ], [ 112.783173460000057, -8.145393875999957 ], [ 112.783235845000036, -8.14538642499997 ], [ 112.78332965900006, -8.145382132999941 ], [ 112.783404718000043, -8.145422753999981 ], [ 112.783521808000046, -8.145449756999938 ], [ 112.783649, -8.145439628999952 ], [ 112.783732928000063, -8.145417730999952 ], [ 112.783826436000027, -8.145391005999954 ], [ 112.783895811000093, -8.145335680999949 ], [ 112.783960470000011, -8.14529951399993 ], [ 112.78407065600004, -8.145244008999953 ], [ 112.7841783880001, -8.145176554999978 ], [ 112.784310053000013, -8.145092249999948 ], [ 112.784405719, -8.145010494999951 ], [ 112.784472873000027, -8.144995846999961 ], [ 112.784566615000017, -8.145021748999966 ], [ 112.784602783000082, -8.145057471999962 ], [ 112.784675099000083, -8.145124134999946 ], [ 112.784761597000056, -8.145140498999979 ], [ 112.784886388000018, -8.145130381999934 ], [ 112.784946542000057, -8.145161214999973 ], [ 112.784999557000106, -8.145206432999942 ], [ 112.785028556000043, -8.145249364999927 ], [ 112.78504075, -8.145292369999936 ], [ 112.785050554, -8.145337777999941 ], [ 112.785072467000077, -8.145407053999975 ], [ 112.785106309000071, -8.145459532999951 ], [ 112.785161620000054, -8.145480818999943 ], [ 112.785238440000057, -8.145480480999936 ], [ 112.785370402000012, -8.145463154999959 ], [ 112.785425564000093, -8.145450951999976 ], [ 112.785471038000082, -8.145419653999966 ], [ 112.78554034900003, -8.145349975999977 ], [ 112.785607302000017, -8.145289876999925 ], [ 112.785664737000047, -8.145248956999978 ], [ 112.785739115000069, -8.145239060999927 ], [ 112.785811240000044, -8.145262664999962 ], [ 112.785888326000077, -8.145322129999954 ], [ 112.785955830000034, -8.145386420999955 ], [ 112.786045153000032, -8.145498459999942 ], [ 112.786078825000118, -8.145512664999956 ], [ 112.786126743000068, -8.145490923999944 ], [ 112.786162593000086, -8.145454883999946 ], [ 112.786208068000064, -8.145423585999936 ], [ 112.786263251000037, -8.145416165999961 ], [ 112.786349769000026, -8.145437314999981 ], [ 112.786412218, -8.14544421599993 ], [ 112.78648660600004, -8.145436711999935 ], [ 112.786553686000047, -8.145405318999963 ], [ 112.786762298000099, -8.145349379999971 ], [ 112.786887036000053, -8.145327300999952 ], [ 112.787028685000109, -8.145329068999956 ], [ 112.78709364000008, -8.14535988199998 ], [ 112.787109801000042, -8.145372647999977 ], [ 112.787072593000062, -8.145652802999962 ] ] ] } },
{ "type": "Feature", "properties": { "fid": 1683, "class_id": 4, "class_name": "Lahan hijau", "source": "BIG", "source_class": "Hutan Belukar", "kode": "VALID", "alasan": "", "n_valid": 517, "n_nodata": 0, "status_v5": "ok" }, "geometry": { "type": "Polygon", "coordinates": [ [ [ 112.772473863000073, -8.196125506999977 ], [ 112.772496076000039, -8.196261762999939 ], [ 112.772496775000036, -8.196419643999945 ], [ 112.772411102000092, -8.196592256999963 ], [ 112.772332284000072, -8.196685898999931 ], [ 112.772297032000097, -8.196858290999955 ], [ 112.772341171000107, -8.197066215999939 ], [ 112.772421769000061, -8.197374452999952 ], [ 112.77251620200002, -8.197553450999976 ], [ 112.772625008000091, -8.19772520999993 ], [ 112.772640686000045, -8.198012201999973 ], [ 112.772439417000101, -8.198106381999935 ], [ 112.772080065000068, -8.19828737499995 ], [ 112.771928995000053, -8.198443785999928 ], [ 112.771468133000099, -8.198361829999953 ], [ 112.77125185400007, -8.198319720999962 ], [ 112.771022217000109, -8.198514495999973 ], [ 112.770871622000072, -8.198665864999953 ], [ 112.770664166000074, -8.198989720999975 ], [ 112.77055650300008, -8.199076311999931 ], [ 112.770332576000101, -8.198933764999936 ], [ 112.770360753000091, -8.198790109999948 ], [ 112.770482504000029, -8.198631691999935 ], [ 112.770639890000098, -8.198386997999933 ], [ 112.770775571000058, -8.198120869999968 ], [ 112.7708828210001, -8.197940984999946 ], [ 112.771019137000053, -8.197818385999938 ], [ 112.771155357000112, -8.197674255999971 ], [ 112.771183502000099, -8.197523424999929 ], [ 112.771146154, -8.197222174999979 ], [ 112.771051436000107, -8.196978587999979 ], [ 112.770985784000118, -8.196792286999937 ], [ 112.770883578000053, -8.196484143999953 ], [ 112.770796349000079, -8.196305113999927 ], [ 112.770636634000084, -8.196061549999968 ], [ 112.770671047000064, -8.196040240999935 ], [ 112.770735365000064, -8.195925133999935 ], [ 112.770821197000032, -8.195788402999938 ], [ 112.77098657800002, -8.195723087999966 ], [ 112.771358386000088, -8.195644306999952 ], [ 112.771838844000058, -8.195702000999972 ], [ 112.772001733000025, -8.195597716999941 ], [ 112.772182799, -8.195849442999929 ], [ 112.772233457000084, -8.195903043999976 ], [ 112.772265981000032, -8.19592801899995 ], [ 112.772341659000062, -8.195938450999961 ], [ 112.772473863000073, -8.196125506999977 ] ] ] } },
{ "type": "Feature", "properties": { "fid": 1684, "class_id": 4, "class_name": "Lahan hijau", "source": "BIG", "source_class": "Hutan Sejenis", "kode": "VALID", "alasan": "", "n_valid": 180, "n_nodata": 0, "status_v5": "ok" }, "geometry": { "type": "Polygon", "coordinates": [ [ [ 112.649639, -7.217864 ], [ 112.64968959600003, -7.21828297899998 ], [ 112.64909272500006, -7.217917678999981 ], [ 112.648790446000021, -7.217605870999932 ], [ 112.64881, -7.217609 ], [ 112.64889, -7.217596 ], [ 112.648998, -7.217562 ], [ 112.649066, -7.217482 ], [ 112.649109, -7.217408 ], [ 112.649138000000107, -7.217278 ], [ 112.649140000000102, -7.21715 ], [ 112.649116, -7.216901 ], [ 112.649093000000107, -7.216741 ], [ 112.649056, -7.216507 ], [ 112.649035, -7.216344 ], [ 112.648998, -7.216212 ], [ 112.648956000000112, -7.216073 ], [ 112.648878, -7.215947 ], [ 112.648805, -7.215808 ], [ 112.648735000000102, -7.215634 ], [ 112.648705, -7.215511 ], [ 112.648690000000101, -7.215322 ], [ 112.648703, -7.215144 ], [ 112.64876, -7.21502 ], [ 112.648806, -7.214897 ], [ 112.648904, -7.214734 ], [ 112.648949, -7.214637 ], [ 112.648986, -7.214535 ], [ 112.64903, -7.21453 ], [ 112.649140000000102, -7.214609 ], [ 112.64921, -7.214743 ], [ 112.649255, -7.214898 ], [ 112.649270000000115, -7.215017 ], [ 112.649274000000105, -7.215149 ], [ 112.649261, -7.215377 ], [ 112.64925, -7.215566 ], [ 112.649261, -7.215722 ], [ 112.649285, -7.215827 ], [ 112.649287, -7.215945 ], [ 112.649339, -7.216167 ], [ 112.649354, -7.216423 ], [ 112.649375, -7.216671 ], [ 112.649369, -7.216799 ], [ 112.649397, -7.217004 ], [ 112.64940700000011, -7.217234 ], [ 112.649483, -7.217412 ], [ 112.649639, -7.217864 ] ] ] } },
{ "type": "Feature", "properties": { "fid": 1688, "class_id": 4, "class_name": "Lahan hijau", "source": "BIG", "source_class": "Tegalan/Ladang", "kode": "VALID", "alasan": "", "n_valid": 761, "n_nodata": 0, "status_v5": "ok" }, "geometry": { "type": "Polygon", "coordinates": [ [ [ 113.943678060000025, -8.137089698999944 ], [ 113.943301854000083, -8.137307548999956 ], [ 113.943032276000054, -8.137345357999948 ], [ 113.942796974000089, -8.137149868999927 ], [ 113.942347371000096, -8.137171055999943 ], [ 113.942075698000053, -8.136922048999963 ], [ 113.94164421500011, -8.136961030999942 ], [ 113.941248579000103, -8.136981824999964 ], [ 113.940944330000093, -8.137199151999937 ], [ 113.940713345000063, -8.137595215999966 ], [ 113.940209641000024, -8.137598864999973 ], [ 113.939959359000113, -8.137815800999931 ], [ 113.9390249060001, -8.138151053999934 ], [ 113.938921593000032, -8.138594172999944 ], [ 113.938272141000084, -8.138347898999939 ], [ 113.937932562000015, -8.138655114999949 ], [ 113.937516843000026, -8.138389220999954 ], [ 113.937531174000014, -8.137887164999938 ], [ 113.93903889, -8.137410149999937 ], [ 113.939774887000112, -8.13718969699994 ], [ 113.940256024000064, -8.136558771999944 ], [ 113.941387915000064, -8.136353375999931 ], [ 113.94187245, -8.13618852299993 ], [ 113.942785849000074, -8.135626170999956 ], [ 113.943485206000105, -8.135316343999932 ], [ 113.943825693, -8.13513460799993 ], [ 113.943970261000118, -8.135223192999945 ], [ 113.944044444000042, -8.135527410999941 ], [ 113.943919698000059, -8.135689656999944 ], [ 113.943363993000048, -8.135962587999927 ], [ 113.943567112000096, -8.136678186999973 ], [ 113.943678060000025, -8.137089698999944 ] ] ] } },
{ "type": "Feature", "properties": { "fid": 1689, "class_id": 4, "class_name": "Lahan hijau", "source": "BIG", "source_class": "Perkebunan Belum Menghasilkan", "kode": "VALID", "alasan": "", "n_valid": 142, "n_nodata": 0, "status_v5": "ok" }, "geometry": { "type": "Polygon", "coordinates": [ [ [ 113.92966858200009, -7.708731403999934 ], [ 113.929705511000066, -7.708874568999931 ], [ 113.929604677000043, -7.708846577999964 ], [ 113.92951172100004, -7.708918921999953 ], [ 113.929548649000026, -7.70906208699995 ], [ 113.929528219000076, -7.709227158999965 ], [ 113.92946436200009, -7.709349501999952 ], [ 113.929429112000093, -7.70945013599993 ], [ 113.929372146000105, -7.709529404999955 ], [ 113.929105584000013, -7.709445181999968 ], [ 113.929111884, -7.709316060999981 ], [ 113.92905324100002, -7.709151530999975 ], [ 113.92911704900007, -7.709022017999928 ], [ 113.929166627000086, -7.708914113999981 ], [ 113.929165345000115, -7.708727679999981 ], [ 113.928963922000094, -7.708707544999982 ], [ 113.928870176000032, -7.708665161999932 ], [ 113.928719171000012, -7.708659024999974 ], [ 113.928685006000023, -7.708917410999959 ], [ 113.928512137000098, -7.708868398999925 ], [ 113.928802885000096, -7.707801223999979 ], [ 113.929447897000045, -7.707856742999979 ], [ 113.929519831000107, -7.708008160999952 ], [ 113.929549670000029, -7.708165716999929 ], [ 113.929600828000048, -7.708287272999939 ], [ 113.929652726000086, -7.708516385999928 ], [ 113.92966858200009, -7.708731403999934 ] ] ] } },
{ "type": "Feature", "properties": { "fid": 1699, "class_id": 4, "class_name": "Lahan hijau", "source": "BIG", "source_class": "Hutan Belukar", "kode": "VALID", "alasan": "", "n_valid": 15, "n_nodata": 0, "status_v5": "ok" }, "geometry": { "type": "Polygon", "coordinates": [ [ [ 112.657200207000074, -8.358031946999972 ], [ 112.656964499000082, -8.357961164999949 ], [ 112.656958240000108, -8.357616699999937 ], [ 112.65698692400008, -8.357583087999956 ], [ 112.657371702000091, -8.357686737999927 ], [ 112.657200207000074, -8.358031946999972 ] ] ] } },
{ "type": "Feature", "properties": { "fid": 1733, "class_id": 4, "class_name": "Lahan hijau", "source": "BIG", "source_class": "Tegalan/Ladang", "kode": "VALID", "alasan": "", "n_valid": 29, "n_nodata": 0, "status_v5": "ok" }, "geometry": { "type": "Polygon", "coordinates": [ [ [ 112.6695427840001, -8.159300498999926 ], [ 112.669546952000019, -8.15943684399997 ], [ 112.669477845000074, -8.159489758999939 ], [ 112.669439066000109, -8.159546735999982 ], [ 112.669406414000036, -8.159633591999977 ], [ 112.669412839000074, -8.159735238999929 ], [ 112.669428378000021, -8.15986376099994 ], [ 112.669383871000036, -8.159986549999928 ], [ 112.669357159000015, -8.160058429999935 ], [ 112.669315615000073, -8.160172235999937 ], [ 112.669310352000025, -8.160368406999964 ], [ 112.669202268000049, -8.160340163999933 ], [ 112.669109184000035, -8.160328585999935 ], [ 112.669072898000081, -8.160262947999968 ], [ 112.669203420000031, -8.159894591999944 ], [ 112.669292534000078, -8.159672936999925 ], [ 112.66943952500003, -8.15906803699994 ], [ 112.66957341400007, -8.159103828999946 ], [ 112.6695427840001, -8.159300498999926 ] ] ] } },
{ "type": "Feature", "properties": { "fid": 1734, "class_id": 4, "class_name": "Lahan hijau", "source": "BIG", "source_class": "Hutan Belukar", "kode": "VALID", "alasan": "", "n_valid": 10824, "n_nodata": 0, "status_v5": "ok" }, "geometry": { "type": "Polygon", "coordinates": [ [ [ 112.540221186000053, -8.309475752999958 ], [ 112.540956673000096, -8.309445990999961 ], [ 112.540963028000078, -8.309535682999979 ], [ 112.541551349000088, -8.30949452699997 ], [ 112.541576618000022, -8.309814416999927 ], [ 112.541807956000071, -8.309852397999975 ], [ 112.541916534000052, -8.309977579999952 ], [ 112.542200513000012, -8.309974179999926 ], [ 112.542186040000047, -8.310005001999968 ], [ 112.54208484600008, -8.310238635999951 ], [ 112.542079158000092, -8.310304851999945 ], [ 112.542064782000011, -8.310472191999963 ], [ 112.54167832600001, -8.310486895999929 ], [ 112.541509851000114, -8.310518739999964 ], [ 112.541456189000087, -8.310555312999952 ], [ 112.541381264000051, -8.310559430999945 ], [ 112.541300394000018, -8.310517636999975 ], [ 112.541157975000033, -8.310460769999963 ], [ 112.541119888000026, -8.310548958999959 ], [ 112.541087423000022, -8.310600761999979 ], [ 112.541074570000092, -8.310753926999951 ], [ 112.541230335000023, -8.310783946999948 ], [ 112.541438042000095, -8.310829076999937 ], [ 112.541534120000051, -8.310828704999949 ], [ 112.541694032, -8.310697349999941 ], [ 112.54169416700006, -8.310699162999981 ], [ 112.542055296000058, -8.310695365999948 ], [ 112.542081825000082, -8.310998223999945 ], [ 112.541992668000034, -8.311901100999933 ], [ 112.54194502100006, -8.31238362199997 ], [ 112.54192876400009, -8.312548255999957 ], [ 112.541712450000091, -8.312471537999954 ], [ 112.54138803, -8.312420011999961 ], [ 112.541177883000046, -8.312426806999952 ], [ 112.541015891000029, -8.312463320999939 ], [ 112.540859928000032, -8.312505792999957 ], [ 112.540733756, -8.31248833899997 ], [ 112.540541249000057, -8.312399367999944 ], [ 112.540396782000016, -8.312310210999954 ], [ 112.540311827000096, -8.312083257999973 ], [ 112.540215492000016, -8.312017838999964 ], [ 112.540065534000064, -8.312060287999941 ], [ 112.53990340200005, -8.312060914999961 ], [ 112.539842770000064, -8.311911622999958 ], [ 112.539751974000069, -8.311726559999954 ], [ 112.539601805000075, -8.311715178999975 ], [ 112.539385327000105, -8.311638262999963 ], [ 112.539210346, -8.311423619999971 ], [ 112.539114175, -8.311400067999955 ], [ 112.539000315000067, -8.311460318999934 ], [ 112.53889876900007, -8.311598276999973 ], [ 112.538779255, -8.311748266999928 ], [ 112.538779791000024, -8.311885829999937 ], [ 112.538768154000081, -8.311981572999969 ], [ 112.538684482, -8.312083574999974 ], [ 112.538600904000077, -8.312209500999927 ], [ 112.538577514000053, -8.312371080999981 ], [ 112.538668147000067, -8.312514276999934 ], [ 112.538806865000083, -8.312669248999953 ], [ 112.538765298000044, -8.312789031999955 ], [ 112.538609124000118, -8.312777672999971 ], [ 112.538380705, -8.312718745999973 ], [ 112.538230629000054, -8.312731288999942 ], [ 112.538207123, -8.312862963999976 ], [ 112.538345830000026, -8.313050522999959 ], [ 112.538428285, -8.313050428999929 ], [ 112.538400336000109, -8.313133358999949 ], [ 112.538367694000044, -8.31323217399995 ], [ 112.538431223000089, -8.313354540999967 ], [ 112.538422857000114, -8.313519052999936 ], [ 112.538293869000086, -8.313549456999965 ], [ 112.538098628000057, -8.313529278999965 ], [ 112.537951333000024, -8.313484989999949 ], [ 112.537819225000021, -8.313485500999946 ], [ 112.537747493000097, -8.313569512999948 ], [ 112.537858933000052, -8.313658798999938 ], [ 112.538024126000096, -8.313673112999936 ], [ 112.538192263000042, -8.313672462999932 ], [ 112.538393672000097, -8.313734484999941 ], [ 112.538507952000032, -8.313781891999952 ], [ 112.538588773000015, -8.313718777999952 ], [ 112.538588354000012, -8.313611119999962 ], [ 112.538566975000094, -8.313518495999972 ], [ 112.53852418300005, -8.313324274999957 ], [ 112.538662447000092, -8.313362617999928 ], [ 112.538854615000105, -8.313364864999926 ], [ 112.538992716000052, -8.313361339999972 ], [ 112.539175936000106, -8.313378573999955 ], [ 112.539380184000038, -8.313398717999974 ], [ 112.539429996000081, -8.313853087999973 ], [ 112.539541145000044, -8.313867610999978 ], [ 112.539533320000032, -8.313401115999966 ], [ 112.539638511000021, -8.313427622999939 ], [ 112.539830819000031, -8.313465755999971 ], [ 112.540023209000083, -8.313524821999977 ], [ 112.54016153200007, -8.313578115999974 ], [ 112.540186334000055, -8.313778386999957 ], [ 112.540351655000109, -8.313825594999969 ], [ 112.540354004000051, -8.313658115999942 ], [ 112.540793106000024, -8.313659835999943 ], [ 112.540777786000035, -8.313796313999944 ], [ 112.540760791000025, -8.313901631999954 ], [ 112.540695706000065, -8.31430497499997 ], [ 112.540664269000104, -8.314443067999946 ], [ 112.540631089000044, -8.314588818999937 ], [ 112.540194251000116, -8.314588743999934 ], [ 112.540178980000064, -8.314368698999942 ], [ 112.539794516000029, -8.314331908999975 ], [ 112.53973742900007, -8.314475675999972 ], [ 112.539627219000067, -8.314547875999949 ], [ 112.53955084200004, -8.314672577999943 ], [ 112.539238904000058, -8.314755128999934 ], [ 112.539258735000089, -8.314912952999975 ], [ 112.539748662000079, -8.314891916999954 ], [ 112.539783410000041, -8.315178874999958 ], [ 112.539956856000117, -8.315307394999934 ], [ 112.539972864000106, -8.315692709999951 ], [ 112.539906858000109, -8.315690219999965 ], [ 112.539615659000106, -8.315691346999927 ], [ 112.539468488000011, -8.315691916999981 ], [ 112.53945068500002, -8.315733933999979 ], [ 112.539501042000097, -8.315452705999974 ], [ 112.539390010000034, -8.315314373999968 ], [ 112.539063603000045, -8.315382625999973 ], [ 112.539048463000086, -8.315196073999971 ], [ 112.538654540000039, -8.31519759899993 ], [ 112.538670632000048, -8.315628174999972 ], [ 112.538800674000072, -8.315713799999969 ], [ 112.538729847000013, -8.316029875999959 ], [ 112.53899565100005, -8.316088542999978 ], [ 112.538929883000037, -8.316154611999934 ], [ 112.538906040000029, -8.316202527999963 ], [ 112.538840313000037, -8.316298519999975 ], [ 112.538720800000078, -8.316442453999969 ], [ 112.538721197000086, -8.316544157999942 ], [ 112.53889555100011, -8.316603329999964 ], [ 112.53915982500007, -8.316608273999975 ], [ 112.539430180000068, -8.316637150999952 ], [ 112.539712677000011, -8.316707837999957 ], [ 112.540094262000025, -8.316772083999979 ], [ 112.540162885000086, -8.316670203999934 ], [ 112.540210337000076, -8.316514434999931 ], [ 112.540239771000074, -8.316364882999949 ], [ 112.540251590000025, -8.316304988999946 ], [ 112.540281188000108, -8.316197202999945 ], [ 112.54031670400002, -8.316071493999971 ], [ 112.540298126000039, -8.315933970999936 ], [ 112.540369491000092, -8.315748274999976 ], [ 112.54034079500002, -8.315708589999929 ], [ 112.540520824000055, -8.315663251999979 ], [ 112.5404334320001, -8.316345418999958 ], [ 112.540231418000076, -8.316890434999948 ], [ 112.540172365000103, -8.317079724999928 ], [ 112.539872100000025, -8.316977643999962 ], [ 112.539652293000017, -8.317825226999958 ], [ 112.539423516000056, -8.31774496099996 ], [ 112.539247394000085, -8.318161926999949 ], [ 112.539757817, -8.318304087999934 ], [ 112.539756585000077, -8.318309721999981 ], [ 112.539776346000053, -8.318348716999935 ], [ 112.539860263000037, -8.318514309999955 ], [ 112.539222833000053, -8.318472290999978 ], [ 112.539211407000039, -8.318621861999929 ], [ 112.539788679000026, -8.318822983999951 ], [ 112.539855504000116, -8.319020100999978 ], [ 112.540005632000089, -8.319031947999974 ], [ 112.540170099000079, -8.319616990999975 ], [ 112.540408392000018, -8.319555665999928 ], [ 112.540591645000063, -8.319957175999946 ], [ 112.540652102000081, -8.32007245899996 ], [ 112.540773187000013, -8.320303352999929 ], [ 112.54099589100008, -8.320409274999975 ], [ 112.541182374000073, -8.320492286999979 ], [ 112.541332756000088, -8.320557495999935 ], [ 112.541537230000017, -8.320634456999926 ], [ 112.541765981000026, -8.320777115999931 ], [ 112.541904611000064, -8.320908161999967 ], [ 112.542007, -8.320985517999929 ], [ 112.542061723000074, -8.321158757999967 ], [ 112.54216425300001, -8.321272 ], [ 112.54227855900001, -8.321325385999955 ], [ 112.542386719000092, -8.321342909999942 ], [ 112.542512941000041, -8.32137232499997 ], [ 112.542567173000066, -8.321419963999972 ], [ 112.54255549100003, -8.321503743999926 ], [ 112.542441607000114, -8.321558015999926 ], [ 112.542243441000096, -8.321558784999979 ], [ 112.54210558300008, -8.321625111999936 ], [ 112.542184140000018, -8.321750409999936 ], [ 112.54228643600004, -8.321803842999941 ], [ 112.54238293700007, -8.321911126999964 ], [ 112.542287091000048, -8.321971309999981 ], [ 112.542155402000049, -8.322079480999946 ], [ 112.541993547000061, -8.322151881999957 ], [ 112.541549535000058, -8.322270103999927 ], [ 112.541590578000068, -8.322374843999967 ], [ 112.541290699000115, -8.322479690999955 ], [ 112.541267872000049, -8.322784814999977 ], [ 112.541311123000014, -8.323095663999936 ], [ 112.541179948000035, -8.323335415999964 ], [ 112.54107354100006, -8.323766466999928 ], [ 112.541098825000063, -8.324227528999927 ], [ 112.541008511000086, -8.324162064999939 ], [ 112.540882255000042, -8.324132630999941 ], [ 112.540786257000036, -8.324145026999929 ], [ 112.540534358000059, -8.324223751999966 ], [ 112.540404372000012, -8.324005929999942 ], [ 112.540367826000079, -8.323868475999973 ], [ 112.540367663000097, -8.323826619999977 ], [ 112.540276643000084, -8.323599696999963 ], [ 112.540240145000098, -8.323474266999938 ], [ 112.540215741000111, -8.32337862299994 ], [ 112.540149574000111, -8.323342988999968 ], [ 112.539981253000064, -8.323295817999963 ], [ 112.539897045000089, -8.323260253999933 ], [ 112.53983082700006, -8.323230586999955 ], [ 112.539764637000076, -8.323188985999934 ], [ 112.539728373000116, -8.32312331199995 ], [ 112.539643838000075, -8.32300403499994 ], [ 112.539577153000096, -8.322854764999931 ], [ 112.539558602000056, -8.322705307999968 ], [ 112.5395280460001, -8.322567831999947 ], [ 112.539287355000056, -8.322449158999973 ], [ 112.539203428000064, -8.322485374999928 ], [ 112.539155625000035, -8.322551373999943 ], [ 112.539069159000064, -8.322704220999981 ], [ 112.538997209000058, -8.322740389999979 ], [ 112.538841407000064, -8.322812774999932 ], [ 112.538721654000028, -8.322914942999944 ], [ 112.538574813000082, -8.322981192999976 ], [ 112.538547834000042, -8.322993363999956 ], [ 112.538409975000036, -8.32305962199996 ], [ 112.538103957000089, -8.323120653999979 ], [ 112.53794227800006, -8.323240884999962 ], [ 112.537942581000038, -8.323318631999939 ], [ 112.537949060000074, -8.323444267999946 ], [ 112.538093399000104, -8.323503466999966 ], [ 112.538165489000107, -8.323503187999961 ], [ 112.538333531000035, -8.323478669999929 ], [ 112.538489408000032, -8.323406285999965 ], [ 112.538675210000065, -8.323309827999935 ], [ 112.538909068000066, -8.323231174999933 ], [ 112.539059092000116, -8.323212693999949 ], [ 112.539521885000113, -8.323309531999939 ], [ 112.539618461000032, -8.323425778999933 ], [ 112.539678872000081, -8.323521282999934 ], [ 112.539709101000085, -8.323574955999959 ], [ 112.539745389000018, -8.323646595999946 ], [ 112.53979377600001, -8.323730122999962 ], [ 112.539956343000085, -8.32383716399994 ], [ 112.540046633000088, -8.323896661999981 ], [ 112.540172959000074, -8.323943995999969 ], [ 112.540275227000052, -8.324003446999939 ], [ 112.540275437000105, -8.324057236999977 ], [ 112.540185591000068, -8.324111465999977 ], [ 112.540095605000033, -8.32412971499997 ], [ 112.540029644000015, -8.324165860999926 ], [ 112.539976016000082, -8.324273739999967 ], [ 112.539976483000032, -8.32439334299994 ], [ 112.539838811000095, -8.324507514999937 ], [ 112.539748754000016, -8.324507863999941 ], [ 112.539592601000095, -8.324490568999977 ], [ 112.539436280000018, -8.324449317999949 ], [ 112.539232067000057, -8.324432118999937 ], [ 112.539154408000059, -8.32454009099996 ], [ 112.5391667130001, -8.324623757999973 ], [ 112.539227335000078, -8.324773050999966 ], [ 112.539329701000042, -8.324838468999928 ], [ 112.539552072000106, -8.324885430999927 ], [ 112.539606051000078, -8.324867321999932 ], [ 112.539713868000035, -8.324795122999944 ], [ 112.539809844000047, -8.324776760999953 ], [ 112.539924028000087, -8.324782284999969 ], [ 112.540104516000042, -8.324877322999953 ], [ 112.540243006000082, -8.324972523999975 ], [ 112.540303465000079, -8.325079869999968 ], [ 112.54032204400005, -8.325217392999946 ], [ 112.540370852000024, -8.325408589999938 ], [ 112.540473752000025, -8.325629499999934 ], [ 112.540606254000068, -8.32572472399994 ], [ 112.540780495000035, -8.325753881999958 ], [ 112.540906541000027, -8.325729525999975 ], [ 112.540954438000085, -8.325687482999967 ], [ 112.540959935000046, -8.325561799999946 ], [ 112.540959444, -8.325436230999969 ], [ 112.541055045, -8.325322221999954 ], [ 112.54118672900006, -8.325208072999942 ], [ 112.541378496000107, -8.325105623999946 ], [ 112.541474336000078, -8.325033470999927 ], [ 112.541588095000066, -8.324949315999959 ], [ 112.541647782000041, -8.324859402999948 ], [ 112.541701198000055, -8.324697643999968 ], [ 112.541874252000071, -8.324480724999944 ], [ 112.541970612000114, -8.324292942999932 ], [ 112.541981190000115, -8.324088317999951 ], [ 112.541946268000061, -8.323906650999959 ], [ 112.541860384000074, -8.323844514999962 ], [ 112.541721766000023, -8.323812416999942 ], [ 112.541679694000095, -8.323812579999981 ], [ 112.541523612000105, -8.323813185999938 ], [ 112.541463500000077, -8.323813418999976 ], [ 112.541421550000109, -8.323825514999953 ], [ 112.541403555000102, -8.323837518999937 ], [ 112.541385636000086, -8.323849611999947 ], [ 112.541349764000074, -8.323903540999936 ], [ 112.5413188120001, -8.323526271999981 ], [ 112.541534807000062, -8.323477584999978 ], [ 112.541781060000062, -8.323488591999933 ], [ 112.542153724000059, -8.323576861999982 ], [ 112.542476572000055, -8.323645945999942 ], [ 112.542516220000039, -8.323801286999981 ], [ 112.542553398000109, -8.324100199999975 ], [ 112.542506602000117, -8.324423304999925 ], [ 112.542393546000085, -8.324686909999969 ], [ 112.54227267400006, -8.32503518599998 ], [ 112.541805066000052, -8.325019655999938 ], [ 112.541782380000086, -8.325360665999938 ], [ 112.542244667000091, -8.325426555999968 ], [ 112.542252811000026, -8.325548645999959 ], [ 112.542383188000031, -8.326630637999926 ], [ 112.542480405000106, -8.326929316999951 ], [ 112.542439134, -8.327114895999955 ], [ 112.542295656000078, -8.327294904999974 ], [ 112.542182177000086, -8.327450840999973 ], [ 112.542075020000084, -8.327672565999933 ], [ 112.541997877000085, -8.327912074999972 ], [ 112.541920734000087, -8.328151583999954 ], [ 112.541897336000034, -8.328313136999952 ], [ 112.541777377000017, -8.328343525999969 ], [ 112.541696466000076, -8.328385696999931 ], [ 112.541615556000011, -8.328427868999938 ], [ 112.541531769000017, -8.328499974999943 ], [ 112.541466022, -8.328572010999949 ], [ 112.541304553000032, -8.328746032999959 ], [ 112.541275564000102, -8.329009311999926 ], [ 112.541228217000025, -8.329088645999946 ], [ 112.541150317000074, -8.329219173999945 ], [ 112.541007076000028, -8.329440948999945 ], [ 112.541085619000114, -8.329578238999943 ], [ 112.541170414000021, -8.329763328999945 ], [ 112.541027266000015, -8.330009059999952 ], [ 112.540896119000081, -8.330260801999941 ], [ 112.54086643800008, -8.330312209999931 ], [ 112.540470606000099, -8.33021163199993 ], [ 112.540442474000088, -8.330388781999943 ], [ 112.540240616, -8.330434953999941 ], [ 112.539681721000079, -8.329956309999943 ], [ 112.53934872100001, -8.329570026999932 ], [ 112.539146893000066, -8.329556453999942 ], [ 112.538981385000056, -8.329718662999937 ], [ 112.538764570000012, -8.329552074999981 ], [ 112.538377991000061, -8.328979324999978 ], [ 112.538320631000033, -8.32887352299997 ], [ 112.538692464000064, -8.328830914999969 ], [ 112.53865638700006, -8.328204236999966 ], [ 112.538545553000063, -8.328219513999954 ], [ 112.538506937000079, -8.328070838999963 ], [ 112.538310081000077, -8.328100310999957 ], [ 112.538271031000022, -8.327942561999976 ], [ 112.538145303000078, -8.327732513999933 ], [ 112.538303688000042, -8.32769362199997 ], [ 112.538308175000111, -8.327612260999956 ], [ 112.53810617900001, -8.327555624999945 ], [ 112.538028566000094, -8.327364530999944 ], [ 112.537994433000108, -8.327235471999927 ], [ 112.537878593000073, -8.327097158999948 ], [ 112.53778189500008, -8.326939631999949 ], [ 112.537565039000015, -8.326768216999938 ], [ 112.537361090000104, -8.326913909999973 ], [ 112.5372159100001, -8.326639371999931 ], [ 112.537214277000089, -8.326220715999966 ], [ 112.537440164000031, -8.325633750999941 ], [ 112.537607367000078, -8.325393893999944 ], [ 112.537798085000077, -8.325022316999934 ], [ 112.538000361000059, -8.324543023999979 ], [ 112.537734687000011, -8.324161280999931 ], [ 112.537468891000117, -8.323767604999944 ], [ 112.537106491000031, -8.323230739999929 ], [ 112.537021491000019, -8.322991858999956 ], [ 112.536996230000113, -8.322657008999954 ], [ 112.536814970000023, -8.322382608999931 ], [ 112.536453271000028, -8.32202510299993 ], [ 112.536259224000105, -8.321523475999982 ], [ 112.536090111000021, -8.321272986999929 ], [ 112.535837910000055, -8.321273961999964 ], [ 112.535224757000037, -8.321108811999977 ], [ 112.535043360000031, -8.320798520999972 ], [ 112.534680780000031, -8.320213829999943 ], [ 112.534475661000101, -8.319963387999962 ], [ 112.534606856000096, -8.319723670999963 ], [ 112.534641420000071, -8.319352698999978 ], [ 112.534724184000083, -8.319017430999963 ], [ 112.534737336000035, -8.318994102999966 ], [ 112.534794564000094, -8.319020593999937 ], [ 112.534903010000107, -8.319109856999944 ], [ 112.53495745400005, -8.319211350999979 ], [ 112.535077784, -8.319276700999978 ], [ 112.535191962000113, -8.319300126999963 ], [ 112.53530618700006, -8.319335575999958 ], [ 112.535378417000061, -8.319371187999934 ], [ 112.535414750000086, -8.319454761999964 ], [ 112.535402959000066, -8.319502721999982 ], [ 112.535361307000016, -8.319610553999951 ], [ 112.535277357000041, -8.319640711999966 ], [ 112.535205267000038, -8.319640990999972 ], [ 112.535157236000032, -8.319629242999952 ], [ 112.535084984000036, -8.319587664999972 ], [ 112.534976957000026, -8.319605981999928 ], [ 112.534953253000026, -8.319689877999963 ], [ 112.53490578100002, -8.319821599999955 ], [ 112.534894194000117, -8.319941249999943 ], [ 112.534798615000113, -8.320061223999971 ], [ 112.534775307000018, -8.320246732999976 ], [ 112.534949639000047, -8.320299940999973 ], [ 112.535003641000117, -8.320287798999971 ], [ 112.535081720000107, -8.320287497999971 ], [ 112.535172171000113, -8.320388762999926 ], [ 112.535308399000087, -8.320672377999927 ], [ 112.535594020000076, -8.320775961999971 ], [ 112.535648278000053, -8.320829542999945 ], [ 112.535660657000108, -8.320913209999958 ], [ 112.535720997000112, -8.320990723999955 ], [ 112.535841258, -8.321038173999966 ], [ 112.535943529000065, -8.321079635999979 ], [ 112.536027620000027, -8.321085277999941 ], [ 112.536165642000014, -8.321060786999965 ], [ 112.53629774500007, -8.321054309999965 ], [ 112.536423902000024, -8.32107777899995 ], [ 112.536538244000099, -8.32114306099993 ], [ 112.536556681000093, -8.321244693999972 ], [ 112.536646854000082, -8.321274269999947 ], [ 112.53673075800009, -8.321232087999931 ], [ 112.536796486000071, -8.321136095999975 ], [ 112.536820166000098, -8.321046322999962 ], [ 112.536819793000063, -8.320950585999981 ], [ 112.536783244000048, -8.320831122999948 ], [ 112.536723160000065, -8.320819421999943 ], [ 112.536542513000086, -8.320682524999938 ], [ 112.536380204000011, -8.320641294999973 ], [ 112.536199948000103, -8.320624091999946 ], [ 112.536061646, -8.320576711999934 ], [ 112.535929268000018, -8.320493508999959 ], [ 112.535958797000035, -8.32036782299997 ], [ 112.536181143000022, -8.320408820999944 ], [ 112.53662268800008, -8.320451954999953 ], [ 112.536790845000041, -8.320457270999952 ], [ 112.536838807000095, -8.320451118999927 ], [ 112.536964851000107, -8.320426674999965 ], [ 112.537036614000044, -8.320342682999978 ], [ 112.537060434000068, -8.320288799999958 ], [ 112.537114011000085, -8.320186887999967 ], [ 112.537101684000049, -8.320097253999961 ], [ 112.537041180000074, -8.319977792999964 ], [ 112.536980840000069, -8.319900278999967 ], [ 112.537016101000063, -8.319708755999955 ], [ 112.537093876000085, -8.319630707999977 ], [ 112.53724373600005, -8.319570370999941 ], [ 112.537351832000013, -8.319569952999927 ], [ 112.537364141000012, -8.319635628999947 ], [ 112.537448418000054, -8.319689183999969 ], [ 112.537514700000088, -8.31975474199993 ], [ 112.537610889, -8.31977226999993 ], [ 112.537658711000063, -8.319730227999969 ], [ 112.537658244000113, -8.319610624999939 ], [ 112.537621910000098, -8.319527050999966 ], [ 112.537477060000015, -8.319336134999958 ], [ 112.537269046, -8.319130636999944 ], [ 112.537130465000018, -8.319011567999951 ], [ 112.537142028000062, -8.318885860999956 ], [ 112.537141678000012, -8.318796181999971 ], [ 112.537093152000011, -8.318676763999974 ], [ 112.536984310000094, -8.318485798999973 ], [ 112.536936181000101, -8.318467994999935 ], [ 112.536815827000055, -8.318396678999932 ], [ 112.536829215000012, -8.318358070999977 ], [ 112.536857357000031, -8.318276913999966 ], [ 112.536934502, -8.318037405999974 ], [ 112.536903855000105, -8.317875971999968 ], [ 112.536813473000052, -8.317792605999955 ], [ 112.53668148700001, -8.317829006999943 ], [ 112.536562090000075, -8.31800295499994 ], [ 112.536451049000107, -8.318167281999933 ], [ 112.535270823000019, -8.317520121999962 ], [ 112.534946069000057, -8.317401769999947 ], [ 112.534870513000101, -8.317353100999981 ], [ 112.535029337000083, -8.316869418999943 ], [ 112.534882112000105, -8.316837169999928 ], [ 112.534689531000026, -8.316730241999949 ], [ 112.534581179000043, -8.316664845999981 ], [ 112.534238274000018, -8.316498649999971 ], [ 112.534267920000048, -8.316402886999981 ], [ 112.534272700000088, -8.316091877999952 ], [ 112.534230425000032, -8.316020259999959 ], [ 112.534007942000017, -8.315943369999957 ], [ 112.533695098000067, -8.31580698099998 ], [ 112.533621756000116, -8.315773904999958 ], [ 112.533484598000086, -8.315712054999949 ], [ 112.533015349000038, -8.31549264399996 ], [ 112.53287742100008, -8.315541 ], [ 112.53283022100004, -8.315762491999976 ], [ 112.532776814000044, -8.315842941999961 ], [ 112.532586028000082, -8.315819935999968 ], [ 112.532393941, -8.315820676999977 ], [ 112.532153859, -8.315857491999964 ], [ 112.531889869000111, -8.315906423999934 ], [ 112.531656568000017, -8.315838523999957 ], [ 112.531656464000093, -8.315811855999925 ], [ 112.531698227000106, -8.315751846999945 ], [ 112.531788166000069, -8.315721576999977 ], [ 112.531902181000078, -8.31570323699998 ], [ 112.53205223100008, -8.315672734999964 ], [ 112.532093948000011, -8.31560079299993 ], [ 112.532093367000016, -8.315451266999958 ], [ 112.532092624000029, -8.315259882999953 ], [ 112.532193695000046, -8.314221829999951 ], [ 112.532180882000034, -8.314006535999965 ], [ 112.532096165000098, -8.313839342999927 ], [ 112.531646782000053, -8.313317720999976 ], [ 112.531580357000053, -8.31323426299997 ], [ 112.531495479000114, -8.313025302999961 ], [ 112.531446863000042, -8.312881927999968 ], [ 112.531476394000038, -8.312756151999963 ], [ 112.531572163000078, -8.312666100999934 ], [ 112.531836435000059, -8.312671050999938 ], [ 112.532130789, -8.312711773999979 ], [ 112.532347165000033, -8.31275885499997 ], [ 112.532791498000051, -8.312751085999935 ], [ 112.532911292000108, -8.312678933999962 ], [ 112.532796173000065, -8.312096183999927 ], [ 112.532779647000098, -8.312012526999979 ], [ 112.532761420000043, -8.311964682999928 ], [ 112.532749048000028, -8.311863115999927 ], [ 112.532760351000093, -8.311689585999943 ], [ 112.532826237000108, -8.311653440999976 ], [ 112.5330000350001, -8.311551066999925 ], [ 112.533102066000083, -8.311550672999942 ], [ 112.53322239900001, -8.311598123999943 ], [ 112.533354639000095, -8.311627537999925 ], [ 112.533498926000107, -8.311674805999928 ], [ 112.533613056000036, -8.311686299999963 ], [ 112.533805541000106, -8.311769271999935 ], [ 112.534319415000027, -8.311895935999928 ], [ 112.53440949700007, -8.31188356499996 ], [ 112.534493423000072, -8.311847440999941 ], [ 112.534619297000063, -8.311799040999972 ], [ 112.534745339000096, -8.311774687999957 ], [ 112.534853503000022, -8.311792170999979 ], [ 112.53490755100006, -8.311791961999973 ], [ 112.535069646000011, -8.311779403999935 ], [ 112.535081577000028, -8.311767333999967 ], [ 112.535123530000078, -8.311737337999944 ], [ 112.535267213000111, -8.311629111999935 ], [ 112.535386865000078, -8.311520978999965 ], [ 112.535572757000068, -8.311448479999967 ], [ 112.535612132000097, -8.311448327999926 ], [ 112.535638781000102, -8.311448225999925 ], [ 112.535741027000086, -8.311483720999945 ], [ 112.535837162, -8.311507306999943 ], [ 112.535888972000066, -8.311470854999925 ], [ 112.535897110000064, -8.311465127999952 ], [ 112.535944768000036, -8.311381229999938 ], [ 112.535980477000066, -8.311285443999964 ], [ 112.535986163000075, -8.311207673999945 ], [ 112.536015994000081, -8.311159644999975 ], [ 112.536135856000101, -8.311105391999945 ], [ 112.536171798000055, -8.311069361999955 ], [ 112.53626784000005, -8.311068990999956 ], [ 112.536315968000054, -8.311086705999969 ], [ 112.536436203000108, -8.31112818899993 ], [ 112.536520454000083, -8.311175687999935 ], [ 112.536736829, -8.311222675999943 ], [ 112.536832876000062, -8.311204404999955 ], [ 112.536844690000066, -8.311162410999941 ], [ 112.536838399000089, -8.311084687999937 ], [ 112.536784305000083, -8.311072963999948 ], [ 112.536579978000077, -8.311043828999971 ], [ 112.53642977200002, -8.311014575999934 ], [ 112.536249520000069, -8.31099728099997 ], [ 112.53601452800001, -8.310782844999949 ], [ 112.535984254000027, -8.310717237999938 ], [ 112.53601396900001, -8.310639284999979 ], [ 112.53601355100011, -8.31053170499996 ], [ 112.535947247000081, -8.31046017999995 ], [ 112.535833090000096, -8.310460620999947 ], [ 112.535797269000113, -8.310508582999944 ], [ 112.535512144000108, -8.310530656999958 ], [ 112.535397782000018, -8.310459317999971 ], [ 112.535313391000045, -8.31037583799997 ], [ 112.535199076000026, -8.310316521999937 ], [ 112.535102587000097, -8.310221155999955 ], [ 112.53500619600004, -8.31013184699998 ], [ 112.534934039000063, -8.310114134999935 ], [ 112.534843962000082, -8.310108514999968 ], [ 112.534621181000034, -8.309953878999977 ], [ 112.534500942000022, -8.309930384999973 ], [ 112.534140584000056, -8.30991387499995 ], [ 112.533540153000104, -8.309916188999978 ], [ 112.533227894000106, -8.309929325999974 ], [ 112.533228173000111, -8.310001105999959 ], [ 112.533246586000018, -8.310096773999931 ], [ 112.533373157000028, -8.310227823999981 ], [ 112.533517681000035, -8.310317038999926 ], [ 112.533518075000075, -8.310418651999953 ], [ 112.533518773000083, -8.310598102999961 ], [ 112.533555267000111, -8.310723533999976 ], [ 112.53363408700011, -8.310914706999938 ], [ 112.53362870300009, -8.311070222999945 ], [ 112.533544893000112, -8.311136269999963 ], [ 112.533424700000069, -8.311124799999959 ], [ 112.53328658800001, -8.311125331999961 ], [ 112.533040358000108, -8.311120314999926 ], [ 112.533004143000085, -8.311066662999963 ], [ 112.533058027000038, -8.311024507999946 ], [ 112.533123726000099, -8.310940539999933 ], [ 112.53312333100007, -8.310838836999949 ], [ 112.533099023000091, -8.310767239999961 ], [ 112.533044796000013, -8.31070163399994 ], [ 112.532978534000108, -8.31066003199993 ], [ 112.532887946000073, -8.310522784999932 ], [ 112.53282140500005, -8.310409402999937 ], [ 112.532778946, -8.310289961999956 ], [ 112.532676329000083, -8.310158727999976 ], [ 112.532309820000023, -8.310100381999973 ], [ 112.532311926000034, -8.309736676999933 ], [ 112.532370180000044, -8.309744494999961 ], [ 112.533134975000053, -8.309847144999935 ], [ 112.534071787000016, -8.309855467999967 ], [ 112.534287969000047, -8.309872533999965 ], [ 112.535513214000048, -8.309939588999953 ], [ 112.536005573000011, -8.309943655999973 ], [ 112.536365512000089, -8.309852584999931 ], [ 112.536940749000109, -8.309551305999946 ], [ 112.537335855000038, -8.309244754999952 ], [ 112.53761165800006, -8.309136017999947 ], [ 112.538914620000014, -8.309130981999942 ], [ 112.539113117000056, -8.30921998599996 ], [ 112.539479742000026, -8.309308248999969 ], [ 112.540225087000067, -8.309267845999955 ], [ 112.540221186000053, -8.309475752999958 ] ], [ [ 112.541120305000049, -8.326637800999947 ], [ 112.541041851000045, -8.326542366999945 ], [ 112.540921186000105, -8.326411296999936 ], [ 112.540854574000036, -8.326262026999927 ], [ 112.540764634000084, -8.326292299999977 ], [ 112.540735270000027, -8.326459841999963 ], [ 112.540735878000078, -8.326615334999929 ], [ 112.540736323000033, -8.326728970999966 ], [ 112.54067674800001, -8.326866797999969 ], [ 112.540527238000095, -8.327016905999926 ], [ 112.540419584, -8.327130961999956 ], [ 112.540413829000045, -8.327190830999939 ], [ 112.540384160000031, -8.327280626999936 ], [ 112.540366540000036, -8.327388366999969 ], [ 112.539886301000024, -8.327426119999927 ], [ 112.539675835000025, -8.327361121999957 ], [ 112.539675345000092, -8.32723555299998 ], [ 112.539638635000074, -8.327056242999959 ], [ 112.539620360000072, -8.326996465999969 ], [ 112.539554053000074, -8.326925031999963 ], [ 112.539451406000012, -8.326787834999948 ], [ 112.539318576000028, -8.326608897999961 ], [ 112.539228215000094, -8.32653149999993 ], [ 112.539126176000082, -8.326549795999938 ], [ 112.539066395000077, -8.326615841999967 ], [ 112.539109121000024, -8.326783194999962 ], [ 112.539085675000024, -8.326932814999964 ], [ 112.538989811000079, -8.326998909999929 ], [ 112.538917749, -8.326987255999938 ], [ 112.538797504000058, -8.326963764999959 ], [ 112.53862347200004, -8.326988395999933 ], [ 112.53859361700006, -8.327030368999942 ], [ 112.538557889000117, -8.327102287999935 ], [ 112.538534489000085, -8.327263840999933 ], [ 112.53852302100006, -8.327413413999977 ], [ 112.538529318000087, -8.327473236999936 ], [ 112.538542184000107, -8.327700463999975 ], [ 112.538584699000012, -8.327813936999974 ], [ 112.538722817, -8.327813401999947 ], [ 112.53899303500009, -8.327824287999931 ], [ 112.539041493000013, -8.32792580499995 ], [ 112.539178966, -8.328526368999974 ], [ 112.53924865800002, -8.32867861099993 ], [ 112.539351184000111, -8.328803874999949 ], [ 112.539417450000087, -8.328845475999969 ], [ 112.539561767, -8.328898706999951 ], [ 112.539651942000091, -8.328928280999946 ], [ 112.539796306000085, -8.328993534999938 ], [ 112.539916785000059, -8.329076781999959 ], [ 112.540049097000065, -8.329142082999965 ], [ 112.540175307000027, -8.329159493999953 ], [ 112.540193091000106, -8.329093609999973 ], [ 112.540186747, -8.329021943999976 ], [ 112.540156400000114, -8.328938257999937 ], [ 112.540126264000037, -8.328908450999961 ], [ 112.540077998000015, -8.328836946999957 ], [ 112.540065735000098, -8.328783113999975 ], [ 112.54010150900001, -8.328723217999936 ], [ 112.540197490000082, -8.328686954999966 ], [ 112.540275382, -8.328638738999928 ], [ 112.540311109000072, -8.328566819999935 ], [ 112.540382803000057, -8.32846492699997 ], [ 112.540418343000056, -8.328345093999928 ], [ 112.540435893000108, -8.328219454999953 ], [ 112.540489662000027, -8.328147464999972 ], [ 112.540591697000082, -8.328147068999954 ], [ 112.540645793000067, -8.328158882999958 ], [ 112.540705924, -8.328182516999959 ], [ 112.540736107000043, -8.328224256999931 ], [ 112.54079657200009, -8.32831379299995 ], [ 112.540802817000099, -8.328379492999943 ], [ 112.54075517800004, -8.328487348999943 ], [ 112.54050992100008, -8.328733566999972 ], [ 112.540468064000038, -8.328769619999946 ], [ 112.540354210000032, -8.328829818999964 ], [ 112.540300301000116, -8.328865917999963 ], [ 112.540300395000031, -8.328889874999959 ], [ 112.540300535000029, -8.328925764999951 ], [ 112.540378610000062, -8.328943361999961 ], [ 112.540462585000114, -8.328919169999949 ], [ 112.54052850000005, -8.32887108999995 ], [ 112.540576233000024, -8.328787099999943 ], [ 112.540750008000032, -8.328696744999945 ], [ 112.540791865000074, -8.328660691999971 ], [ 112.540935719000117, -8.328576419999933 ], [ 112.541061456000079, -8.328492126999947 ], [ 112.541091382000104, -8.328468143999942 ], [ 112.541193071000066, -8.328360077999946 ], [ 112.541451124000105, -8.328323185999977 ], [ 112.541510975000051, -8.328275129999952 ], [ 112.541661427, -8.328346326999963 ], [ 112.541754487000048, -8.328348044999927 ], [ 112.541854556000089, -8.328132313999959 ], [ 112.541932990000078, -8.327916665999965 ], [ 112.541932344000088, -8.327751590999981 ], [ 112.541989453000042, -8.327615039999955 ], [ 112.542104119000101, -8.327456658999949 ], [ 112.542190162000111, -8.327348652999945 ], [ 112.542261803000088, -8.327233561999947 ], [ 112.54229750200011, -8.327154500999939 ], [ 112.542318827000031, -8.32707540499996 ], [ 112.54231840500006, -8.326967734999926 ], [ 112.542238932000032, -8.326917868999942 ], [ 112.542137823000076, -8.326867996999965 ], [ 112.541862996000077, -8.326903417999972 ], [ 112.541749494000101, -8.326976723999962 ], [ 112.541685898000082, -8.326928694999935 ], [ 112.541583414000115, -8.326833354999962 ], [ 112.541342888000031, -8.326738640999963 ], [ 112.541324846000066, -8.326738710999962 ], [ 112.541240778000088, -8.326739037999971 ], [ 112.541216631000111, -8.326709207999954 ], [ 112.541120305000049, -8.326637800999947 ] ], [ [ 112.536751120000076, -8.316963888999965 ], [ 112.536716740000088, -8.317387483999937 ], [ 112.536871836000046, -8.317429947999926 ], [ 112.536875984000062, -8.317569889999959 ], [ 112.536980499000038, -8.317576662999954 ], [ 112.536988446, -8.317766830999972 ], [ 112.537218869000071, -8.317722875999948 ], [ 112.537278791000062, -8.317381721999936 ], [ 112.537303117000079, -8.317235323999967 ], [ 112.537396950000016, -8.317279023999959 ], [ 112.537415341000042, -8.317368633999934 ], [ 112.537428484000088, -8.317667639999968 ], [ 112.537387514000102, -8.317930965999949 ], [ 112.537412150000023, -8.318086365999932 ], [ 112.537460368000097, -8.318146026999955 ], [ 112.537556533000043, -8.318157587999963 ], [ 112.537682758000074, -8.318198956999936 ], [ 112.537695090000057, -8.318270690999952 ], [ 112.537625861000038, -8.31848593999996 ], [ 112.537953885000093, -8.318425184999967 ], [ 112.538121715000102, -8.318346787999928 ], [ 112.538241653000114, -8.318292532999976 ], [ 112.538277427000025, -8.31823254699998 ], [ 112.538301060000094, -8.318130750999956 ], [ 112.53830662900009, -8.318023147999952 ], [ 112.538306279000039, -8.317933377999964 ], [ 112.538407919000065, -8.317813379999961 ], [ 112.53854601, -8.317806878999932 ], [ 112.5387022540001, -8.317848131999938 ], [ 112.538822216000085, -8.317799842999932 ], [ 112.538858036000079, -8.317751789999932 ], [ 112.538941565000073, -8.317613961999939 ], [ 112.538965175000044, -8.317506198999979 ], [ 112.538983024000117, -8.317476205999981 ], [ 112.539041829000098, -8.317141030999949 ], [ 112.539245898000104, -8.317122340999958 ], [ 112.539414007, -8.317115632999958 ], [ 112.539485862000106, -8.317055597999968 ], [ 112.539443255000037, -8.316918166999926 ], [ 112.539299152000012, -8.316918724999937 ], [ 112.539179126000022, -8.316931122999961 ], [ 112.539046837000114, -8.316889777999961 ], [ 112.538944590000028, -8.31685428399993 ], [ 112.538740078000046, -8.316759426999965 ], [ 112.538607836000097, -8.316730014999962 ], [ 112.538475687000073, -8.316724559999955 ], [ 112.538361393000059, -8.316671120999956 ], [ 112.538355008000053, -8.31656953199996 ], [ 112.538336174000051, -8.316366194999944 ], [ 112.538335218000043, -8.316121021999948 ], [ 112.538322237000102, -8.315863871999966 ], [ 112.538207710000052, -8.315750676999926 ], [ 112.538051742000107, -8.31579910399995 ], [ 112.538046196000096, -8.315912763999961 ], [ 112.538052955000012, -8.316110089999938 ], [ 112.538054984000041, -8.316630449999934 ], [ 112.537953063000032, -8.316678757999966 ], [ 112.537556483000117, -8.31660851099997 ], [ 112.537136175000114, -8.316616102999944 ], [ 112.537094711, -8.316771757999959 ], [ 112.537080611000079, -8.316991425999959 ], [ 112.536751120000076, -8.316963888999965 ] ], [ [ 112.535711775000095, -8.317085109999937 ], [ 112.535988889, -8.317311315999973 ], [ 112.536539511000115, -8.317472367999926 ], [ 112.536616301000095, -8.317275984999981 ], [ 112.536633573000017, -8.317078564999974 ], [ 112.536615275000031, -8.317012820999935 ], [ 112.536579012000061, -8.316947237999955 ], [ 112.53655449300004, -8.316821669999968 ], [ 112.536590128000057, -8.316725884999926 ], [ 112.536697921000041, -8.316647720999981 ], [ 112.536805737, -8.316575522999926 ], [ 112.536907494000047, -8.316485357999966 ], [ 112.536943128000075, -8.316389571999935 ], [ 112.536948954000081, -8.316347692999955 ], [ 112.53693665000003, -8.316263934999938 ], [ 112.536870247000024, -8.316186443999925 ], [ 112.536840136000023, -8.316162693999956 ], [ 112.536767632000078, -8.316037311999935 ], [ 112.536719387000062, -8.315989674999969 ], [ 112.536538900000096, -8.315912623999964 ], [ 112.536322196000015, -8.315781922999975 ], [ 112.536387667000099, -8.31562011799997 ], [ 112.53646418400001, -8.315219149999962 ], [ 112.536091210000109, -8.315059037999958 ], [ 112.535854779000033, -8.314865174999966 ], [ 112.535808086000088, -8.31482688799997 ], [ 112.535621891, -8.31482164099998 ], [ 112.535471940000093, -8.314858109999932 ], [ 112.535442480000029, -8.315001785999925 ], [ 112.535530972000061, -8.315369209999972 ], [ 112.53555609600005, -8.315650269999935 ], [ 112.535515608000082, -8.316057155999943 ], [ 112.535434406000036, -8.316793089999976 ], [ 112.535519031000035, -8.316936325999961 ], [ 112.535534852000069, -8.316948537999963 ], [ 112.535711775000095, -8.317085109999937 ] ], [ [ 112.538324955, -8.319746453999926 ], [ 112.538198729000101, -8.319705084999953 ], [ 112.538127060000079, -8.319813033999935 ], [ 112.53809757700003, -8.319950652999978 ], [ 112.538092032, -8.320064402999947 ], [ 112.538056212000015, -8.320112365999933 ], [ 112.538050311, -8.320154245999959 ], [ 112.537918493, -8.320214512999939 ], [ 112.537816385000042, -8.320214907999969 ], [ 112.537714231000109, -8.320203369999945 ], [ 112.537671815000067, -8.320095862999949 ], [ 112.537683349000076, -8.319982179999954 ], [ 112.537635056000113, -8.319922609999935 ], [ 112.537545047000094, -8.319934890999946 ], [ 112.537491162000038, -8.319976956999938 ], [ 112.537443429000064, -8.320060855999941 ], [ 112.537419777000082, -8.320138694999969 ], [ 112.537384092000025, -8.32024053799995 ], [ 112.537378453000088, -8.32033033099998 ], [ 112.537384815000109, -8.320425953999973 ], [ 112.537379363000014, -8.32056357099998 ], [ 112.537325874000089, -8.320707339999956 ], [ 112.53732028200011, -8.320808975999967 ], [ 112.537345174000052, -8.321030188999941 ], [ 112.53769391000003, -8.321154501999956 ], [ 112.537725352000052, -8.321519161999959 ], [ 112.536890436000022, -8.321462633999943 ], [ 112.536866454, -8.321858968999948 ], [ 112.536967001000107, -8.321842126999968 ], [ 112.537104977000013, -8.321805701999949 ], [ 112.537267122000117, -8.321805074999929 ], [ 112.537417099000095, -8.321774570999935 ], [ 112.537621175000027, -8.321737890999941 ], [ 112.537753204000069, -8.321731412999952 ], [ 112.537849324000035, -8.321731040999964 ], [ 112.538089828000011, -8.321801891999939 ], [ 112.538222043000019, -8.321843236999939 ], [ 112.538222440000027, -8.32194493999998 ], [ 112.53830082200011, -8.322022384999968 ], [ 112.538360836000038, -8.322016184999939 ], [ 112.538396825000063, -8.321992088999934 ], [ 112.538444506000019, -8.321914156999981 ], [ 112.538516456000025, -8.321877987999926 ], [ 112.538666152000019, -8.321775702999958 ], [ 112.538749893000045, -8.321691664999946 ], [ 112.538755559000037, -8.321589937999931 ], [ 112.538719360000073, -8.32156015399994 ], [ 112.538622942000075, -8.321464879999951 ], [ 112.538556239000059, -8.321291651999957 ], [ 112.538556169000117, -8.321273752999957 ], [ 112.538591616000076, -8.32113005399998 ], [ 112.538591570000108, -8.321118119999937 ], [ 112.538672164000104, -8.320995129999972 ], [ 112.538557915000069, -8.320953714999973 ], [ 112.538527779000106, -8.320923907999941 ], [ 112.538473474000057, -8.32085839399997 ], [ 112.538406930000065, -8.320745013999954 ], [ 112.538364491000038, -8.320631539999965 ], [ 112.538291795000077, -8.320476325999948 ], [ 112.538249262000022, -8.320338894999963 ], [ 112.538248422000038, -8.320123554999952 ], [ 112.538324955, -8.319746453999926 ] ] ] } },
{ "type": "Feature", "properties": { "fid": 1736, "class_id": 4, "class_name": "Lahan hijau", "source": "BIG", "source_class": "Tegalan/Ladang", "kode": "VALID", "alasan": "", "n_valid": 109, "n_nodata": 0, "status_v5": "ok" }, "geometry": { "type": "Polygon", "coordinates": [ [ [ 112.5586764090001, -7.991679983999973 ], [ 112.558550279000087, -7.99162935499993 ], [ 112.558175199000061, -7.991523700999949 ], [ 112.557991131000108, -7.99228917399995 ], [ 112.557448200000067, -7.992152457999964 ], [ 112.557631941000068, -7.991577008999968 ], [ 112.557692386000099, -7.991387700999951 ], [ 112.55796641500001, -7.991464889999975 ], [ 112.558178377000104, -7.99103482299995 ], [ 112.558423160000075, -7.991029114999947 ], [ 112.558637545000011, -7.990602449999926 ], [ 112.558940383000049, -7.990716145999954 ], [ 112.558597141000064, -7.991339477999929 ], [ 112.558754675000046, -7.991407550999952 ], [ 112.5586764090001, -7.991679983999973 ] ] ] } },
{ "type": "Feature", "properties": { "fid": 1744, "class_id": 4, "class_name": "Lahan hijau", "source": "BIG", "source_class": "Hutan Belukar", "kode": "VALID", "alasan": "", "n_valid": 17, "n_nodata": 0, "status_v5": "ok" }, "geometry": { "type": "Polygon", "coordinates": [ [ [ 114.385477836000064, -8.462594543999955 ], [ 114.385459412000046, -8.462590759999955 ], [ 114.385451130000092, -8.462585148999949 ], [ 114.38543457600008, -8.462570935999963 ], [ 114.385424702000023, -8.462558331999958 ], [ 114.385406683000042, -8.462532389999978 ], [ 114.385404872000095, -8.462529784999958 ], [ 114.385397609000051, -8.462518188999979 ], [ 114.385380982000015, -8.462481418999971 ], [ 114.385375530000033, -8.462467704999938 ], [ 114.385374907000028, -8.462463754999931 ], [ 114.385367293000058, -8.462415409999949 ], [ 114.385364007000021, -8.462394546999974 ], [ 114.385361274000047, -8.462351462999948 ], [ 114.385356256000023, -8.46227240099995 ], [ 114.38535498300007, -8.462252330999945 ], [ 114.385354494000012, -8.462190795999959 ], [ 114.385353732000112, -8.462095326999929 ], [ 114.385356678000107, -8.462069080999981 ], [ 114.385362577000024, -8.462016528999925 ], [ 114.385373667000067, -8.461964715999954 ], [ 114.385377470000094, -8.461940700999946 ], [ 114.385383535000074, -8.46190241499994 ], [ 114.385395801000072, -8.461849373999939 ], [ 114.385401857000033, -8.461831860999951 ], [ 114.385407827000108, -8.461823378999952 ], [ 114.385423969000044, -8.46180906799998 ], [ 114.385450318000039, -8.461802882999962 ], [ 114.385463236000078, -8.46180656599995 ], [ 114.385494487000074, -8.461821759999964 ], [ 114.385570167000083, -8.461871492999933 ], [ 114.385580358000084, -8.461879375999956 ], [ 114.385582028000044, -8.461880106999956 ], [ 114.385531024000102, -8.462589911999942 ], [ 114.385521896000114, -8.462591290999967 ], [ 114.385488308000049, -8.462594448999937 ], [ 114.385477836000064, -8.462594543999955 ] ] ] } },
{ "type": "Feature", "properties": { "fid": 1750, "class_id": 4, "class_name": "Lahan hijau", "source": "BIG", "source_class": "Tegalan/Ladang", "kode": "VALID", "alasan": "", "n_valid": 1735, "n_nodata": 0, "status_v5": "ok" }, "geometry": { "type": "Polygon", "coordinates": [ [ [ 112.738281245000053, -7.45700095899997 ], [ 112.738265134000017, -7.45741037099998 ], [ 112.738332661000072, -7.457740598999976 ], [ 112.738409661000105, -7.458073937999927 ], [ 112.738397867000117, -7.45828172299997 ], [ 112.738339169000028, -7.458590413999957 ], [ 112.738157857000033, -7.458994014999973 ], [ 112.738073732000089, -7.459252445999937 ], [ 112.738000224000075, -7.459483185999943 ], [ 112.737748209000074, -7.459464219999973 ], [ 112.737556822000101, -7.460018483999932 ], [ 112.737059355000042, -7.461410981999961 ], [ 112.736989081000047, -7.461458142999959 ], [ 112.736928122000108, -7.461477419999937 ], [ 112.736489130000109, -7.461399188999962 ], [ 112.736280847000103, -7.461340676999953 ], [ 112.736331483000072, -7.461062440999967 ], [ 112.736199641000098, -7.460796646999938 ], [ 112.736053493000099, -7.460615834999942 ], [ 112.736042535000024, -7.460673483999926 ], [ 112.735976677000053, -7.460982108999929 ], [ 112.735944724000092, -7.461126272999934 ], [ 112.735909551000077, -7.461225292999927 ], [ 112.735888437000085, -7.461284734999936 ], [ 112.735802205000027, -7.461581266999929 ], [ 112.735705627000016, -7.461831178999944 ], [ 112.735673188000078, -7.461921712999981 ], [ 112.735101325000073, -7.461788236999951 ], [ 112.735100708, -7.461631896999961 ], [ 112.735124151000036, -7.46159111399993 ], [ 112.735179534000054, -7.461488095999925 ], [ 112.735215749000076, -7.461421561999941 ], [ 112.7353228180001, -7.461064485999941 ], [ 112.735238344000095, -7.460968292999951 ], [ 112.73509454200007, -7.460754822999945 ], [ 112.734866895000096, -7.460604633999935 ], [ 112.734735526, -7.460344950999968 ], [ 112.734603892000109, -7.460018120999962 ], [ 112.734233227000118, -7.459940245999974 ], [ 112.734193643000026, -7.459770102999926 ], [ 112.734177865000106, -7.459564014999955 ], [ 112.734186303000115, -7.459426547999954 ], [ 112.734240065000108, -7.459396459999937 ], [ 112.734389154000041, -7.459249478999936 ], [ 112.734574044000055, -7.459072479999975 ], [ 112.734744027000033, -7.45891047799995 ], [ 112.734758570000054, -7.458802863999949 ], [ 112.734758287000091, -7.458731160999946 ], [ 112.734709806000069, -7.45858196699993 ], [ 112.734667123, -7.458384946999956 ], [ 112.734630368000012, -7.45817296599995 ], [ 112.734641847000034, -7.458047437999937 ], [ 112.734704248000071, -7.457930673999954 ], [ 112.734793858000103, -7.457882518999952 ], [ 112.734889655000075, -7.457885130999955 ], [ 112.734994362000066, -7.457869781999932 ], [ 112.735063078000053, -7.457836646999965 ], [ 112.735083796000026, -7.457776812999953 ], [ 112.735083372000076, -7.457669257999953 ], [ 112.735025617000019, -7.457445407999955 ], [ 112.734915439000019, -7.457184678999965 ], [ 112.734812372000079, -7.457210826999926 ], [ 112.734806789000118, -7.457212099999936 ], [ 112.734799191000093, -7.457213382999953 ], [ 112.734791525000105, -7.457214166999961 ], [ 112.734783824000033, -7.457214448999935 ], [ 112.734776121000095, -7.457214227999941 ], [ 112.734774409000011, -7.457214109999939 ], [ 112.734707738000111, -7.457209035999938 ], [ 112.734880968000084, -7.457176642999968 ], [ 112.735181401000091, -7.457049392999977 ], [ 112.735264329000074, -7.457014267999966 ], [ 112.735398644000043, -7.456916375999981 ], [ 112.73612864100005, -7.456414592999977 ], [ 112.736529459000053, -7.456115859999954 ], [ 112.737082658000077, -7.455690804999961 ], [ 112.737029666000012, -7.455857476999938 ], [ 112.73690324100005, -7.45626980399993 ], [ 112.736806888000046, -7.456576519999942 ], [ 112.736750977000042, -7.456830329999946 ], [ 112.736728913000093, -7.456930266999962 ], [ 112.737061754000024, -7.457112821999942 ], [ 112.737297176000084, -7.457111896999947 ], [ 112.737616263000064, -7.457100198999967 ], [ 112.737851500000033, -7.457052278999981 ], [ 112.738282214000037, -7.456982499999981 ], [ 112.738281245000053, -7.45700095899997 ] ], [ [ 112.736225266000019, -7.459754313999952 ], [ 112.735140271000091, -7.459489153999925 ], [ 112.735071888000107, -7.459837543999981 ], [ 112.736140807000083, -7.460176070999978 ], [ 112.736188047000041, -7.459946629999934 ], [ 112.736225266000019, -7.459754313999952 ] ] ] } },
{ "type": "Feature", "properties": { "fid": 1760, "class_id": 4, "class_name": "Lahan hijau", "source": "BIG", "source_class": "Hutan Belukar", "kode": "VALID", "alasan": "", "n_valid": 1, "n_nodata": 0, "status_v5": "ok" }, "geometry": { "type": "Polygon", "coordinates": [ [ [ 112.509681883000098, -8.396100390999948 ], [ 112.5097, -8.39604 ], [ 112.50974, -8.39589 ], [ 112.509767883000109, -8.395859018999943 ], [ 112.509768360000066, -8.395863073999976 ], [ 112.509766381000077, -8.395927485999948 ], [ 112.509758795000039, -8.395971538999959 ], [ 112.509752495000043, -8.395993101999977 ], [ 112.509709048000104, -8.39606432599993 ], [ 112.509681883000098, -8.396100390999948 ] ] ] } },
{ "type": "Feature", "properties": { "fid": 1766, "class_id": 4, "class_name": "Lahan hijau", "source": "BIG", "source_class": "Hutan Sejenis", "kode": "VALID", "alasan": "", "n_valid": 98, "n_nodata": 0, "status_v5": "ok" }, "geometry": { "type": "Polygon", "coordinates": [ [ [ 113.974672707000082, -7.733910565999963 ], [ 113.974550099000112, -7.733854055999927 ], [ 113.974477209000042, -7.733711150999966 ], [ 113.974368627000104, -7.733604348999961 ], [ 113.97443304, -7.733366761999946 ], [ 113.974590384000066, -7.733250934999944 ], [ 113.974790858, -7.733134805999953 ], [ 113.974934125000118, -7.733062100999973 ], [ 113.97498120900002, -7.732796965999967 ], [ 113.97529846000009, -7.732930995999936 ], [ 113.975580470000068, -7.733165658999951 ], [ 113.975589368000101, -7.733409397999935 ], [ 113.975411264000059, -7.733640098999956 ], [ 113.975017152000078, -7.733822114999953 ], [ 113.974672707000082, -7.733910565999963 ] ] ] } },
{ "type": "Feature", "properties": { "fid": 1782, "class_id": 4, "class_name": "Lahan hijau", "source": "BIG", "source_class": "Perkebunan Belum Menghasilkan", "kode": "VALID", "alasan": "", "n_valid": 424, "n_nodata": 0, "status_v5": "ok" }, "geometry": { "type": "Polygon", "coordinates": [ [ [ 114.42240490800009, -8.021685121999951 ], [ 114.422148527000104, -8.021660377999979 ], [ 114.422042360000091, -8.021862846999966 ], [ 114.421989107000059, -8.02194392399997 ], [ 114.42174598400004, -8.021892188999971 ], [ 114.42147499500004, -8.021733174999952 ], [ 114.421406911000076, -8.021653105999974 ], [ 114.421192775, -8.021843034999961 ], [ 114.421153905000097, -8.022031505999962 ], [ 114.421136063000063, -8.022305357999926 ], [ 114.420974154000078, -8.02224859599994 ], [ 114.42041999300011, -8.022054242999957 ], [ 114.42042273200002, -8.021661288999951 ], [ 114.420512945000041, -8.021163291999926 ], [ 114.4207143860001, -8.021067541999969 ], [ 114.420941667000079, -8.020837186999927 ], [ 114.421034128000088, -8.020607952999967 ], [ 114.421006603000023, -8.020540985999958 ], [ 114.420952, -8.020460804999971 ], [ 114.420668881000097, -8.020463158999974 ], [ 114.420744051000042, -8.020173715999931 ], [ 114.420877530000098, -8.020038433999957 ], [ 114.421122052000101, -8.020012005999945 ], [ 114.421244210000054, -8.019986594999978 ], [ 114.421366166000098, -8.019936790999964 ], [ 114.421623231000012, -8.01994684999994 ], [ 114.421672072000092, -8.019934246999981 ], [ 114.421968723000077, -8.019670729999973 ], [ 114.422180177000087, -8.020213126999977 ], [ 114.422761046, -8.021746087999929 ], [ 114.42240490800009, -8.021685121999951 ] ] ] } },
{ "type": "Feature", "properties": { "fid": 1795, "class_id": 4, "class_name": "Lahan hijau", "source": "BIG", "source_class": "Perkebunan Belum Menghasilkan", "kode": "VALID", "alasan": "", "n_valid": 2036, "n_nodata": 0, "status_v5": "ok" }, "geometry": { "type": "Polygon", "coordinates": [ [ [ 114.303010392000033, -7.78182237599998 ], [ 114.302828101000046, -7.781815140999981 ], [ 114.30220612200003, -7.781667649999974 ], [ 114.30227246700008, -7.781543959999965 ], [ 114.302421075000098, -7.781399432999933 ], [ 114.302166472000067, -7.781288970999981 ], [ 114.302257340000097, -7.780960904999972 ], [ 114.302173358, -7.780944833999968 ], [ 114.301724541000112, -7.780843191999963 ], [ 114.301642303000108, -7.780743473999962 ], [ 114.301525813000012, -7.78055322299997 ], [ 114.301600773000018, -7.780335195999953 ], [ 114.301888610000105, -7.780378354999925 ], [ 114.301963157000046, -7.780107762999933 ], [ 114.30157142600001, -7.779953107999972 ], [ 114.301577454000039, -7.779804912999964 ], [ 114.3018423850001, -7.779395606999969 ], [ 114.301990197, -7.779149532999952 ], [ 114.302233602000115, -7.778872848999981 ], [ 114.302371260000086, -7.778859827999952 ], [ 114.30265883300001, -7.778869535999945 ], [ 114.30263272500008, -7.778594948999967 ], [ 114.302913936000095, -7.778556915999957 ], [ 114.302827796000088, -7.77826487699997 ], [ 114.302694583000061, -7.778080728999953 ], [ 114.302543826000033, -7.777950482999927 ], [ 114.302518232000011, -7.777741601999935 ], [ 114.302539944000046, -7.77745469599995 ], [ 114.302437052000073, -7.777318101999981 ], [ 114.302279182, -7.777044540999952 ], [ 114.302143736000062, -7.777013867999926 ], [ 114.302228511000067, -7.776692487999981 ], [ 114.3023282690001, -7.776428868999972 ], [ 114.30241408400002, -7.775914461999946 ], [ 114.302524731000062, -7.775514535999946 ], [ 114.302654997000104, -7.77532236199994 ], [ 114.302812803000052, -7.775210648999973 ], [ 114.302970690000052, -7.775098876999948 ], [ 114.303238190000116, -7.77483992699996 ], [ 114.303218773000026, -7.774654891999944 ], [ 114.303152098000055, -7.77455385899998 ], [ 114.303019869000082, -7.774495151999929 ], [ 114.302797525000074, -7.774401304999969 ], [ 114.302664782000079, -7.774276889999953 ], [ 114.302735014000064, -7.774067263999939 ], [ 114.302878240000041, -7.774000438999963 ], [ 114.302961105, -7.773874344999967 ], [ 114.303043270000103, -7.773658651999938 ], [ 114.302999850000106, -7.773467832999927 ], [ 114.302944405000062, -7.773271131999934 ], [ 114.302979264000101, -7.773133465999933 ], [ 114.303025634000051, -7.77293597399995 ], [ 114.303072611000061, -7.772816134999971 ], [ 114.303131101000076, -7.772636466999927 ], [ 114.303183973000046, -7.772504634999962 ], [ 114.303267635000111, -7.772480088999941 ], [ 114.303399908000074, -7.772544768999978 ], [ 114.303427462000059, -7.772676801999978 ], [ 114.30343102300003, -7.772693869999955 ], [ 114.303431865000107, -7.772801389999927 ], [ 114.303444684000056, -7.772908815999926 ], [ 114.303487355000016, -7.773004062999973 ], [ 114.303547527000092, -7.773039436999966 ], [ 114.303703758000097, -7.773103929999934 ], [ 114.303811795000115, -7.773132958999952 ], [ 114.303979678000019, -7.773155544999952 ], [ 114.304093189000014, -7.773118818999933 ], [ 114.304194068000015, -7.772998558999973 ], [ 114.30426481500001, -7.772854639999935 ], [ 114.304209510000078, -7.772675859999936 ], [ 114.304244276000077, -7.772526247999963 ], [ 114.304284890000076, -7.772358667999981 ], [ 114.304313385000114, -7.772173261999967 ], [ 114.304378284000109, -7.772047307999969 ], [ 114.304425728000069, -7.771987202999981 ], [ 114.304575736000061, -7.772021876999929 ], [ 114.3046180340001, -7.772069336999948 ], [ 114.3046367500001, -7.772164769999961 ], [ 114.304649335000022, -7.772242329999926 ], [ 114.304709179000042, -7.772235889999934 ], [ 114.30457719900005, -7.772639523999942 ], [ 114.304686264000111, -7.772799963999944 ], [ 114.304299266000044, -7.773095687999955 ], [ 114.304290536000053, -7.77333342299994 ], [ 114.304289392000101, -7.773364580999953 ], [ 114.304314657000077, -7.77353164699997 ], [ 114.304129042000113, -7.773539065999955 ], [ 114.304209006000065, -7.773807259999955 ], [ 114.303610889000083, -7.773913470999958 ], [ 114.303584546000025, -7.774373649999973 ], [ 114.303853915000104, -7.77435363099994 ], [ 114.303737407000085, -7.774772696999946 ], [ 114.30421956400005, -7.774724755999955 ], [ 114.304797162000114, -7.77464015399994 ], [ 114.304800380000074, -7.774701137999955 ], [ 114.304822044000048, -7.775172890999954 ], [ 114.304812734000052, -7.775513462999982 ], [ 114.304876562000118, -7.77556303199998 ], [ 114.304670881000106, -7.776041817999953 ], [ 114.304610698000033, -7.776613492999957 ], [ 114.304624768000053, -7.777230653999936 ], [ 114.304796445000079, -7.777920291999976 ], [ 114.304747583000108, -7.778168876999928 ], [ 114.304512052000064, -7.778171259999965 ], [ 114.304536442000085, -7.777747270999953 ], [ 114.304052073000094, -7.777812844999971 ], [ 114.303948241000057, -7.778129587999956 ], [ 114.303246250000029, -7.778284416999952 ], [ 114.303241409000066, -7.778310615999942 ], [ 114.303218529000105, -7.778448189999949 ], [ 114.303357963000053, -7.77866215499995 ], [ 114.303434260000017, -7.778800338999929 ], [ 114.304270773000098, -7.778671508999935 ], [ 114.304903250000052, -7.778582795999966 ], [ 114.30529062200003, -7.778506071999971 ], [ 114.305609833000062, -7.778386357999977 ], [ 114.305524648000073, -7.778900406999981 ], [ 114.30490765400009, -7.779144755999937 ], [ 114.304811678000078, -7.779864117999978 ], [ 114.304129013000079, -7.779979995999952 ], [ 114.303899390000083, -7.780147618999933 ], [ 114.303931476000116, -7.780444651999971 ], [ 114.303278041000112, -7.78073950299995 ], [ 114.303277246000107, -7.780766598999946 ], [ 114.303273603000093, -7.780891 ], [ 114.303370647000065, -7.781045559999939 ], [ 114.303383467000117, -7.781152985999938 ], [ 114.303306450000036, -7.781261111999981 ], [ 114.303170149000039, -7.78144735799998 ], [ 114.303213149000044, -7.781584417999966 ], [ 114.303132562000087, -7.781638912999938 ], [ 114.303157016000114, -7.78170130899997 ], [ 114.303192966000097, -7.781783215999951 ], [ 114.303010392000033, -7.78182237599998 ] ] ] } },
{ "type": "Feature", "properties": { "fid": 1824, "class_id": 4, "class_name": "Lahan hijau", "source": "BIG", "source_class": "Hutan Sejenis", "kode": "VALID", "alasan": "", "n_valid": 22, "n_nodata": 7, "status_v5": "ok" }, "geometry": { "type": "Polygon", "coordinates": [ [ [ 113.744260813000096, -8.545341108999935 ], [ 113.744260028000099, -8.545341868999969 ], [ 113.743876751000016, -8.545713358999933 ], [ 113.743758562000039, -8.545819163999965 ], [ 113.743758489000015, -8.54581922899996 ], [ 113.743679689000032, -8.545889769999974 ], [ 113.743627891000074, -8.546027268999978 ], [ 113.743603078000092, -8.546174576999931 ], [ 113.743539161966211, -8.546234764590741 ], [ 113.7429, -8.5466 ], [ 113.7442, -8.5452 ], [ 113.744285235684728, -8.545285235684732 ], [ 113.744298512906511, -8.54530191197734 ], [ 113.744290132998685, -8.545312686144548 ], [ 113.744260813000096, -8.545341108999935 ] ] ] } },
{ "type": "Feature", "properties": { "fid": 1836, "class_id": 4, "class_name": "Lahan hijau", "source": "BIG", "source_class": "Semak", "kode": "VALID", "alasan": "", "n_valid": 108, "n_nodata": 0, "status_v5": "ok" }, "geometry": { "type": "Polygon", "coordinates": [ [ [ 112.684017814000072, -8.198706655999956 ], [ 112.684044326000048, -8.198719539999956 ], [ 112.683938887000068, -8.198917433999952 ], [ 112.683788585000116, -8.199147720999974 ], [ 112.683621394000056, -8.199358939999968 ], [ 112.683502033000082, -8.199524506999978 ], [ 112.683478264000087, -8.199582020999969 ], [ 112.683452033000094, -8.199625191999928 ], [ 112.683447362000038, -8.199656310999956 ], [ 112.683476437000081, -8.199718388999941 ], [ 112.683519807000039, -8.199754091999978 ], [ 112.683532014000093, -8.199801886999978 ], [ 112.683529814000053, -8.199849741999969 ], [ 112.683503694000024, -8.199919226999953 ], [ 112.683467879000091, -8.199967221999941 ], [ 112.683443969000109, -8.199991244999978 ], [ 112.683420018000106, -8.200005698999973 ], [ 112.683384052000065, -8.200017809999963 ], [ 112.683307247000016, -8.200025307999965 ], [ 112.683244848000072, -8.200032745999977 ], [ 112.683187332000102, -8.200059300999953 ], [ 112.683139451000102, -8.200092992999942 ], [ 112.683120323000026, -8.200112210999976 ], [ 112.683115692000115, -8.200152898999931 ], [ 112.683147057000042, -8.200188652999941 ], [ 112.683183194000094, -8.200217208999959 ], [ 112.683207336, -8.200248207999948 ], [ 112.683217092000064, -8.200284051999972 ], [ 112.683210029000065, -8.20031757299995 ], [ 112.68318135700008, -8.200351184999931 ], [ 112.683107285, -8.200437615999931 ], [ 112.683083425000063, -8.200473599999953 ], [ 112.683002582000086, -8.200662928999975 ], [ 112.682938447000083, -8.200828263999938 ], [ 112.682607629000017, -8.200790371999972 ], [ 112.682557840000072, -8.200941293999961 ], [ 112.682897863000107, -8.201046839999947 ], [ 112.682898574000092, -8.201053305999949 ], [ 112.682937799000115, -8.201090282999928 ], [ 112.682768472000021, -8.201152675999936 ], [ 112.682604583000057, -8.201218783999934 ], [ 112.682554928000059, -8.201224256999978 ], [ 112.682411776000095, -8.201240033999966 ], [ 112.682329275000029, -8.20123254799995 ], [ 112.682156878000114, -8.201216904999967 ], [ 112.682389933000081, -8.200681633999977 ], [ 112.682417971000064, -8.200606181999945 ], [ 112.682574686000066, -8.200664914999948 ], [ 112.682711549000032, -8.200664342999971 ], [ 112.682787184000063, -8.200664026999959 ], [ 112.682873548000089, -8.200645724999958 ], [ 112.682909233000032, -8.200566629999969 ], [ 112.682951985000045, -8.200455209999973 ], [ 112.683009219000041, -8.200361671999929 ], [ 112.683069964000083, -8.20024658899996 ], [ 112.68305168400002, -8.200182072999951 ], [ 112.683000959000083, -8.200110515999938 ], [ 112.682932256000072, -8.200046211999961 ], [ 112.682902944000034, -8.199927915999979 ], [ 112.683010270000068, -8.199755222999954 ], [ 112.683103475000053, -8.199650768999959 ], [ 112.683186041000113, -8.199585832999958 ], [ 112.683207575000097, -8.199567800999944 ], [ 112.6832144010001, -8.199478060999979 ], [ 112.683188873000063, -8.19940281099997 ], [ 112.683163405000073, -8.199341913999945 ], [ 112.683202811000115, -8.199291510999956 ], [ 112.683335786000043, -8.199222775999942 ], [ 112.683432683000092, -8.199139837999951 ], [ 112.683488466000085, -8.199052344999927 ], [ 112.683570547000045, -8.199052001999974 ], [ 112.683652468000105, -8.199013495999964 ], [ 112.683788353000068, -8.198794846999931 ], [ 112.683809920000044, -8.198718428999939 ], [ 112.68389729, -8.198674447999963 ], [ 112.683938178000062, -8.198685373999979 ], [ 112.684017814000072, -8.198706655999956 ] ] ] } },
{ "type": "Feature", "properties": { "fid": 1845, "class_id": 4, "class_name": "Lahan hijau", "source": "BIG", "source_class": "Tegalan/Ladang", "kode": "VALID", "alasan": "", "n_valid": 23, "n_nodata": 0, "status_v5": "ok" }, "geometry": { "type": "Polygon", "coordinates": [ [ [ 112.703609264000079, -8.085955597999941 ], [ 112.703956745000028, -8.085996787999932 ], [ 112.703954137000096, -8.086011028999962 ], [ 112.703911487000028, -8.086243949999925 ], [ 112.70366126600004, -8.086211033999973 ], [ 112.703676165000047, -8.086119588999964 ], [ 112.703660924000019, -8.08606283599994 ], [ 112.703612853000095, -8.086048084999959 ], [ 112.703498721000074, -8.086021646999939 ], [ 112.703435510000077, -8.085974064999959 ], [ 112.70337809900002, -8.085878613999967 ], [ 112.703371784000069, -8.085803881999936 ], [ 112.703392348000079, -8.085699133999981 ], [ 112.703421790000107, -8.085590415999945 ], [ 112.703481528000111, -8.085589526999968 ], [ 112.703684810000027, -8.085603955999943 ], [ 112.703609264000079, -8.085955597999941 ] ] ] } },
{ "type": "Feature", "properties": { "fid": 1847, "class_id": 4, "class_name": "Lahan hijau", "source": "BIG", "source_class": "Hutan Belukar", "kode": "VALID", "alasan": "", "n_valid": 128, "n_nodata": 0, "status_v5": "ok" }, "geometry": { "type": "Polygon", "coordinates": [ [ [ 112.533447616000103, -8.14933082999994 ], [ 112.533412394000038, -8.149539106999953 ], [ 112.533376790000034, -8.149646902999962 ], [ 112.533276167000054, -8.149704701999951 ], [ 112.533204302000058, -8.149748037999927 ], [ 112.533089054000015, -8.149758462999955 ], [ 112.533002155000077, -8.149626786999931 ], [ 112.533023272000037, -8.149497513999961 ], [ 112.533008456000061, -8.149389908999979 ], [ 112.532928814000115, -8.149282548999963 ], [ 112.532863988000031, -8.149282794999976 ], [ 112.532691090000071, -8.149276270999962 ], [ 112.532539309000072, -8.149140473999978 ], [ 112.532524630000012, -8.149068754999973 ], [ 112.532581462000053, -8.148860395999975 ], [ 112.532588036000107, -8.148695291999957 ], [ 112.532529949000036, -8.148573494999937 ], [ 112.532457400000112, -8.148437398999931 ], [ 112.532600940000066, -8.148300485999926 ], [ 112.532773318000068, -8.148170641999968 ], [ 112.532880979000083, -8.148069751999969 ], [ 112.532894811, -8.147918973999936 ], [ 112.532908561000113, -8.147746664999943 ], [ 112.533016468000028, -8.14771036999997 ], [ 112.533254465000027, -8.147788421999962 ], [ 112.533463622000113, -8.147859404999963 ], [ 112.533471399000064, -8.148010100999954 ], [ 112.533363574000077, -8.148067927999932 ], [ 112.533198180000113, -8.148140326999965 ], [ 112.533119659000022, -8.148327235999943 ], [ 112.533011970000075, -8.148420948999956 ], [ 112.532990799000117, -8.148535866999964 ], [ 112.533099225000115, -8.148635939999963 ], [ 112.533107111000049, -8.148815344999946 ], [ 112.533114806000071, -8.148944508999932 ], [ 112.533324046000075, -8.149037023999938 ], [ 112.533447097000021, -8.149194460999979 ], [ 112.533447616000103, -8.14933082999994 ] ] ] } },
{ "type": "Feature", "properties": { "fid": 1864, "class_id": 4, "class_name": "Lahan hijau", "source": "BIG", "source_class": "Tegalan/Ladang", "kode": "VALID", "alasan": "", "n_valid": 48, "n_nodata": 0, "status_v5": "ok" }, "geometry": { "type": "Polygon", "coordinates": [ [ [ 112.738190448000068, -8.167050985999936 ], [ 112.73837805800008, -8.166611676999935 ], [ 112.738496624000049, -8.166270275999977 ], [ 112.738603885000089, -8.166090397999938 ], [ 112.738711974000012, -8.16610189499994 ], [ 112.73878425800001, -8.166161389999957 ], [ 112.738838872000088, -8.166298707999943 ], [ 112.738851782000097, -8.166507971999977 ], [ 112.738768840000034, -8.166759511999942 ], [ 112.738536300000078, -8.167168155999946 ], [ 112.738190448000068, -8.167050985999936 ] ] ] } },
{ "type": "Feature", "properties": { "fid": 1869, "class_id": 4, "class_name": "Lahan hijau", "source": "BIG", "source_class": "Kebun Buah-buahan", "kode": "VALID", "alasan": "", "n_valid": 104194, "n_nodata": 0, "status_v5": "ok" }, "geometry": { "type": "Polygon", "coordinates": [ [ [ 112.843649731000028, -8.01365268099994 ], [ 112.843542225000078, -8.013760805999937 ], [ 112.843405501, -8.013775769999938 ], [ 112.8433043550001, -8.013697282999942 ], [ 112.843253572000094, -8.013611394999941 ], [ 112.843059415000084, -8.013662496999927 ], [ 112.842779091000011, -8.013764218999938 ], [ 112.842513425000107, -8.013923285999965 ], [ 112.842535766000083, -8.014088240999968 ], [ 112.842586516000097, -8.014166953999961 ], [ 112.842399462000117, -8.014196495999954 ], [ 112.842327195000053, -8.014298595999946 ], [ 112.84240808200002, -8.014512215999957 ], [ 112.8425240790001, -8.01469110499994 ], [ 112.842517752000049, -8.014884893999977 ], [ 112.842215991000103, -8.015022592999969 ], [ 112.841885238000032, -8.015117363999934 ], [ 112.841712711000014, -8.015175545999966 ], [ 112.84151810100002, -8.015126180999971 ], [ 112.841425444000038, -8.015334708999944 ], [ 112.841390287000081, -8.015521449999937 ], [ 112.841290076000064, -8.015651071999969 ], [ 112.841052527000102, -8.015659309999933 ], [ 112.840952445000084, -8.015817635999952 ], [ 112.840823985000043, -8.016069381999955 ], [ 112.840378912, -8.016358422999929 ], [ 112.840120087000059, -8.016438518999962 ], [ 112.83983989, -8.016568943999971 ], [ 112.839710493000098, -8.016612579999958 ], [ 112.839523566000025, -8.016670824999949 ], [ 112.839452281000035, -8.016829022999957 ], [ 112.839309066000055, -8.017001893999975 ], [ 112.839035745000047, -8.017060524999977 ], [ 112.838741277000054, -8.017219718999968 ], [ 112.838432281000109, -8.017350271999931 ], [ 112.838015743000028, -8.01758177399995 ], [ 112.837757304000093, -8.017747981999946 ], [ 112.837751715000081, -8.018106824999961 ], [ 112.837680301000091, -8.018236316999946 ], [ 112.837450401000069, -8.018344987999967 ], [ 112.83715570600009, -8.018453947999944 ], [ 112.836738522000019, -8.018541923999976 ], [ 112.836472270000058, -8.018571816999952 ], [ 112.83627062000005, -8.018558362999954 ], [ 112.836076266000077, -8.018566405999934 ], [ 112.835766978000038, -8.018632370999967 ], [ 112.835493687000053, -8.01869817599993 ], [ 112.835336200000029, -8.01889981599993 ], [ 112.83495510900002, -8.01900915899995 ], [ 112.834473450000019, -8.019169183999963 ], [ 112.834042767000028, -8.019458155999928 ], [ 112.833921147000069, -8.019630929999948 ], [ 112.833586124000021, -8.019845320999934 ], [ 112.833333333000041, -8.020061888999976 ], [ 112.83282, -8.02029 ], [ 112.832681366000088, -8.020625032999931 ], [ 112.832928654000057, -8.020939053999939 ], [ 112.833548393000115, -8.02106546999994 ], [ 112.833994186000041, -8.020934309999973 ], [ 112.834871370000087, -8.020672053999931 ], [ 112.835791106000102, -8.020266078999953 ], [ 112.836840496000036, -8.019873877999942 ], [ 112.837371648000044, -8.019512690999932 ], [ 112.837658274000091, -8.01921000599998 ], [ 112.837796513000058, -8.018860987999972 ], [ 112.838607460000048, -8.01841637299998 ], [ 112.839384608000046, -8.017790953999963 ], [ 112.840150990000097, -8.017440675999978 ], [ 112.840940348000117, -8.016863042999944 ], [ 112.841359185000101, -8.01661 ], [ 112.841844195000022, -8.016479770999979 ], [ 112.84203878400001, -8.016391046999956 ], [ 112.84246126700009, -8.016198413999973 ], [ 112.84296409500007, -8.015944993999938 ], [ 112.843226943000104, -8.01569264699998 ], [ 112.843453901000089, -8.015464381999948 ], [ 112.843644592000032, -8.015176475999965 ], [ 112.84391938400006, -8.014912114999959 ], [ 112.844293828000104, -8.014321785999925 ], [ 112.844583836000083, -8.01472464699998 ], [ 112.84393930400006, -8.016000578999979 ], [ 112.844446927000035, -8.016811622999967 ], [ 112.844501336, -8.016961349999974 ], [ 112.844689926000115, -8.017480324999951 ], [ 112.844477426000026, -8.017908752999972 ], [ 112.844214275000013, -8.018439296999929 ], [ 112.843329791000087, -8.019208729999946 ], [ 112.842612752000036, -8.019857806999937 ], [ 112.843262214000106, -8.020189795999954 ], [ 112.843863895000027, -8.020569839999951 ], [ 112.844226889000083, -8.02123800399994 ], [ 112.844494968000049, -8.022145803999933 ], [ 112.844570415000021, -8.022910938999928 ], [ 112.842992555000023, -8.02425758499993 ], [ 112.841652084000089, -8.025029059999952 ], [ 112.840212061000102, -8.025011578999965 ], [ 112.838868676000061, -8.025137187999974 ], [ 112.837548751000099, -8.025143082999932 ], [ 112.836853757000085, -8.025361475999944 ], [ 112.836424789000034, -8.026033181999935 ], [ 112.836715138000045, -8.02655815199995 ], [ 112.837340180000069, -8.026794572999961 ], [ 112.838924634000023, -8.026907100999949 ], [ 112.840413847000036, -8.027187496999943 ], [ 112.841375197000048, -8.027494170999944 ], [ 112.842529939000087, -8.028110948999938 ], [ 112.843804030000115, -8.028583662999949 ], [ 112.844502909000084, -8.029226398999981 ], [ 112.844675111000015, -8.030158546999928 ], [ 112.845648679000078, -8.033168229999944 ], [ 112.84603504200004, -8.033692757999972 ], [ 112.846926359, -8.034430305999933 ], [ 112.847745032000034, -8.035024652999937 ], [ 112.848012269000037, -8.035741080999969 ], [ 112.847031875000084, -8.036534880999966 ], [ 112.84602639600007, -8.037089580999975 ], [ 112.845597762000011, -8.037833057999933 ], [ 112.844612926000082, -8.037646110999958 ], [ 112.843866896, -8.037194958999976 ], [ 112.843312753000077, -8.036719023999979 ], [ 112.841497921000041, -8.036020563999955 ], [ 112.836731121000071, -8.034253556999943 ], [ 112.835979955000084, -8.033857384999976 ], [ 112.834610497000085, -8.033528600999944 ], [ 112.833802843000058, -8.03312320699996 ], [ 112.833333334000031, -8.033333333999963 ], [ 112.832906459000014, -8.032659129999956 ], [ 112.832185197000058, -8.032375289999948 ], [ 112.831463775000088, -8.032055566999929 ], [ 112.829987024000047, -8.031882731999929 ], [ 112.829195052000046, -8.031886254999961 ], [ 112.828261493000014, -8.032428633999928 ], [ 112.827928846000077, -8.032540799999936 ], [ 112.828055811000013, -8.032914880999954 ], [ 112.828128398000104, -8.033046124999942 ], [ 112.828284821000011, -8.033141114999978 ], [ 112.828644756000017, -8.033127553999975 ], [ 112.828848107000113, -8.032983121999962 ], [ 112.828871357000025, -8.032815569999968 ], [ 112.828954872000054, -8.032707552999966 ], [ 112.82931502100007, -8.032741832999932 ], [ 112.829723489000116, -8.032847660999948 ], [ 112.830095745000108, -8.032905806999963 ], [ 112.830407413000103, -8.032832656999972 ], [ 112.830598549000115, -8.032640435999951 ], [ 112.830742169000018, -8.032556071999977 ], [ 112.831006160000015, -8.032554896999955 ], [ 112.831342845000108, -8.032708885999966 ], [ 112.831607587, -8.032875154999942 ], [ 112.832052752000095, -8.033136304999971 ], [ 112.832449114000042, -8.033218262999981 ], [ 112.832785478, -8.033300487999952 ], [ 112.83283433500003, -8.033491639999966 ], [ 112.832644058000028, -8.033875226999953 ], [ 112.832729505000088, -8.034197782999968 ], [ 112.832844638000097, -8.034417918999964 ], [ 112.831582388000015, -8.034423238999977 ], [ 112.830610900000011, -8.034535210999934 ], [ 112.830037168000104, -8.035040110999944 ], [ 112.830114472000105, -8.036223866999933 ], [ 112.830947278000053, -8.037296612999967 ], [ 112.831597677000104, -8.037831941999968 ], [ 112.831639311000117, -8.039087619999975 ], [ 112.831266978000031, -8.040345054999932 ], [ 112.830733027000065, -8.040045845999941 ], [ 112.830275694000079, -8.039748867999947 ], [ 112.829987001000063, -8.039594665999971 ], [ 112.829602204000025, -8.03941697099998 ], [ 112.828869144, -8.03918102199998 ], [ 112.828748503000043, -8.039038030999961 ], [ 112.828627648000065, -8.038847198999974 ], [ 112.828601988000059, -8.038476533999926 ], [ 112.828445134000049, -8.038285861999952 ], [ 112.82821687, -8.038227074999952 ], [ 112.827843753000025, -8.037977560999934 ], [ 112.827639435000037, -8.037906705999944 ], [ 112.827291014000025, -8.037812569999971 ], [ 112.826822434000064, -8.037683086999948 ], [ 112.826618278000069, -8.037648111999943 ], [ 112.826306819000024, -8.03776910299996 ], [ 112.826139197000089, -8.03785357199996 ], [ 112.825874827, -8.037771021999959 ], [ 112.825646243000051, -8.037640470999975 ], [ 112.82506907800007, -8.037379899999962 ], [ 112.824732389000019, -8.037225905999946 ], [ 112.824455647000036, -8.037059685999964 ], [ 112.824071066000101, -8.036929825999948 ], [ 112.82378312600008, -8.036943063999956 ], [ 112.823339081000086, -8.036933073999933 ], [ 112.822966608000115, -8.036827079999966 ], [ 112.822857755000086, -8.036636191999946 ], [ 112.822880260000034, -8.036301193999975 ], [ 112.822795247000045, -8.036074317999976 ], [ 112.822591038000041, -8.03602738099994 ], [ 112.822375523, -8.036135982999951 ], [ 112.822376377000069, -8.036327349999965 ], [ 112.822148809000055, -8.036424043999943 ], [ 112.821872707000011, -8.036401345999934 ], [ 112.821728070000063, -8.036258458999953 ], [ 112.821727003000092, -8.036019250999971 ], [ 112.821881612000084, -8.03570758799998 ], [ 112.822133073000032, -8.03558686699995 ], [ 112.822528637, -8.035489427999948 ], [ 112.822707512000079, -8.035237460999952 ], [ 112.822802282000112, -8.034961945999953 ], [ 112.822776842000053, -8.034639120999941 ], [ 112.822714868000048, -8.034196850999933 ], [ 112.822630070000059, -8.034017816999949 ], [ 112.822509540000055, -8.033898744999931 ], [ 112.822438075000036, -8.034018667999931 ], [ 112.82230693200006, -8.034210619999953 ], [ 112.82206752500008, -8.034343247999971 ], [ 112.822061800000029, -8.034345464999944 ], [ 112.822068326000021, -8.034522654999932 ], [ 112.821890091000114, -8.034918146999928 ], [ 112.821615964000102, -8.035337984999956 ], [ 112.821293412000045, -8.035662351999974 ], [ 112.821126962000108, -8.036009948999947 ], [ 112.821056457000054, -8.036345159999939 ], [ 112.820842221000021, -8.036740810999959 ], [ 112.820542920000094, -8.036897625999927 ], [ 112.820447988000069, -8.037137259999952 ], [ 112.820688091000079, -8.037160117999974 ], [ 112.820904140000039, -8.037171120999972 ], [ 112.82120429500003, -8.03720567299996 ], [ 112.821757086000048, -8.037382632999936 ], [ 112.822249611000075, -8.037500055999942 ], [ 112.822430301000054, -8.037654743999951 ], [ 112.822863095000116, -8.03783223399995 ], [ 112.823343728000054, -8.037973629999954 ], [ 112.823464794000074, -8.038212305999934 ], [ 112.823826445, -8.038581480999937 ], [ 112.82411529500007, -8.038771569999938 ], [ 112.824812567000095, -8.039055528999938 ], [ 112.825281202000042, -8.039196975999971 ], [ 112.826002475000109, -8.039480825999931 ], [ 112.826856015000089, -8.03982388999998 ], [ 112.827312383000049, -8.039905584999929 ], [ 112.827757287000054, -8.040106936999962 ], [ 112.828251048000084, -8.040499440999952 ], [ 112.828660221000064, -8.040760752999972 ], [ 112.829369606000114, -8.041068570999926 ], [ 112.829802672000028, -8.041305854999962 ], [ 112.830523146000019, -8.041410289999931 ], [ 112.830966108000098, -8.041666668999937 ], [ 112.83147219600005, -8.041666669999927 ], [ 112.832004115000018, -8.042380568999931 ], [ 112.832520534000082, -8.042923041999927 ], [ 112.833780198000113, -8.04284565599994 ], [ 112.834968830000093, -8.042983873999958 ], [ 112.835689952000052, -8.043231822999928 ], [ 112.835908533000065, -8.043804953999938 ], [ 112.835590187000093, -8.045062236999968 ], [ 112.834729743000025, -8.045855480999933 ], [ 112.834196477000091, -8.045920427999931 ], [ 112.834170220000033, -8.045570009999949 ], [ 112.833905791, -8.045475505999946 ], [ 112.83358130900001, -8.045369309999955 ], [ 112.833161096000026, -8.045323343999939 ], [ 112.832692990000055, -8.04530151299997 ], [ 112.832319649000056, -8.045004163999977 ], [ 112.832173984000065, -8.044634035999934 ], [ 112.832112856000094, -8.044383135999965 ], [ 112.832099836000111, -8.044155942999964 ], [ 112.832134922000023, -8.043952455999943 ], [ 112.83231325600002, -8.043580881999958 ], [ 112.832252397000047, -8.043389783999942 ], [ 112.832216129000017, -8.043330142999935 ], [ 112.832083861000115, -8.043270929999949 ], [ 112.831711811000105, -8.043260628999974 ], [ 112.831616456, -8.043404580999947 ], [ 112.831052514000021, -8.043419056999937 ], [ 112.83029668100005, -8.04345830799997 ], [ 112.829384366000113, -8.043390608999971 ], [ 112.828747727000064, -8.043249916999969 ], [ 112.828243677000046, -8.043240199999957 ], [ 112.827992881000114, -8.043193195999947 ], [ 112.827476164000018, -8.043351261999931 ], [ 112.826792168000111, -8.04335430499998 ], [ 112.826835904000063, -8.044314688999975 ], [ 112.826301194000052, -8.044214663999981 ], [ 112.825545380000108, -8.044248588999949 ], [ 112.825366423000105, -8.043862990999969 ], [ 112.825233460000049, -8.043648289999965 ], [ 112.824980605000064, -8.043458043999976 ], [ 112.824667056000067, -8.043112577999977 ], [ 112.824341186000083, -8.042695402999925 ], [ 112.824100385000065, -8.042517062999934 ], [ 112.823727639000026, -8.042351268999937 ], [ 112.823307000000113, -8.04220960899994 ], [ 112.822946201000036, -8.042031799999961 ], [ 112.822753615000011, -8.041901087999975 ], [ 112.822452869000017, -8.041666667999948 ], [ 112.82222222300004, -8.041666667999948 ], [ 112.82194727000001, -8.041378395999971 ], [ 112.821370261000084, -8.041153701999974 ], [ 112.821081996000089, -8.041095176999931 ], [ 112.820661413000039, -8.040965473999961 ], [ 112.820289095000021, -8.040895358999933 ], [ 112.81997672500006, -8.040813018999927 ], [ 112.819664354000111, -8.040730677999932 ], [ 112.819340890000035, -8.040851716999953 ], [ 112.819017532000089, -8.040996676999953 ], [ 112.818622068000082, -8.041118034999954 ], [ 112.818310816, -8.041286861999936 ], [ 112.818071510000095, -8.041443409999943 ], [ 112.817795565000097, -8.041456591999975 ], [ 112.817267088000108, -8.041351283999973 ], [ 112.816703730000086, -8.041497303999961 ], [ 112.816163945000085, -8.041666668999937 ], [ 112.815719468000111, -8.041441851999934 ], [ 112.815310565, -8.041240327999958 ], [ 112.814925290000019, -8.040954972999941 ], [ 112.814635803000101, -8.04062135199996 ], [ 112.814478581000117, -8.040346949999957 ], [ 112.814357571000073, -8.040120230999946 ], [ 112.814176988000099, -8.039989459999958 ], [ 112.814020723000112, -8.039930346999938 ], [ 112.813661044000014, -8.040003698999953 ], [ 112.813421737000112, -8.040160244999981 ], [ 112.813181951000047, -8.040209145999938 ], [ 112.812917793000111, -8.040174428999933 ], [ 112.812641582000083, -8.040127804999941 ], [ 112.812437371000101, -8.040080862999957 ], [ 112.812251326000023, -8.039976412999977 ], [ 112.812041880000038, -8.039496959999951 ], [ 112.811892120000039, -8.039202029999956 ], [ 112.811640863000093, -8.039067713999941 ], [ 112.811202353000112, -8.039088382999978 ], [ 112.811193746000072, -8.038819194999974 ], [ 112.811133021000046, -8.038669951999964 ], [ 112.811203829000078, -8.038394482999934 ], [ 112.811328826000022, -8.038160717999972 ], [ 112.811630551, -8.037872298999957 ], [ 112.811866916000099, -8.037721745999931 ], [ 112.812154363000104, -8.037603871999977 ], [ 112.812447894000115, -8.037491935999981 ], [ 112.812732809000067, -8.037460758999941 ], [ 112.812921619, -8.037415091999947 ], [ 112.81304710500001, -8.037291873999948 ], [ 112.813122785000019, -8.036783168999932 ], [ 112.813125824000053, -8.036764173999927 ], [ 112.813035622000029, -8.036742118999939 ], [ 112.813013130000058, -8.036541278999948 ], [ 112.812954638000065, -8.036340595999945 ], [ 112.812781013000063, -8.036154774999943 ], [ 112.812621500000091, -8.035904302999938 ], [ 112.812577314, -8.03568202799994 ], [ 112.812547750000022, -8.035509923999939 ], [ 112.812524908000114, -8.035230143999968 ], [ 112.81237361500007, -8.035209281999926 ], [ 112.812165042000061, -8.03526043599993 ], [ 112.811947742000029, -8.035300805999952 ], [ 112.811910112000078, -8.035117416999981 ], [ 112.812091150000015, -8.034786954999959 ], [ 112.812318217000097, -8.034547225999972 ], [ 112.812523354000064, -8.034523632999935 ], [ 112.813071563000108, -8.034680307999963 ], [ 112.813124641000059, -8.034704219999981 ], [ 112.812947789000077, -8.034797692999973 ], [ 112.812897677000024, -8.034862501999953 ], [ 112.812804716000073, -8.03500644099995 ], [ 112.81276234500001, -8.035193214999936 ], [ 112.812799204000044, -8.035386815999971 ], [ 112.813137853000057, -8.035442733999957 ], [ 112.81329625, -8.035442035999949 ], [ 112.813418560000059, -8.035439007999969 ], [ 112.81348549300003, -8.035355255999946 ], [ 112.813568944000053, -8.035232223999969 ], [ 112.813568692000104, -8.035175457999969 ], [ 112.813499425000032, -8.035106974999962 ], [ 112.813402936000102, -8.035005707999971 ], [ 112.813372571000059, -8.034922137999956 ], [ 112.81337333700003, -8.034912865999956 ], [ 112.81426690100011, -8.035007475999976 ], [ 112.814468880000049, -8.035092701999929 ], [ 112.814743878000058, -8.035407250999981 ], [ 112.81487513400009, -8.035779845999969 ], [ 112.814862584000025, -8.036196133999965 ], [ 112.814692147000073, -8.03672794199997 ], [ 112.814636461000077, -8.037158772999931 ], [ 112.814811810000037, -8.037732112999947 ], [ 112.815189843000098, -8.038548555999967 ], [ 112.815436172000091, -8.03889193599997 ], [ 112.815652617000069, -8.038991449999969 ], [ 112.816056834000051, -8.039219308999975 ], [ 112.816334523000023, -8.039429735999931 ], [ 112.816683584000089, -8.039667406999968 ], [ 112.817151580000086, -8.039665336999974 ], [ 112.817739628000027, -8.039674696999953 ], [ 112.818111784000052, -8.03970893199994 ], [ 112.81879455100011, -8.039430814999946 ], [ 112.819166281000093, -8.03936936599996 ], [ 112.819346012000096, -8.039308766999966 ], [ 112.819512464000013, -8.038961169999936 ], [ 112.81957134400011, -8.038709734999941 ], [ 112.819763075000083, -8.038649082999939 ], [ 112.820148030000041, -8.038862669999958 ], [ 112.820496025000011, -8.038861127999951 ], [ 112.8206630090001, -8.03863313599993 ], [ 112.821046417000048, -8.038499868999963 ], [ 112.820951272000116, -8.038691661999962 ], [ 112.820963965000033, -8.038847093999948 ], [ 112.821192176000068, -8.038893924999968 ], [ 112.821540064000033, -8.038868461999925 ], [ 112.821732329000042, -8.038927412999954 ], [ 112.82198517900008, -8.039117662999956 ], [ 112.822321976000012, -8.039295578999941 ], [ 112.822406936000107, -8.039510493999956 ], [ 112.822240273000034, -8.03981024999996 ], [ 112.822781762000091, -8.040142745999958 ], [ 112.823152796000045, -8.039925807999964 ], [ 112.823489433000077, -8.040067841999928 ], [ 112.823526982000089, -8.040414533999979 ], [ 112.823515677000046, -8.040570072999969 ], [ 112.824021008000045, -8.040866845999972 ], [ 112.824046003000035, -8.040872354999976 ], [ 112.824380576000067, -8.040769563999959 ], [ 112.824702808000097, -8.040373431999967 ], [ 112.824810272000036, -8.040253347999965 ], [ 112.824689418000048, -8.040062514999931 ], [ 112.824328781000077, -8.039920587999973 ], [ 112.824076090000062, -8.039766221999969 ], [ 112.823751346000108, -8.039600213999961 ], [ 112.823426762000054, -8.039470087999973 ], [ 112.822897487000091, -8.039185379999935 ], [ 112.822608156000115, -8.038887646999967 ], [ 112.822258613000031, -8.038542337999957 ], [ 112.821752966000076, -8.038173799999981 ], [ 112.821512062000011, -8.03797153599993 ], [ 112.82115206800006, -8.037973131999934 ], [ 112.820684075000031, -8.037975204999952 ], [ 112.820228082000085, -8.037977224999963 ], [ 112.819880194, -8.03800268699996 ], [ 112.819627985000011, -8.037955960999966 ], [ 112.819339403000072, -8.03782567199994 ], [ 112.819003035000037, -8.037743435999971 ], [ 112.818547361000014, -8.037817215999951 ], [ 112.818188006000014, -8.037962334999975 ], [ 112.818055794000088, -8.03791507699998 ], [ 112.817923157000109, -8.037772134999955 ], [ 112.817693403000021, -8.037378448999959 ], [ 112.817548554000041, -8.037187717999927 ], [ 112.817284451000091, -8.037164964999931 ], [ 112.817140986000027, -8.037285205999979 ], [ 112.817154476000042, -8.037620045999972 ], [ 112.817119914000045, -8.037943136999957 ], [ 112.817025778000016, -8.038362177999943 ], [ 112.816835803000117, -8.038817523999967 ], [ 112.816752979000057, -8.038911924999979 ], [ 112.816298439000093, -8.038500598999974 ], [ 112.816023565000023, -8.038214756999935 ], [ 112.815748564000046, -8.037900209999975 ], [ 112.815774747000091, -8.037311626999951 ], [ 112.815686752000033, -8.036953194999967 ], [ 112.815626983000016, -8.036465461999967 ], [ 112.815931583000065, -8.035880433999978 ], [ 112.815997718000062, -8.035640927999964 ], [ 112.816016067000078, -8.03544947599994 ], [ 112.816120941, -8.035286346999953 ], [ 112.816148805000012, -8.035075714999948 ], [ 112.816061513000022, -8.034875160999945 ], [ 112.816060279000112, -8.034597677999955 ], [ 112.815925499000059, -8.034512156999938 ], [ 112.815676202000077, -8.034580237999933 ], [ 112.815283291000014, -8.034735069999954 ], [ 112.815091337000013, -8.034745485999963 ], [ 112.814850959000069, -8.034660429999974 ], [ 112.814427633000037, -8.034451789999935 ], [ 112.814330615000017, -8.034222571999976 ], [ 112.814588407000087, -8.033905671999946 ], [ 112.81454937, -8.033762314999933 ], [ 112.81425058700006, -8.033495713999969 ], [ 112.814460252000117, -8.033150319999947 ], [ 112.814757292000081, -8.033024617999956 ], [ 112.81523677000007, -8.032907678999948 ], [ 112.815514823000058, -8.032829902999936 ], [ 112.815888618000031, -8.032694291999974 ], [ 112.81604178900011, -8.032597929999952 ], [ 112.81629070200006, -8.032443733999969 ], [ 112.816492424000103, -8.032471548999979 ], [ 112.816541699000027, -8.032758387999934 ], [ 112.816715005000106, -8.032872444999953 ], [ 112.817214235000051, -8.032879807999961 ], [ 112.817626684000061, -8.032801435999943 ], [ 112.817712358000108, -8.032638391999967 ], [ 112.817568149000067, -8.03259118699998 ], [ 112.817423982000037, -8.032553549999932 ], [ 112.817126390000112, -8.032554864999952 ], [ 112.816962939000064, -8.032498175999933 ], [ 112.816962386000114, -8.032373786999926 ], [ 112.817115343000069, -8.032229582999946 ], [ 112.817296972, -8.032056545999978 ], [ 112.817296504000069, -8.031951293999953 ], [ 112.817267662000063, -8.031941852999978 ], [ 112.816950829, -8.031933683999966 ], [ 112.816653280000082, -8.031944566999925 ], [ 112.816442213000073, -8.031974204999926 ], [ 112.816250516000082, -8.032042031999936 ], [ 112.815991791000101, -8.03214842899996 ], [ 112.815675383000098, -8.032235942999932 ], [ 112.815301375000104, -8.032323710999947 ], [ 112.81499516100007, -8.032545139999968 ], [ 112.814592056000038, -8.032566055999951 ], [ 112.814122815000019, -8.032826476999958 ], [ 112.813998868000112, -8.033018395999932 ], [ 112.813941864000071, -8.033152606999977 ], [ 112.81396187100006, -8.033334321999973 ], [ 112.813858100000061, -8.033746227999927 ], [ 112.813791879000064, -8.033966597999949 ], [ 112.813687938000044, -8.034340230999931 ], [ 112.813431004000108, -8.034571967999966 ], [ 112.813412787000061, -8.034512207999967 ], [ 112.813292263000108, -8.034405171999936 ], [ 112.813066642000081, -8.034262622999961 ], [ 112.812937474000023, -8.034230288999936 ], [ 112.81275753400007, -8.034251962999974 ], [ 112.812514591000081, -8.034268039999972 ], [ 112.812370783, -8.034307542999954 ], [ 112.812163842000018, -8.034329335999928 ], [ 112.811998737000067, -8.034306198999957 ], [ 112.811731386000019, -8.034232621999934 ], [ 112.811529974000109, -8.034134799999947 ], [ 112.811157345000083, -8.034001845999967 ], [ 112.810826871000017, -8.033895643999927 ], [ 112.810613535000016, -8.033824810999931 ], [ 112.810337157000049, -8.033739340999944 ], [ 112.810208082000031, -8.033727976999955 ], [ 112.810037139000087, -8.033737677999966 ], [ 112.809926289000032, -8.033771069999943 ], [ 112.80962364200002, -8.03386803799998 ], [ 112.809438438000029, -8.034001983999929 ], [ 112.809107311000048, -8.033476511999936 ], [ 112.810184904000039, -8.032933535999973 ], [ 112.811718908000103, -8.03248423399998 ], [ 112.811568658000056, -8.031824108999956 ], [ 112.811542148000058, -8.031836859999942 ], [ 112.811389403000021, -8.031901801999936 ], [ 112.811260587000106, -8.031948740999951 ], [ 112.811234516000013, -8.031960372999947 ], [ 112.811136074000046, -8.031781121999927 ], [ 112.810842240000056, -8.031818297999962 ], [ 112.81066097300004, -8.031532037999966 ], [ 112.810134125000104, -8.031791513999963 ], [ 112.810105159000045, -8.03202487599998 ], [ 112.809241630000088, -8.032130341999959 ], [ 112.809263882000096, -8.031735538999953 ], [ 112.808673029000033, -8.031570966999936 ], [ 112.808677195000087, -8.031509860999961 ], [ 112.808637622000106, -8.031390444999943 ], [ 112.808486745000096, -8.031184739999958 ], [ 112.808427993, -8.031092964999971 ], [ 112.808211838000034, -8.030755313999975 ], [ 112.808189245000108, -8.030715323999971 ], [ 112.808538587000044, -8.030646951999927 ], [ 112.80878296800006, -8.030552582999974 ], [ 112.808912406000104, -8.030516131999946 ], [ 112.809042161000093, -8.030551442999979 ], [ 112.809036105000018, -8.030809821999981 ], [ 112.8094113840001, -8.031009111999936 ], [ 112.809603682000102, -8.030534619999969 ], [ 112.809942263000039, -8.03057618899993 ], [ 112.810165489000042, -8.030582383999956 ], [ 112.810410219, -8.030566953999937 ], [ 112.810863170000061, -8.030421430999979 ], [ 112.811035869000079, -8.030399140999975 ], [ 112.811187192000034, -8.030427180999936 ], [ 112.811418063000019, -8.030533810999941 ], [ 112.811504524000043, -8.030547782999975 ], [ 112.81164138400004, -8.030561532999968 ], [ 112.8117202950001, -8.030496597999957 ], [ 112.811784171000113, -8.030288198999926 ], [ 112.812496504000023, -8.030184590999966 ], [ 112.813172328000064, -8.029966319999971 ], [ 112.813134847000015, -8.029666214999963 ], [ 112.813085114000046, -8.029677345999971 ], [ 112.812800399000025, -8.029735367999933 ], [ 112.812521593000042, -8.029793453999957 ], [ 112.812230921000037, -8.029857557999946 ], [ 112.811889124000118, -8.029912846999935 ], [ 112.811670298000081, -8.029952679999951 ], [ 112.811484469000106, -8.029995350999968 ], [ 112.811238510000067, -8.03000547299996 ], [ 112.811085440000056, -8.029997107999975 ], [ 112.810935363000112, -8.029988819999971 ], [ 112.810791837000011, -8.029983505999951 ], [ 112.810858451000058, -8.029629515999943 ], [ 112.811062539000091, -8.028671604999943 ], [ 112.810618913000098, -8.028649789999974 ], [ 112.810354922000101, -8.028650951999964 ], [ 112.809961568000062, -8.028705309999964 ], [ 112.809534699000096, -8.028778951999925 ], [ 112.809371780000106, -8.028841863999958 ], [ 112.809218650000048, -8.02894779199994 ], [ 112.808907274000035, -8.029087905999972 ], [ 112.808782626000038, -8.02912194399994 ], [ 112.808629115000031, -8.029141755999945 ], [ 112.808558515000072, -8.029457830999945 ], [ 112.808304249000116, -8.029487653999979 ], [ 112.808049772000118, -8.029469634999941 ], [ 112.807896071000073, -8.029446388999929 ], [ 112.807669948000012, -8.029327775999946 ], [ 112.807223223000051, -8.029253188999974 ], [ 112.807059901000116, -8.029225200999974 ], [ 112.80694483100001, -8.029254411999943 ], [ 112.806858920000082, -8.029364828999974 ], [ 112.806916899000043, -8.029450690999965 ], [ 112.807080369, -8.029512168999929 ], [ 112.807080602000042, -8.029564795999931 ], [ 112.806917386, -8.029560727999979 ], [ 112.806758884000033, -8.029537502999972 ], [ 112.806557248000104, -8.029528819999939 ], [ 112.806398873000035, -8.029534299999966 ], [ 112.806293086000096, -8.029491704999941 ], [ 112.806172519000029, -8.029363057999944 ], [ 112.805970798000089, -8.029335237999931 ], [ 112.805827076000014, -8.029398064999953 ], [ 112.805683207000015, -8.029427401999953 ], [ 112.805519927000091, -8.02940898199995 ], [ 112.805356563000032, -8.029371423999976 ], [ 112.805106716000068, -8.029315108999981 ], [ 112.804880763000028, -8.029234766999934 ], [ 112.804669379000075, -8.029192634999958 ], [ 112.804482206000102, -8.02919824099996 ], [ 112.804395893000105, -8.029217756999969 ], [ 112.804241579000063, -8.029055766999932 ], [ 112.804043897000042, -8.028855691999979 ], [ 112.803702495000039, -8.028718443999935 ], [ 112.803110803000095, -8.028424409999957 ], [ 112.802745128000083, -8.028225070999952 ], [ 112.802369789000068, -8.028011420999974 ], [ 112.802157625000063, -8.027792271999942 ], [ 112.801905924000039, -8.027314941999975 ], [ 112.801904743000023, -8.027047025999934 ], [ 112.801961140000117, -8.026774072999956 ], [ 112.802089533000071, -8.026500803999966 ], [ 112.802136435000079, -8.026251813999977 ], [ 112.801607462000106, -8.026029266999956 ], [ 112.801363514000059, -8.02622170799998 ], [ 112.801181605000011, -8.026332542999967 ], [ 112.800951212000086, -8.026333551999926 ], [ 112.800667979000082, -8.026325221999969 ], [ 112.800375084000052, -8.026302581999971 ], [ 112.800183385000082, -8.026370400999951 ], [ 112.800030106, -8.026442836999934 ], [ 112.799814386000094, -8.026505975999953 ], [ 112.799569679000115, -8.026526183999977 ], [ 112.799580021000111, -8.026132823999944 ], [ 112.799691029000087, -8.026135321999959 ], [ 112.799990515000104, -8.026017403999958 ], [ 112.800161215000116, -8.025935935999939 ], [ 112.800640709000049, -8.02582916199998 ], [ 112.800766698000075, -8.025819661999947 ], [ 112.801294534000021, -8.025769442999945 ], [ 112.801510355, -8.025726645999953 ], [ 112.801699202, -8.025689932999967 ], [ 112.801858069000104, -8.025656334999951 ], [ 112.801761639, -8.025567085999967 ], [ 112.801664957000071, -8.025420980999968 ], [ 112.801592070000083, -8.025208964999933 ], [ 112.801543393000088, -8.025059666999937 ], [ 112.80141981700001, -8.024937633999969 ], [ 112.801322934000041, -8.024728705999962 ], [ 112.801250196000069, -8.024567489999981 ], [ 112.801177968000047, -8.024505072999943 ], [ 112.801003435000098, -8.024395194999954 ], [ 112.800771866000105, -8.024258628999974 ], [ 112.80066953100004, -8.024187303999952 ], [ 112.800672358000043, -8.024149867999938 ], [ 112.801190921000057, -8.02337012199996 ], [ 112.801226761000066, -8.023322146999931 ], [ 112.801358170000071, -8.023201980999943 ], [ 112.801472125000032, -8.023177527999962 ], [ 112.801832476000072, -8.023259655999937 ], [ 112.802144726000051, -8.023306107999929 ], [ 112.802570545000094, -8.023274413999957 ], [ 112.803014253000015, -8.023194731999979 ], [ 112.803673678000109, -8.023066195999945 ], [ 112.804171359000065, -8.022980310999969 ], [ 112.804854634000094, -8.022815782999942 ], [ 112.805399993000037, -8.022669846999975 ], [ 112.805759573000046, -8.02256061099996 ], [ 112.806124983000018, -8.022433451999973 ], [ 112.806376535000027, -8.022318723999945 ], [ 112.806586005000099, -8.022210145999964 ], [ 112.806992889000071, -8.021939258999964 ], [ 112.807345564000116, -8.021638598999971 ], [ 112.807537003000107, -8.02151220199994 ], [ 112.807728284000063, -8.021349919999977 ], [ 112.808003425000038, -8.02115725799996 ], [ 112.80825492200006, -8.021030597999982 ], [ 112.808745748000092, -8.020765306999976 ], [ 112.80902697700003, -8.020596572999978 ], [ 112.809086882000088, -8.020578411999963 ], [ 112.809667836000017, -8.02033062199996 ], [ 112.80980559000011, -8.020276141999943 ], [ 112.80996171400011, -8.02029940999995 ], [ 112.810099575000095, -8.020268883999961 ], [ 112.810614724000061, -8.020075256999974 ], [ 112.81105789500009, -8.019875979999938 ], [ 112.811231492000047, -8.019791421999969 ], [ 112.81157870800007, -8.019610463999982 ], [ 112.812213500000098, -8.019326638999928 ], [ 112.812453674000039, -8.019222771999978 ], [ 112.812781750000113, -8.019744551999963 ], [ 112.813256160000037, -8.019570228999953 ], [ 112.81373050600007, -8.01938155299996 ], [ 112.813988483000117, -8.019107712999926 ], [ 112.814031585000066, -8.019085992999976 ], [ 112.814347825000027, -8.018962600999942 ], [ 112.814623637000068, -8.019463736999967 ], [ 112.814968994000083, -8.019411979999973 ], [ 112.814601278000055, -8.018302494999944 ], [ 112.815057979000017, -8.018076089999965 ], [ 112.815332990000115, -8.018692732999966 ], [ 112.815872161000016, -8.018510945999935 ], [ 112.816381451000098, -8.018085290999977 ], [ 112.816645988, -8.017667891999963 ], [ 112.817033139000046, -8.017300186999933 ], [ 112.817312614000116, -8.017004720999978 ], [ 112.817714641000066, -8.016744595999967 ], [ 112.818246481000074, -8.016534133999926 ], [ 112.818268367000087, -8.016598624999972 ], [ 112.818469890000074, -8.016583382999954 ], [ 112.818562655000051, -8.01639638599994 ], [ 112.818736176000016, -8.016560677999962 ], [ 112.819211408000115, -8.016572932999964 ], [ 112.819210388000101, -8.016343291999931 ], [ 112.819878171000028, -8.016319550999981 ], [ 112.819992048000017, -8.016295093999929 ], [ 112.820027991000075, -8.016271070999949 ], [ 112.820201823000048, -8.016240382999968 ], [ 112.820258708000097, -8.016216177999979 ], [ 112.820326950000094, -8.016481888999976 ], [ 112.82082299800004, -8.016278044999979 ], [ 112.820847366000066, -8.016358657999945 ], [ 112.820853894000038, -8.016481201999966 ], [ 112.820558356000106, -8.016710511999975 ], [ 112.820235399000012, -8.016941583999937 ], [ 112.819862428000079, -8.017258993999974 ], [ 112.81957559500006, -8.017518610999957 ], [ 112.819843892000108, -8.01794801099993 ], [ 112.820081445000028, -8.017939784999953 ], [ 112.820748735000052, -8.017427311999938 ], [ 112.821215651000102, -8.017188425999962 ], [ 112.821193254000036, -8.017009114999951 ], [ 112.821732132000079, -8.016762734999929 ], [ 112.821506967, -8.016318792999925 ], [ 112.82198203900009, -8.016295163999928 ], [ 112.82204721800008, -8.016380991999938 ], [ 112.822601292000058, -8.016313953999941 ], [ 112.823069227000019, -8.01630470799995 ], [ 112.823557962000109, -8.016115958999933 ], [ 112.824520391000078, -8.015594997999926 ], [ 112.824285629000087, -8.015242284999943 ], [ 112.824506885, -8.015061875999947 ], [ 112.82454885900006, -8.015010609999933 ], [ 112.824757498000054, -8.014755781999952 ], [ 112.824883041000021, -8.01464756799993 ], [ 112.82520661, -8.014550499999928 ], [ 112.825458315000105, -8.014489544999947 ], [ 112.825752345000069, -8.014494208999963 ], [ 112.826232355000116, -8.014492081999947 ], [ 112.826646431000086, -8.01451420099994 ], [ 112.826862320000032, -8.014489289999972 ], [ 112.827138139000112, -8.014452180999967 ], [ 112.827348153000116, -8.014451249999979 ], [ 112.82760620800002, -8.014456071999973 ], [ 112.827846160000036, -8.014443075999964 ], [ 112.828109937000022, -8.014406019999967 ], [ 112.828673642000012, -8.014337713999964 ], [ 112.828949402000035, -8.014270683999939 ], [ 112.829362916000036, -8.014167247999978 ], [ 112.829734311000038, -8.014028021999934 ], [ 112.829778426000075, -8.014016969999943 ], [ 112.829790452000111, -8.014186589999952 ], [ 112.830169408000074, -8.014137064999943 ], [ 112.830171805000077, -8.013918421999961 ], [ 112.830513663000033, -8.01388101799995 ], [ 112.830837337000048, -8.01383875099998 ], [ 112.830849582000042, -8.014076039999964 ], [ 112.831099419000111, -8.014132340999936 ], [ 112.831402051000055, -8.014188406999949 ], [ 112.831637404000048, -8.014225634999946 ], [ 112.83163228300009, -8.014153893999946 ], [ 112.832155184000044, -8.014094158999967 ], [ 112.832495957000106, -8.014092643999959 ], [ 112.832735766000042, -8.014053303999958 ], [ 112.833014037000112, -8.014028144999941 ], [ 112.833268245000113, -8.013988740999935 ], [ 112.833493527000087, -8.013920758999973 ], [ 112.833589219000032, -8.013853353999934 ], [ 112.83394961800002, -8.013947435999967 ], [ 112.834024138000018, -8.013850858999945 ], [ 112.834138568000071, -8.013934052999957 ], [ 112.834197171000028, -8.013972621999926 ], [ 112.834310461000086, -8.013926252999966 ], [ 112.834513989000015, -8.013823681999952 ], [ 112.834903742000051, -8.013774104999925 ], [ 112.835377515, -8.013730133999957 ], [ 112.835389005000025, -8.013616456999955 ], [ 112.835544858000048, -8.013585860999967 ], [ 112.835531760000094, -8.013340727999946 ], [ 112.835861357000113, -8.013255535999974 ], [ 112.835866070000066, -8.012968460999957 ], [ 112.835746, -8.012951053999927 ], [ 112.835656061, -8.012963415999934 ], [ 112.835404082000082, -8.012964537999949 ], [ 112.835193752, -8.012887729999932 ], [ 112.834884595000062, -8.012859570999979 ], [ 112.83477804000006, -8.012977019999937 ], [ 112.834659894000083, -8.012858251999944 ], [ 112.834397541000044, -8.01299635099997 ], [ 112.834339071000045, -8.013027128999965 ], [ 112.834117469000034, -8.013145890999965 ], [ 112.833944990000077, -8.012914059999957 ], [ 112.834060288000046, -8.012804317999951 ], [ 112.834268241000018, -8.012677837999945 ], [ 112.8346466160001, -8.012427936999927 ], [ 112.835108787000081, -8.012117822999926 ], [ 112.835232909000069, -8.01204396199995 ], [ 112.835487234000084, -8.01188437299993 ], [ 112.835705724000036, -8.011772759999928 ], [ 112.835993285000086, -8.011669787999949 ], [ 112.836361992000093, -8.011599357999955 ], [ 112.836562813000114, -8.011550645999932 ], [ 112.83686823000005, -8.011426622999977 ], [ 112.837260474000118, -8.011251502999926 ], [ 112.837523772000054, -8.011091781999937 ], [ 112.837763022000104, -8.010923308999963 ], [ 112.837880745, -8.010836697999935 ], [ 112.837702088000015, -8.010538701999963 ], [ 112.83745555500002, -8.010149874999968 ], [ 112.837272357000074, -8.010159832999932 ], [ 112.837360461000117, -8.010348854999961 ], [ 112.837168715000075, -8.01040233599997 ], [ 112.837024363000069, -8.010321646999955 ], [ 112.836870777000058, -8.01032233199993 ], [ 112.836812496000107, -8.010169495999946 ], [ 112.836720683000067, -8.010031161999962 ], [ 112.836835636000046, -8.009978022999974 ], [ 112.837041502000034, -8.00986228499994 ], [ 112.837102743000059, -8.009825285999966 ], [ 112.836978078000016, -8.009632923999959 ], [ 112.837217562000092, -8.009521819999975 ], [ 112.837586613000099, -8.009405353999966 ], [ 112.837683612000092, -8.009629780999944 ], [ 112.837867326000037, -8.009955959999957 ], [ 112.838070666000021, -8.010316984999974 ], [ 112.83823553000002, -8.010523325999941 ], [ 112.838420750000068, -8.010341514999936 ], [ 112.838711047000061, -8.010485777999975 ], [ 112.838824453000029, -8.010582600999953 ], [ 112.839250000000106, -8.01091 ], [ 112.839498496000033, -8.01104844799994 ], [ 112.839767529000028, -8.011104657999965 ], [ 112.840362458000072, -8.011219679999954 ], [ 112.840718315000117, -8.010969965999948 ], [ 112.840880068000047, -8.010915369999964 ], [ 112.840936041000077, -8.010525335999944 ], [ 112.841001601000016, -8.010161441999969 ], [ 112.84090436300005, -8.009884391999947 ], [ 112.840702009000097, -8.009713062999936 ], [ 112.840528538000058, -8.009560741999962 ], [ 112.840403750000064, -8.009561298999927 ], [ 112.840097589000038, -8.009575957999971 ], [ 112.839757746000032, -8.009783195999944 ], [ 112.839444298000103, -8.009566768999946 ], [ 112.839371156000084, -8.009600301999967 ], [ 112.839101810000102, -8.009745045999978 ], [ 112.839056317000086, -8.009640574999935 ], [ 112.838994752000076, -8.009287958999948 ], [ 112.838977683000053, -8.00921623499994 ], [ 112.839395031000095, -8.009172432999947 ], [ 112.839448277000088, -8.00927266399998 ], [ 112.839665984000021, -8.009235077999961 ], [ 112.83963940700005, -8.009114996999926 ], [ 112.839951197, -8.009040777999928 ], [ 112.840028548000078, -8.009164822999935 ], [ 112.840608647000067, -8.009018706999939 ], [ 112.840636929000084, -8.008903759999953 ], [ 112.840828587000033, -8.008831140999973 ], [ 112.840880193000089, -8.009003998999958 ], [ 112.841186046000075, -8.008886422999979 ], [ 112.841086687000029, -8.008590777999927 ], [ 112.841431737000107, -8.008474415999956 ], [ 112.841700274, -8.008420590999947 ], [ 112.841770444000076, -8.00874921999997 ], [ 112.842127334000111, -8.008729728999981 ], [ 112.84231623200003, -8.008707913999956 ], [ 112.842502086000081, -8.008674180999947 ], [ 112.842699966000055, -8.008637410999938 ], [ 112.842966642000079, -8.008564448999948 ], [ 112.843164381000065, -8.008512764999978 ], [ 112.843542144000025, -8.008445270999971 ], [ 112.843725046000031, -8.008420499999943 ], [ 112.844042902000069, -8.008386175999931 ], [ 112.844330821000085, -8.008364007999944 ], [ 112.84460075700008, -8.008350868999969 ], [ 112.844918666000012, -8.008328475999974 ], [ 112.845338521000031, -8.008290712999951 ], [ 112.845716276000076, -8.008238221999932 ], [ 112.845941201000073, -8.008228175999932 ], [ 112.846307139000032, -8.008208640999953 ], [ 112.84644210600004, -8.008202070999971 ], [ 112.846556160000091, -8.008201559999975 ], [ 112.846881651000103, -8.008285070999932 ], [ 112.847061282000027, -8.008305535999966 ], [ 112.847123648000093, -8.008312640999975 ], [ 112.847333763000051, -8.008335563999935 ], [ 112.847849801000052, -8.008348256999966 ], [ 112.848134836000099, -8.008349962999944 ], [ 112.84824285500008, -8.008354721999979 ], [ 112.848638458000096, -8.00826318999998 ], [ 112.848775958000033, -8.008154916999956 ], [ 112.848919921000061, -8.008136373999946 ], [ 112.849075931000016, -8.008135674999949 ], [ 112.849195568000027, -8.008063367999966 ], [ 112.849243124000054, -8.007961463999948 ], [ 112.849331821000078, -8.007662050999954 ], [ 112.849372751000033, -8.00743453299998 ], [ 112.849528194000072, -8.00730828199994 ], [ 112.849833771000021, -8.007205220999936 ], [ 112.850020122000046, -8.007282121999935 ], [ 112.850284828000099, -8.007436407999933 ], [ 112.850500980000106, -8.007471323999937 ], [ 112.850801147000084, -8.007511918999967 ], [ 112.850951119000115, -8.007499223999957 ], [ 112.851262659000099, -8.007408157999976 ], [ 112.851478480000083, -8.007353315999978 ], [ 112.851993474000096, -8.007135691999963 ], [ 112.852244701000018, -8.006955136999977 ], [ 112.85255534700002, -8.006666658999961 ], [ 112.852656927000112, -8.006570567999972 ], [ 112.852872213000069, -8.006414037999946 ], [ 112.852962177000109, -8.006395735999945 ], [ 112.853135892000068, -8.006341082999938 ], [ 112.853279367000027, -8.006214884999963 ], [ 112.853452730000072, -8.006082495999976 ], [ 112.853620374000116, -8.005992074999938 ], [ 112.853800362000015, -8.005985209999949 ], [ 112.854028182000093, -8.005954356999951 ], [ 112.854171954000094, -8.005893871999945 ], [ 112.854411490000075, -8.005791104999957 ], [ 112.854711250000037, -8.00574194099994 ], [ 112.854969350000033, -8.00575867799995 ], [ 112.855347249000033, -8.005739080999945 ], [ 112.855599096000105, -8.005696006999926 ], [ 112.855862726000055, -8.005629106999947 ], [ 112.856174147000047, -8.005496095999945 ], [ 112.856491388000109, -8.005327173999945 ], [ 112.856575104000058, -8.00526704899994 ], [ 112.856694543000117, -8.005134901999952 ], [ 112.856856047000065, -8.005026518999955 ], [ 112.857065591000037, -8.004923885999972 ], [ 112.857430682000086, -8.004718861999947 ], [ 112.857568423000089, -8.004664459999958 ], [ 112.857709129000114, -8.004571837999947 ], [ 112.857654973000081, -8.005149309999979 ], [ 112.858261720000087, -8.005591505999973 ], [ 112.858723833000113, -8.005890827999963 ], [ 112.859056296000063, -8.006176379999943 ], [ 112.859418534000042, -8.006677085999968 ], [ 112.859580692, -8.007508800999972 ], [ 112.859332491000032, -8.00814524599997 ], [ 112.859032134000017, -8.008062807999977 ], [ 112.858743906000086, -8.008016289999944 ], [ 112.858378108000011, -8.008065754999961 ], [ 112.85816176600008, -8.007988993999959 ], [ 112.857884983000076, -8.007810813999981 ], [ 112.857284276000087, -8.007664012999953 ], [ 112.856768201000023, -8.007642381999972 ], [ 112.856606047000014, -8.007607226999937 ], [ 112.856509748, -8.00754791199995 ], [ 112.856419696000103, -8.007530328999962 ], [ 112.856335444000024, -8.007488856999942 ], [ 112.856221357000095, -8.007465416999935 ], [ 112.856113471000072, -8.00748985599995 ], [ 112.856005666000101, -8.007532191999928 ], [ 112.855849684000077, -8.007538859999954 ], [ 112.855675618000078, -8.007515779999949 ], [ 112.855303430000049, -8.007475602999932 ], [ 112.855027682000014, -8.007542557999955 ], [ 112.854860330000065, -8.007680885999946 ], [ 112.854825358000085, -8.00790232099996 ], [ 112.854778426000053, -8.00814179799994 ], [ 112.854563384000016, -8.008352110999965 ], [ 112.854426460000013, -8.008603923999942 ], [ 112.854295155000045, -8.008742089999942 ], [ 112.854175146000102, -8.008748594999929 ], [ 112.853952632000073, -8.008630007999955 ], [ 112.853795404000039, -8.008361528999956 ], [ 112.853799629000036, -8.007972736999932 ], [ 112.853799034000076, -8.007841219999932 ], [ 112.853696562000096, -8.007739990999937 ], [ 112.853546638000012, -8.007746629999929 ], [ 112.85318140600009, -8.007921731999943 ], [ 112.853044015000023, -8.00805386899998 ], [ 112.853002579000076, -8.008185664999928 ], [ 112.852991370000041, -8.008353210999928 ], [ 112.852955836000092, -8.008466991999967 ], [ 112.852710639000065, -8.00864155499994 ], [ 112.852453861000072, -8.008917768999936 ], [ 112.852119531000085, -8.009278123999934 ], [ 112.851993998000012, -8.00938634399995 ], [ 112.851959004000037, -8.009619801999975 ], [ 112.851799146000076, -8.01009299499998 ], [ 112.851751504000049, -8.010159013999953 ], [ 112.851632251000069, -8.010333010999943 ], [ 112.851598169000113, -8.010751765999942 ], [ 112.851527174000012, -8.010979418999966 ], [ 112.851341362000085, -8.011022104999938 ], [ 112.851203159000079, -8.010974817999966 ], [ 112.851136661000055, -8.010873516999936 ], [ 112.850847674000079, -8.010659501999953 ], [ 112.850571728000091, -8.010666705999938 ], [ 112.850385970000048, -8.010721322999927 ], [ 112.850122450000072, -8.010830161999934 ], [ 112.84993054600011, -8.010849009999959 ], [ 112.848502462000056, -8.010843392999959 ], [ 112.847986651000042, -8.010881590999929 ], [ 112.847584980000079, -8.010955161999959 ], [ 112.84729823300006, -8.011237564999931 ], [ 112.847106464000035, -8.011286330999951 ], [ 112.846788459000095, -8.011287755999945 ], [ 112.845918538000092, -8.011315514999978 ], [ 112.845655285000021, -8.011484189999976 ], [ 112.845380281000075, -8.01170073399993 ], [ 112.84502649500007, -8.011762155999975 ], [ 112.844630322000057, -8.011728043999938 ], [ 112.844468192000022, -8.01169884899997 ], [ 112.844179853000014, -8.011628367999947 ], [ 112.843999909000104, -8.01162917299996 ], [ 112.84380240400003, -8.011749644999952 ], [ 112.843736924000041, -8.011857593999935 ], [ 112.843617936000101, -8.012091427999962 ], [ 112.843619497000077, -8.01243825399996 ], [ 112.843644500000096, -8.012659420999967 ], [ 112.843819452000048, -8.012862019999943 ], [ 112.843976736000059, -8.013160331999927 ], [ 112.843953449000082, -8.013303978999943 ], [ 112.843882154000084, -8.013465827999937 ], [ 112.843649731000028, -8.01365268099994 ] ], [ [ 112.822803011000019, -8.028784096999971 ], [ 112.822723130000099, -8.02848251599994 ], [ 112.822683331, -8.028499327999953 ], [ 112.822413752000102, -8.028596247999928 ], [ 112.822132125000053, -8.028675232999944 ], [ 112.821694745000059, -8.028814656999941 ], [ 112.821364920000065, -8.028869991999954 ], [ 112.820969597000044, -8.028997839999931 ], [ 112.820933523, -8.029009478999967 ], [ 112.820705870000097, -8.029082258999949 ], [ 112.820687845000066, -8.029082337999967 ], [ 112.820519884000078, -8.029089047999946 ], [ 112.820435890000113, -8.029089418999945 ], [ 112.820057722000115, -8.029055205999953 ], [ 112.820069646000093, -8.029028758999971 ], [ 112.820114198000056, -8.028938891999928 ], [ 112.820120975, -8.028855420999946 ], [ 112.819999951000113, -8.02882382599995 ], [ 112.819834101000083, -8.028767147999929 ], [ 112.819682620000094, -8.028703229999962 ], [ 112.819423270000016, -8.028668494999977 ], [ 112.819365672000117, -8.028668749999952 ], [ 112.819236364000062, -8.028733908999925 ], [ 112.819071441, -8.028885342999956 ], [ 112.818741371000101, -8.029137976999948 ], [ 112.818446820000077, -8.029282806999959 ], [ 112.818274409000082, -8.029369685999939 ], [ 112.818101871000067, -8.029427859999942 ], [ 112.818022641000084, -8.029421033999938 ], [ 112.817907733000084, -8.029486129999952 ], [ 112.818009040000106, -8.029600504999962 ], [ 112.817909041, -8.029780356999936 ], [ 112.817643608000026, -8.02999682199993 ], [ 112.817068680000034, -8.030236183999932 ], [ 112.817041093000057, -8.030509009999946 ], [ 112.816760589000069, -8.030574836999961 ], [ 112.816728583000099, -8.030983762999938 ], [ 112.816742136000016, -8.030979594999963 ], [ 112.816849671000114, -8.031313370999953 ], [ 112.818107611000073, -8.030853305999926 ], [ 112.818527172000017, -8.030755764999981 ], [ 112.818755165000084, -8.030754756999954 ], [ 112.818900491000022, -8.031053131999954 ], [ 112.819008914000051, -8.03114833799998 ], [ 112.819535779000034, -8.030894832999934 ], [ 112.819691614000021, -8.030858261999981 ], [ 112.819653858000038, -8.030463725999937 ], [ 112.819845798000074, -8.03045091599995 ], [ 112.820133788000021, -8.030449641999951 ], [ 112.820337355000106, -8.030353055999967 ], [ 112.820504710000023, -8.030208786999935 ], [ 112.8207560620001, -8.030064146999962 ], [ 112.821151569000108, -8.029954749999945 ], [ 112.821343349000017, -8.029906057999938 ], [ 112.821427079000046, -8.02984588399994 ], [ 112.821367451000015, -8.029617342999927 ], [ 112.821464047000063, -8.02956331799993 ], [ 112.821721633000038, -8.029460484999959 ], [ 112.821925276000115, -8.029387810999935 ], [ 112.822492001000114, -8.029159408999931 ], [ 112.82243672300001, -8.028872597999964 ], [ 112.822803011000019, -8.028784096999971 ] ], [ [ 112.824975929000061, -8.03544029699998 ], [ 112.825099273000092, -8.035114419999957 ], [ 112.82508860400003, -8.034875253999928 ], [ 112.824914910000075, -8.034675085999936 ], [ 112.824693860000025, -8.034618655999964 ], [ 112.824346247000108, -8.034791505999976 ], [ 112.824340207000091, -8.034964692999949 ], [ 112.824600213000053, -8.035145340999975 ], [ 112.824668010000096, -8.035278998999956 ], [ 112.824592580000058, -8.035585525999977 ], [ 112.824420169000064, -8.035672407999925 ], [ 112.824373238000021, -8.035911828999929 ], [ 112.824633929000015, -8.036245570999938 ], [ 112.824826096000038, -8.03628299199994 ], [ 112.825124502000108, -8.036463467999965 ], [ 112.825421924000011, -8.036423873999979 ], [ 112.825699676000113, -8.036279111999932 ], [ 112.82584303100009, -8.036134947999926 ], [ 112.8260540120001, -8.03608616799994 ], [ 112.826265507000016, -8.036152207999976 ], [ 112.826352590000056, -8.036304916999939 ], [ 112.826391973000113, -8.036524817999975 ], [ 112.826498170000036, -8.036658304999946 ], [ 112.826863647000096, -8.036809776999974 ], [ 112.827113156000109, -8.036789530999954 ], [ 112.82731428000011, -8.036683382999968 ], [ 112.827543176000063, -8.036347467999974 ], [ 112.82762790400011, -8.035973919999947 ], [ 112.827559122000025, -8.035620190999964 ], [ 112.827404455000078, -8.035381665999978 ], [ 112.827288573000033, -8.035229084999969 ], [ 112.827077079000105, -8.03516304599998 ], [ 112.827001094000025, -8.035345184999926 ], [ 112.826790456000026, -8.035470511999961 ], [ 112.826598675000014, -8.035519205999947 ], [ 112.826157214000091, -8.035549872999979 ], [ 112.825956089000101, -8.035656019999976 ], [ 112.825572783000098, -8.035810818999948 ], [ 112.825227234000067, -8.035821921999968 ], [ 112.824977084000011, -8.035698641999943 ], [ 112.824975929000061, -8.03544029699998 ] ], [ [ 112.829187005000108, -8.042195425999978 ], [ 112.82916818800004, -8.041708635999953 ], [ 112.828955577000102, -8.041430976999948 ], [ 112.828559581000036, -8.041432739999948 ], [ 112.828185691000044, -8.041561699999932 ], [ 112.827781679000054, -8.041902666999931 ], [ 112.827512022000064, -8.042087189999961 ], [ 112.827509969000062, -8.04246831599994 ], [ 112.827605701000039, -8.042612014999975 ], [ 112.828265104000025, -8.042665994999936 ], [ 112.828793100000098, -8.042663643999958 ], [ 112.829201150000017, -8.042673787999945 ], [ 112.829200024000102, -8.042422619999968 ], [ 112.829187005000108, -8.042195425999978 ] ], [ [ 112.83309650700005, -8.015708931999939 ], [ 112.833533132000071, -8.015290683999979 ], [ 112.833359118000089, -8.015097677999961 ], [ 112.833103971000014, -8.015195692999953 ], [ 112.832899398000109, -8.015332953999973 ], [ 112.832651949000024, -8.015542168999957 ], [ 112.832699195000032, -8.015642427999978 ], [ 112.832472814000084, -8.015733139999952 ], [ 112.83253172600007, -8.016027108999936 ], [ 112.832423558000073, -8.015988119999975 ], [ 112.832142875000045, -8.016010896999944 ], [ 112.832161484000039, -8.01614716499995 ], [ 112.832234421000067, -8.016137428999969 ], [ 112.832256733, -8.016195062999941 ], [ 112.832161950000113, -8.016251219999958 ], [ 112.832202221000102, -8.016401744999939 ], [ 112.831885766000028, -8.016474915999936 ], [ 112.831915110000068, -8.016596782999954 ], [ 112.832102087000067, -8.016549305999945 ], [ 112.832127863000096, -8.016678365999951 ], [ 112.831980467000108, -8.016722078999976 ], [ 112.832034136000061, -8.016996208999956 ], [ 112.832214026000088, -8.016944903999956 ], [ 112.832471419000058, -8.016818203999946 ], [ 112.832609088000027, -8.016745819999926 ], [ 112.832728619000022, -8.016631665999967 ], [ 112.832776207000052, -8.016535727999951 ], [ 112.832775805000097, -8.016446060999954 ], [ 112.832751074000043, -8.016284639999981 ], [ 112.832768355000098, -8.01613505399996 ], [ 112.832917395000095, -8.015913110999975 ], [ 112.83309650700005, -8.015708931999939 ] ], [ [ 112.819039401000055, -8.028101816999936 ], [ 112.818822811000018, -8.027971251999929 ], [ 112.818581450000011, -8.027820820999978 ], [ 112.818528238000113, -8.027847088999977 ], [ 112.818360637000069, -8.027934606999963 ], [ 112.818061343000068, -8.028094387999943 ], [ 112.817914653000116, -8.028157859999965 ], [ 112.817747029000088, -8.028257218999954 ], [ 112.817685076000089, -8.028288080999971 ], [ 112.817766278000022, -8.028438997999956 ], [ 112.817903169000033, -8.028459921999968 ], [ 112.818118809000111, -8.028380028999948 ], [ 112.818391729000041, -8.028228117999959 ], [ 112.818549931, -8.028184359999955 ], [ 112.818708389000108, -8.028198012999951 ], [ 112.819032919000051, -8.028318576999936 ], [ 112.81915541, -8.028339564999953 ], [ 112.819244379000111, -8.028216676999932 ], [ 112.819171732000086, -8.028173002999949 ], [ 112.819039401000055, -8.028101816999936 ] ], [ [ 112.812550799000064, -8.031639515999927 ], [ 112.812655704, -8.031615099999954 ], [ 112.812718543000074, -8.031583455999964 ], [ 112.812814413000069, -8.031545610999956 ], [ 112.813052675000108, -8.031486256999926 ], [ 112.813221928000075, -8.031433172999925 ], [ 112.813346408000029, -8.031420692999973 ], [ 112.813429736000103, -8.031418513999938 ], [ 112.81341997100003, -8.03131056999996 ], [ 112.813335204000055, -8.031137513999965 ], [ 112.813269205000097, -8.031137803999968 ], [ 112.813041291000104, -8.03115674999998 ], [ 112.812699566000106, -8.031218059999958 ], [ 112.812220614000012, -8.031453404999979 ], [ 112.812274418000015, -8.03168205399993 ], [ 112.812364950000074, -8.031677667999929 ], [ 112.812550799000064, -8.031639515999927 ] ], [ [ 112.813847897000073, -8.029690636999931 ], [ 112.81406354, -8.029610745999946 ], [ 112.814286223000067, -8.029494940999939 ], [ 112.814249396000037, -8.029308515999958 ], [ 112.814159755000105, -8.029159059999927 ], [ 112.814156892000028, -8.029161266999949 ], [ 112.813968444000011, -8.029287653999972 ], [ 112.813687213000094, -8.029456392999975 ], [ 112.813519601000053, -8.029558823999935 ], [ 112.813374151000062, -8.02961051099993 ], [ 112.813482301000022, -8.030051070999946 ], [ 112.813855766000074, -8.02984130699997 ], [ 112.813847897000073, -8.029690636999931 ] ], [ [ 112.81716446400003, -8.028533878999951 ], [ 112.816914663000034, -8.028634760999978 ], [ 112.816678048000085, -8.028710560999968 ], [ 112.816604746000053, -8.028737597999964 ], [ 112.816703396000094, -8.029046511999979 ], [ 112.817292978000069, -8.028864496999972 ], [ 112.81716446400003, -8.028533878999951 ] ], [ [ 112.834127098000067, -8.014769728999966 ], [ 112.834162332, -8.014739956999961 ], [ 112.834079896000048, -8.014477303999968 ], [ 112.833810384000117, -8.014582559999951 ], [ 112.833864990000052, -8.014718667999944 ], [ 112.833703501000059, -8.014830619999941 ], [ 112.833828447000087, -8.015025738999952 ], [ 112.833933029000036, -8.014933711999959 ], [ 112.834127098000067, -8.014769728999966 ] ] ] } },
{ "type": "Feature", "properties": { "fid": 1873, "class_id": 4, "class_name": "Lahan hijau", "source": "BIG", "source_class": "Perkebunan Belum Menghasilkan", "kode": "VALID", "alasan": "", "n_valid": 71, "n_nodata": 0, "status_v5": "ok" }, "geometry": { "type": "Polygon", "coordinates": [ [ [ 112.553625784000019, -8.117248543999949 ], [ 112.553749780000089, -8.117552372999967 ], [ 112.553469531000019, -8.117493829999944 ], [ 112.553431671000112, -8.117637520999949 ], [ 112.553624228000103, -8.117765978999955 ], [ 112.553596651000021, -8.118086670999958 ], [ 112.553535298000043, -8.118364428999939 ], [ 112.552871656000093, -8.118099006999955 ], [ 112.553104909000012, -8.117571779999935 ], [ 112.553157303000035, -8.117461526999932 ], [ 112.553065798000034, -8.117390102999934 ], [ 112.553189903000089, -8.117198233999943 ], [ 112.553458972000044, -8.117245055999945 ], [ 112.553606897, -8.117200888999946 ], [ 112.553625784000019, -8.117248543999949 ] ] ] } },
{ "type": "Feature", "properties": { "fid": 1887, "class_id": 4, "class_name": "Lahan hijau", "source": "BIG", "source_class": "Hutan Belukar", "kode": "VALID", "alasan": "", "n_valid": 2, "n_nodata": 0, "status_v5": "ok" }, "geometry": { "type": "Polygon", "coordinates": [ [ [ 114.422014696000019, -7.919901025999934 ], [ 114.422133300000041, -7.919528799999966 ], [ 114.422208870000077, -7.919366717999935 ], [ 114.422131305000107, -7.919587493999927 ], [ 114.422014696000019, -7.919901025999934 ] ] ] } },
{ "type": "Feature", "properties": { "fid": 1889, "class_id": 4, "class_name": "Lahan hijau", "source": "BIG", "source_class": "Perkebunan Sudah Menghasilkan", "kode": "VALID", "alasan": "", "n_valid": 1564, "n_nodata": 0, "status_v5": "ok" }, "geometry": { "type": "Polygon", "coordinates": [ [ [ 114.414401700000099, -7.95798911299994 ], [ 114.41461817000004, -7.958563292999941 ], [ 114.414738982000017, -7.958681755999976 ], [ 114.414766311000108, -7.959087695999926 ], [ 114.41479443500009, -7.959589195999968 ], [ 114.414870288000088, -7.960066410999957 ], [ 114.415041604000066, -7.960495053999978 ], [ 114.415116665000028, -7.960876706999954 ], [ 114.414928715000087, -7.961332203999973 ], [ 114.414740959000028, -7.961811590999957 ], [ 114.413833280000063, -7.962177448999967 ], [ 114.413282887000037, -7.962277548999964 ], [ 114.412804192000067, -7.962353167999936 ], [ 114.412808151000036, -7.962830976999953 ], [ 114.412740414000041, -7.963333266999939 ], [ 114.412746403000028, -7.964117191999946 ], [ 114.411410369, -7.964093377999973 ], [ 114.411243010000021, -7.964142539999955 ], [ 114.411264521000021, -7.963086643999929 ], [ 114.411660175000065, -7.96309036699995 ], [ 114.411673514000086, -7.963405698999964 ], [ 114.412560565000035, -7.963450130999945 ], [ 114.412647805, -7.962773858999981 ], [ 114.411866398000029, -7.962735803999976 ], [ 114.411816804000068, -7.962575818999937 ], [ 114.411639924000042, -7.962587966999934 ], [ 114.411426257000016, -7.962691307999933 ], [ 114.411271874000022, -7.962725751999926 ], [ 114.41127708700003, -7.962469814999963 ], [ 114.411289226, -7.962069045999954 ], [ 114.411620606000042, -7.962001751999935 ], [ 114.411941658000046, -7.961913565999964 ], [ 114.41192508600011, -7.961207968999929 ], [ 114.411317431000043, -7.961137873999974 ], [ 114.411371190000068, -7.959363071999974 ], [ 114.411554598000066, -7.958358096999973 ], [ 114.412584866000088, -7.958325723999963 ], [ 114.413011593000078, -7.958444691999944 ], [ 114.413023218000035, -7.958267388999957 ], [ 114.412980707000088, -7.958930617999954 ], [ 114.413444439000045, -7.959010829999954 ], [ 114.413446811000085, -7.95845271099995 ], [ 114.413269801000069, -7.95844882199998 ], [ 114.413264618000085, -7.958183928999972 ], [ 114.413032076000036, -7.958132307999961 ], [ 114.413043703000085, -7.957954957999959 ], [ 114.413331202000109, -7.957963610999968 ], [ 114.413546284000063, -7.957968666999932 ], [ 114.413596256, -7.95836593699994 ], [ 114.413897095000038, -7.958427617999973 ], [ 114.41386771000009, -7.958764684999949 ], [ 114.414170844000068, -7.958767493999972 ], [ 114.414294061000078, -7.958440388999975 ], [ 114.414136805000112, -7.957982706999928 ], [ 114.414401700000099, -7.95798911299994 ] ], [ [ 114.412907436000069, -7.96002366099998 ], [ 114.412591140000018, -7.959960485999943 ], [ 114.412439862000042, -7.960551463999934 ], [ 114.412544233000062, -7.960850004999941 ], [ 114.412738707000017, -7.961019489999956 ], [ 114.412749590000089, -7.961016090999976 ], [ 114.412772787000108, -7.961249106999958 ], [ 114.412590235000039, -7.961223877999942 ], [ 114.412205370000038, -7.961232030999952 ], [ 114.41212177500006, -7.961644758999967 ], [ 114.412460509000084, -7.961748899999975 ], [ 114.412701077000065, -7.961656027999936 ], [ 114.412936945000069, -7.961643393999964 ], [ 114.413263050000069, -7.96151773899993 ], [ 114.413462265000021, -7.961612334999927 ], [ 114.413740460000099, -7.961529846999952 ], [ 114.413942159000044, -7.961276902999941 ], [ 114.414047550000078, -7.961051482999949 ], [ 114.413842662000093, -7.96091950999994 ], [ 114.413737182000091, -7.961134236999953 ], [ 114.413470155000027, -7.961270096999954 ], [ 114.413196039000013, -7.961197504999973 ], [ 114.413044600000035, -7.961043703999962 ], [ 114.412867946, -7.96085100199997 ], [ 114.412907436000069, -7.96002366099998 ] ], [ [ 114.414523886000097, -7.960088230999929 ], [ 114.414135793000014, -7.96005097099993 ], [ 114.413853300000028, -7.960261808999974 ], [ 114.413573421000024, -7.960467039999969 ], [ 114.413577128000043, -7.960669888999973 ], [ 114.413893143000109, -7.960539496999957 ], [ 114.41419243100006, -7.960414062999973 ], [ 114.414492829000096, -7.960422280999978 ], [ 114.414588559000094, -7.960325255999976 ], [ 114.414523886000097, -7.960088230999929 ] ], [ [ 114.41296326500003, -7.959371175999934 ], [ 114.412976044000061, -7.95988943499998 ], [ 114.413383693000014, -7.959896771999979 ], [ 114.413406344, -7.959394018999944 ], [ 114.41296326500003, -7.959371175999934 ] ], [ [ 114.414151971000024, -7.959414610999943 ], [ 114.413841717000082, -7.959391045999951 ], [ 114.413817891, -7.95987181199996 ], [ 114.413931171000058, -7.959951073999946 ], [ 114.414134464000085, -7.95989058899994 ], [ 114.414151971000024, -7.959414610999943 ] ] ] } },
{ "type": "Feature", "properties": { "fid": 1893, "class_id": 4, "class_name": "Lahan hijau", "source": "BIG", "source_class": "Perkebunan Sudah Menghasilkan", "kode": "VALID", "alasan": "", "n_valid": 1589, "n_nodata": 0, "status_v5": "ok" }, "geometry": { "type": "Polygon", "coordinates": [ [ [ 113.741364452000084, -8.089148974999944 ], [ 113.740776229000062, -8.089098199999967 ], [ 113.739316048000092, -8.089072589999944 ], [ 113.738472766000086, -8.089039617999958 ], [ 113.737784501000078, -8.089002385999947 ], [ 113.737222269000085, -8.08897396499998 ], [ 113.736498278000113, -8.088907997999968 ], [ 113.734557365000114, -8.088807978999967 ], [ 113.734381996000025, -8.088610880999966 ], [ 113.734338344000093, -8.088140511999939 ], [ 113.734402635000038, -8.087669419999941 ], [ 113.734603848, -8.08749325499997 ], [ 113.73508959000003, -8.087490001999981 ], [ 113.735182679000104, -8.087287665999952 ], [ 113.735411422000084, -8.087192001999938 ], [ 113.735870449000117, -8.087229268999977 ], [ 113.736017509000021, -8.087026571999957 ], [ 113.736367686000108, -8.086930092999978 ], [ 113.736391183000023, -8.086890331999939 ], [ 113.737060031000055, -8.086934355999972 ], [ 113.73729868700002, -8.086923853999963 ], [ 113.737661721000109, -8.08673315599998 ], [ 113.738228871000047, -8.086796590999938 ], [ 113.738229234000073, -8.086850377999951 ], [ 113.738366159000066, -8.087145302999943 ], [ 113.738245813000049, -8.087307479999936 ], [ 113.738125468000021, -8.087469655999939 ], [ 113.738113609000038, -8.087711788999968 ], [ 113.738559234000036, -8.087762590999944 ], [ 113.739260767000019, -8.087744437999959 ], [ 113.739339726000026, -8.087448063999943 ], [ 113.739447214000052, -8.087380105999955 ], [ 113.739663007000104, -8.087365210999963 ], [ 113.74006878900002, -8.087510409999936 ], [ 113.740162239000028, -8.087361860999977 ], [ 113.740174187000093, -8.087133174999963 ], [ 113.740145839000093, -8.086931653999955 ], [ 113.740183864000073, -8.08656831899998 ], [ 113.740302755000016, -8.086190992999946 ], [ 113.740504873000077, -8.086149294999927 ], [ 113.740704992000019, -8.085811766999939 ], [ 113.740745016, -8.085744260999945 ], [ 113.740975664000075, -8.085930976999975 ], [ 113.740935822000097, -8.086025375999952 ], [ 113.740910108000094, -8.086213811999926 ], [ 113.740858773000014, -8.086604131999934 ], [ 113.740833605000034, -8.08687324899995 ], [ 113.740862317000051, -8.087128556999971 ], [ 113.74093223400007, -8.087491167999929 ], [ 113.740906612000117, -8.087693050999974 ], [ 113.741232437, -8.087986705999981 ], [ 113.741462269000067, -8.088052399999981 ], [ 113.741733124, -8.088198502999944 ], [ 113.741788004000114, -8.088332608999963 ], [ 113.741531732000112, -8.088347776999967 ], [ 113.741573847000041, -8.08858954699997 ], [ 113.741669115000036, -8.088709933999951 ], [ 113.741640879000101, -8.08916267799998 ], [ 113.741364452000084, -8.089148974999944 ] ] ] } },
{ "type": "Feature", "properties": { "fid": 1911, "class_id": 4, "class_name": "Lahan hijau", "source": "BIG", "source_class": "Hutan Belukar", "kode": "VALID", "alasan": "", "n_valid": 92, "n_nodata": 0, "status_v5": "ok" }, "geometry": { "type": "Polygon", "coordinates": [ [ [ 112.593064433000109, -7.661191011999961 ], [ 112.593159513000046, -7.661189070999967 ], [ 112.593221541000048, -7.66118780499994 ], [ 112.593258334000097, -7.66150589199998 ], [ 112.593322580000063, -7.661748596999928 ], [ 112.593358272000046, -7.661934194999958 ], [ 112.593393964000029, -7.662269698999978 ], [ 112.59340824100002, -7.662548095999966 ], [ 112.59340824100002, -7.662726554999949 ], [ 112.593336857000054, -7.662969259999954 ], [ 112.593265473000088, -7.663197688999958 ], [ 112.593144120000034, -7.663297625999974 ], [ 112.593079875000058, -7.663226241999951 ], [ 112.593029906000083, -7.663090612999952 ], [ 112.593001353000091, -7.663012090999928 ], [ 112.592937107000012, -7.662840768999956 ], [ 112.593001353000091, -7.662648032999925 ], [ 112.593115567000041, -7.662426742999969 ], [ 112.593094152000049, -7.662212591999946 ], [ 112.593008491000091, -7.661998439999934 ], [ 112.5929942140001, -7.661884225999927 ], [ 112.592865723000045, -7.66162010599993 ], [ 112.592815755000061, -7.661455922999949 ], [ 112.592807611000012, -7.661194788999978 ], [ 112.593064433000109, -7.661191011999961 ] ] ] } },
{ "type": "Feature", "properties": { "fid": 1917, "class_id": 4, "class_name": "Lahan hijau", "source": "BIG", "source_class": "Hutan Belukar", "kode": "VALID", "alasan": "", "n_valid": 7, "n_nodata": 0, "status_v5": "ok" }, "geometry": { "type": "Polygon", "coordinates": [ [ [ 112.437885034000033, -8.392280204999963 ], [ 112.43789, -8.39231 ], [ 112.437883045000035, -8.392383028999973 ], [ 112.437880284000016, -8.392407723999952 ], [ 112.437867960000062, -8.39251403999998 ], [ 112.437766080000074, -8.392625009999961 ], [ 112.43755314732843, -8.392789649541669 ], [ 112.437875604928919, -8.392241471620824 ], [ 112.437885034000033, -8.392280204999963 ] ] ] } },
{ "type": "Feature", "properties": { "fid": 1918, "class_id": 4, "class_name": "Lahan hijau", "source": "BIG", "source_class": "Alang – Alang", "kode": "VALID", "alasan": "", "n_valid": 151, "n_nodata": 0, "status_v5": "ok" }, "geometry": { "type": "Polygon", "coordinates": [ [ [ 114.174418094000089, -8.454890344999967 ], [ 114.174207610000053, -8.454982945999973 ], [ 114.174206989000027, -8.454983212999934 ], [ 114.173246247000066, -8.455388942999946 ], [ 114.172721607000085, -8.455616327999962 ], [ 114.172721236000029, -8.45561648599994 ], [ 114.172118295000018, -8.455871481999964 ], [ 114.172118261000037, -8.455871495999929 ], [ 114.172117922000098, -8.455871636999973 ], [ 114.171781395000039, -8.456010446999926 ], [ 114.171565443000077, -8.456133376999958 ], [ 114.17135144000008, -8.456285927999943 ], [ 114.171200197000076, -8.456415263999929 ], [ 114.171032661000027, -8.456613997999966 ], [ 114.170949605000033, -8.456732315999943 ], [ 114.170871212000065, -8.456870189999961 ], [ 114.170560652000063, -8.457468662999929 ], [ 114.17034157, -8.457906975999947 ], [ 114.170327090000114, -8.457935946999953 ], [ 114.17032679600004, -8.457936523999933 ], [ 114.169896624000103, -8.458767116999979 ], [ 114.169895574000066, -8.458769011999948 ], [ 114.169811885000058, -8.458920015999979 ], [ 114.16980271400007, -8.458936563999941 ], [ 114.169744270000024, -8.459014735999972 ], [ 114.1697162480001, -8.459052216999964 ], [ 114.169716898000047, -8.459052516999975 ], [ 114.169623937000097, -8.459180828999934 ], [ 114.169532611000022, -8.459281846999943 ], [ 114.169448674000023, -8.459242771999925 ], [ 114.169445418, -8.459241263999957 ], [ 114.169459496000059, -8.459230894999962 ], [ 114.169486478000067, -8.459202547999951 ], [ 114.16954367400001, -8.459142458999963 ], [ 114.169536550000089, -8.459139052999944 ], [ 114.16951907400005, -8.459130698999957 ], [ 114.169495267000116, -8.459121826999933 ], [ 114.169581467000057, -8.458990128999972 ], [ 114.169584391000058, -8.458991272999981 ], [ 114.169643099000041, -8.458890646999976 ], [ 114.169668265000041, -8.458843300999945 ], [ 114.169722697000111, -8.45874089299997 ], [ 114.169853698000111, -8.458481849999941 ], [ 114.169947287000014, -8.45829884799997 ], [ 114.170026613, -8.458115960999976 ], [ 114.170106127000054, -8.457955688999959 ], [ 114.170169266000016, -8.457828421999977 ], [ 114.170309426000017, -8.457526702999928 ], [ 114.170442687000104, -8.457253440999978 ], [ 114.170557435000092, -8.45704186599994 ], [ 114.170711837000113, -8.456737663999945 ], [ 114.170867033000036, -8.456530493999935 ], [ 114.171013069000082, -8.456366000999935 ], [ 114.171180459000084, -8.456196600999931 ], [ 114.171329356000115, -8.456091253999944 ], [ 114.171485461000088, -8.455995315999928 ], [ 114.171722171000056, -8.455872689999978 ], [ 114.17194479200009, -8.455771477999974 ], [ 114.172224344000028, -8.455655603999958 ], [ 114.172546565000061, -8.455525182999963 ], [ 114.172762172000034, -8.455438228999981 ], [ 114.173145922000117, -8.455274172999964 ], [ 114.173588844000051, -8.45507886799993 ], [ 114.173899160000019, -8.454946175999964 ], [ 114.174330216000044, -8.454753333999975 ], [ 114.174469778000116, -8.454669362999937 ], [ 114.174609242000088, -8.454573559999972 ], [ 114.174653920000083, -8.454536355999949 ], [ 114.174686367000049, -8.454602617999967 ], [ 114.174708108000118, -8.454664112999978 ], [ 114.174706211000057, -8.454664874999935 ], [ 114.174705484000015, -8.454665173999956 ], [ 114.174704851000115, -8.454665446999968 ], [ 114.174704692000091, -8.454665516999967 ], [ 114.174730190000105, -8.454753038999968 ], [ 114.174418094000089, -8.454890344999967 ] ] ] } },
{ "type": "Feature", "properties": { "fid": 1954, "class_id": 4, "class_name": "Lahan hijau", "source": "BIG", "source_class": "Hutan Sejenis", "kode": "VALID", "alasan": "", "n_valid": 848, "n_nodata": 0, "status_v5": "ok" }, "geometry": { "type": "Polygon", "coordinates": [ [ [ 112.443692148000082, -8.182231258999934 ], [ 112.443759883000098, -8.182369784999935 ], [ 112.443664143000092, -8.182456258999935 ], [ 112.443741431000035, -8.182580395999935 ], [ 112.44405318500003, -8.182374705999962 ], [ 112.444555699000034, -8.183309604999977 ], [ 112.445382818000098, -8.184938365999926 ], [ 112.445390542000041, -8.185245590999955 ], [ 112.444679392000012, -8.185649077999926 ], [ 112.444138045000045, -8.186024252999971 ], [ 112.443721315000062, -8.18633841299993 ], [ 112.443624153000087, -8.186161440999967 ], [ 112.442910717000018, -8.184746564999955 ], [ 112.442325912000115, -8.183591513999943 ], [ 112.442553532000034, -8.183455528999957 ], [ 112.442519639000011, -8.183379087999981 ], [ 112.442826400000058, -8.183210513999938 ], [ 112.443492422000077, -8.182782259999954 ], [ 112.443077108000011, -8.182073162999927 ], [ 112.443249255000069, -8.181959972999948 ], [ 112.443360359000053, -8.182117601999948 ], [ 112.443484916000102, -8.182031024999958 ], [ 112.443386150000038, -8.181869961999951 ], [ 112.443678544000022, -8.181677706999949 ], [ 112.443910454000047, -8.182109164999929 ], [ 112.443692148000082, -8.182231258999934 ] ] ] } },
{ "type": "Feature", "properties": { "fid": 1964, "class_id": 4, "class_name": "Lahan hijau", "source": "BIG", "source_class": "Hutan Belukar", "kode": "VALID", "alasan": "", "n_valid": 130, "n_nodata": 0, "status_v5": "ok" }, "geometry": { "type": "Polygon", "coordinates": [ [ [ 114.447977721000029, -8.638855955999929 ], [ 114.447505392000039, -8.638639309999974 ], [ 114.446882722000055, -8.638342516999955 ], [ 114.44667, -8.63824 ], [ 114.44638602100008, -8.63808854499996 ], [ 114.446371801000055, -8.638080895999963 ], [ 114.44622723100008, -8.637970067999959 ], [ 114.44537, -8.63731 ], [ 114.44486, -8.63692 ], [ 114.444695258000024, -8.636816447999934 ], [ 114.444513947000019, -8.636697720999962 ], [ 114.444051189000106, -8.636319170999968 ], [ 114.443990633000112, -8.636257139999941 ], [ 114.44388, -8.63614 ], [ 114.44373, -8.63602 ], [ 114.44342, -8.6356 ], [ 114.442897607000077, -8.635140066999952 ], [ 114.44280381100009, -8.635056301999953 ], [ 114.442828550000058, -8.635068206999961 ], [ 114.442877092000117, -8.635086767999951 ], [ 114.442890309000063, -8.635089244999961 ], [ 114.442909792000023, -8.635084335999977 ], [ 114.442933010000047, -8.635069270999963 ], [ 114.442960931000016, -8.635046805999934 ], [ 114.443003146000024, -8.635012837999966 ], [ 114.443084524000028, -8.634948115999975 ], [ 114.443134773000111, -8.634915264999961 ], [ 114.443158703000108, -8.63490442899996 ], [ 114.443182138000111, -8.63489984399996 ], [ 114.443201012000031, -8.63489827099994 ], [ 114.443232112000032, -8.634898491999934 ], [ 114.443269427000018, -8.634902274999945 ], [ 114.443293831, -8.634908420999977 ], [ 114.44332634400007, -8.634920115999932 ], [ 114.443360061000021, -8.63493639099994 ], [ 114.443376335000039, -8.634945501999937 ], [ 114.443399170000021, -8.634962109999947 ], [ 114.443419561000042, -8.634982578999939 ], [ 114.443433665000043, -8.634999146999974 ], [ 114.443452029000014, -8.635024425999973 ], [ 114.443470114000093, -8.635053005999964 ], [ 114.443500708000101, -8.63511667299997 ], [ 114.443519344000038, -8.635159828999974 ], [ 114.443531033000113, -8.635195280999937 ], [ 114.443546875000038, -8.63526256199998 ], [ 114.443553313000052, -8.635304064999957 ], [ 114.443559404000098, -8.635371115999931 ], [ 114.443555472000071, -8.63545462299993 ], [ 114.443532566000044, -8.635577728999976 ], [ 114.443531120000102, -8.635615141999949 ], [ 114.443539086000101, -8.635624879999966 ], [ 114.443579764000106, -8.63564135799993 ], [ 114.443608061000077, -8.635638325999935 ], [ 114.443826247000061, -8.635501609999949 ], [ 114.443885750000049, -8.635472850999975 ], [ 114.443921239000019, -8.635462709999956 ], [ 114.443975004000094, -8.635454909999964 ], [ 114.443987108000101, -8.635455520999926 ], [ 114.444019106000042, -8.635460322999961 ], [ 114.444036990000086, -8.635465543999942 ], [ 114.444056225000054, -8.635474084999942 ], [ 114.444069281000111, -8.63548164499997 ], [ 114.444083354000099, -8.635496977999935 ], [ 114.444097178000106, -8.635518914999977 ], [ 114.444114097000011, -8.635553414999947 ], [ 114.444157737000069, -8.635656124999969 ], [ 114.44420595400004, -8.635789516999978 ], [ 114.444211446000054, -8.635806808999973 ], [ 114.444216322000102, -8.635828834999927 ], [ 114.444219714000042, -8.635847286999933 ], [ 114.444220637000058, -8.635866506999946 ], [ 114.444216846000018, -8.635886372999948 ], [ 114.444213634000107, -8.63589662499993 ], [ 114.444197204000034, -8.63592732799998 ], [ 114.444180413000026, -8.635951300999977 ], [ 114.444065034, -8.636118331999967 ], [ 114.444059166000102, -8.636126824999963 ], [ 114.444050741000069, -8.636143506999929 ], [ 114.444048308000106, -8.636161518999927 ], [ 114.444050365000066, -8.636181951999959 ], [ 114.444056953000086, -8.636194635999971 ], [ 114.444131207000055, -8.636287286999959 ], [ 114.444197913000039, -8.636345452999933 ], [ 114.444443429000103, -8.636534849999975 ], [ 114.444486213, -8.636563567999929 ], [ 114.444917035000117, -8.636877299999981 ], [ 114.444949858000086, -8.636902458999941 ], [ 114.445135457000106, -8.637039032999951 ], [ 114.445286556000042, -8.637144018999948 ], [ 114.445796628000039, -8.637486585999966 ], [ 114.44590451900001, -8.63756060399993 ], [ 114.446324604000097, -8.637868395999931 ], [ 114.446419516000105, -8.637940119999939 ], [ 114.446491651000088, -8.637994632999948 ], [ 114.446612826000091, -8.63808039099996 ], [ 114.446668305000117, -8.638117894999937 ], [ 114.4467039970001, -8.638138968999954 ], [ 114.447054391000052, -8.638345862999927 ], [ 114.447138550000091, -8.638391051999974 ], [ 114.447319207000078, -8.638483550999979 ], [ 114.447359461000019, -8.638503066999931 ], [ 114.447628508000093, -8.63863351599997 ], [ 114.447927482323649, -8.638756680646118 ], [ 114.448101176391077, -8.638911764634889 ], [ 114.447977721000029, -8.638855955999929 ] ] ] } },
{ "type": "Feature", "properties": { "fid": 1968, "class_id": 4, "class_name": "Lahan hijau", "source": "BIG", "source_class": "Semak", "kode": "VALID", "alasan": "", "n_valid": 59, "n_nodata": 0, "status_v5": "ok" }, "geometry": { "type": "Polygon", "coordinates": [ [ [ 113.790555643000062, -7.920977340999968 ], [ 113.790677004000031, -7.920840265999971 ], [ 113.790733533000093, -7.920689281999955 ], [ 113.790819219000014, -7.920595474999971 ], [ 113.79091195400008, -7.920480106999946 ], [ 113.791040364000082, -7.92032146899993 ], [ 113.791048724, -7.920273804999965 ], [ 113.79140537, -7.920312414999955 ], [ 113.791466098000114, -7.920072950999952 ], [ 113.791139178000094, -7.920041109999943 ], [ 113.791282311000032, -7.91993257699994 ], [ 113.791505001000019, -7.919888055999934 ], [ 113.791749559000095, -7.91988641699993 ], [ 113.792015696000021, -7.91988463399997 ], [ 113.792209806000074, -7.919868989999941 ], [ 113.792324505000011, -7.919810847999941 ], [ 113.792359648000115, -7.919688692999955 ], [ 113.792380163000075, -7.919530777999967 ], [ 113.792408832000092, -7.919479101999968 ], [ 113.792456137000045, -7.919683827999961 ], [ 113.79245697500005, -7.919808131999957 ], [ 113.792409538000015, -7.919884947999947 ], [ 113.792313924000041, -7.919928618999961 ], [ 113.792151046000072, -7.91995361499994 ], [ 113.791992963000098, -7.919978580999953 ], [ 113.791887726000027, -7.920017533999953 ], [ 113.791787283000076, -7.920056455999941 ], [ 113.791639179000072, -7.920138727999927 ], [ 113.791567829000087, -7.920225265999932 ], [ 113.791501404000087, -7.920330896999928 ], [ 113.7914111, -7.920451029999981 ], [ 113.791315903000054, -7.920556851999947 ], [ 113.791239695000058, -7.920633860999942 ], [ 113.791091493000067, -7.920701788999963 ], [ 113.790972288000034, -7.920802991999949 ], [ 113.790833740000039, -7.920880416999978 ], [ 113.790704687000016, -7.920943436999949 ], [ 113.790508342000066, -7.921018769999932 ], [ 113.790555643000062, -7.920977340999968 ] ] ] } },
{ "type": "Feature", "properties": { "fid": 1972, "class_id": 4, "class_name": "Lahan hijau", "source": "BIG", "source_class": "Hutan Belukar", "kode": "VALID", "alasan": "", "n_valid": 5, "n_nodata": 3, "status_v5": "ok" }, "geometry": { "type": "Polygon", "coordinates": [ [ [ 112.372445815000106, -8.373761877999925 ], [ 112.372486082000023, -8.373789887999976 ], [ 112.372430268000016, -8.373865997999928 ], [ 112.372419108000031, -8.373880643999939 ], [ 112.37241498100002, -8.373883624999962 ], [ 112.372236306000104, -8.374008423999953 ], [ 112.372007814000085, -8.374154567999938 ], [ 112.371721222318058, -8.374333012494741 ], [ 112.3717, -8.3743 ], [ 112.372445403092698, -8.373761653321946 ], [ 112.372445815000106, -8.373761877999925 ] ] ] } },
{ "type": "Feature", "properties": { "fid": 1989, "class_id": 4, "class_name": "Lahan hijau", "source": "BIG", "source_class": "Hutan Belukar", "kode": "VALID", "alasan": "", "n_valid": 7, "n_nodata": 0, "status_v5": "ok" }, "geometry": { "type": "Polygon", "coordinates": [ [ [ 114.413516983000022, -8.578866439999956 ], [ 114.413527044000034, -8.578881987999978 ], [ 114.413564643000086, -8.578947746999972 ], [ 114.413592867000034, -8.579011717999947 ], [ 114.413615930000105, -8.579083328999957 ], [ 114.413618708000058, -8.579093386999944 ], [ 114.41351845600002, -8.579005748999975 ], [ 114.41351355200004, -8.579003123999939 ], [ 114.41351, -8.579 ], [ 114.413506888000029, -8.578999554999939 ], [ 114.413490559000024, -8.578990812999962 ], [ 114.413462336000066, -8.578993190999938 ], [ 114.413440473000037, -8.578990067999939 ], [ 114.413321345000099, -8.578846173999978 ], [ 114.413285860000087, -8.578803311999934 ], [ 114.413205400000038, -8.578736056999958 ], [ 114.413157889000104, -8.578695332999928 ], [ 114.413167511000097, -8.578696027999968 ], [ 114.413202159000093, -8.578697428999931 ], [ 114.413231540000083, -8.578698614999951 ], [ 114.413266487000101, -8.578698915999951 ], [ 114.4133065420001, -8.57870146099998 ], [ 114.413336546000096, -8.578706605999969 ], [ 114.413355445000093, -8.578713899999968 ], [ 114.413387824000097, -8.57873184999994 ], [ 114.413418449, -8.57875384099998 ], [ 114.413445075000027, -8.578778137999961 ], [ 114.413516983000022, -8.578866439999956 ] ] ] } },
{ "type": "Feature", "properties": { "fid": 1991, "class_id": 4, "class_name": "Lahan hijau", "source": "BIG", "source_class": "Kebun Campuran", "kode": "VALID", "alasan": "", "n_valid": 177, "n_nodata": 0, "status_v5": "ok" }, "geometry": { "type": "Polygon", "coordinates": [ [ [ 112.700928389000069, -8.08100395799994 ], [ 112.700846937000051, -8.081042572999934 ], [ 112.700787433000073, -8.081074519999959 ], [ 112.700775086000021, -8.081081148999942 ], [ 112.700725939000108, -8.081095706999974 ], [ 112.700581986000088, -8.081113051999978 ], [ 112.700504004000095, -8.081120552999948 ], [ 112.70047045900003, -8.081135045999929 ], [ 112.700426107000112, -8.081148387999974 ], [ 112.700342290000094, -8.081195385999933 ], [ 112.700300418000097, -8.081227855999941 ], [ 112.700274104000073, -8.081249495999941 ], [ 112.700247705000038, -8.081250801999943 ], [ 112.700222446000112, -8.081237748999968 ], [ 112.700206724000054, -8.08120910699995 ], [ 112.700189916000113, -8.081207980999977 ], [ 112.700146749000055, -8.081217729999935 ], [ 112.700061462, -8.08125913799995 ], [ 112.699997477000011, -8.081160421999925 ], [ 112.699910734000014, -8.081081837999932 ], [ 112.69982406500003, -8.081021194999948 ], [ 112.69973402100004, -8.081014391999929 ], [ 112.699665685000014, -8.081032617999938 ], [ 112.699583068000038, -8.08107961099995 ], [ 112.699489738000011, -8.081148178999968 ], [ 112.69933177900009, -8.081260076999968 ], [ 112.699303410000084, -8.08136425899994 ], [ 112.699402437000117, -8.081481688999929 ], [ 112.699359368000046, -8.081493722999937 ], [ 112.699292252000077, -8.081516728999929 ], [ 112.699141415000099, -8.081372108999972 ], [ 112.699076139000113, -8.081261138999935 ], [ 112.699061377000021, -8.081175078999934 ], [ 112.699104178000084, -8.081078012999967 ], [ 112.699441489000037, -8.08080389099996 ], [ 112.6995060590001, -8.080746207999937 ], [ 112.699638814000082, -8.080634415999953 ], [ 112.699728107000055, -8.080461799999966 ], [ 112.699799623000104, -8.080343084999981 ], [ 112.699968503000036, -8.080259848999958 ], [ 112.700105189000055, -8.080226984999967 ], [ 112.700249151000094, -8.080212032999952 ], [ 112.700364309000065, -8.08019719999993 ], [ 112.700461493000034, -8.080189618999952 ], [ 112.700594864000095, -8.080224948999955 ], [ 112.700667085000077, -8.080274885999927 ], [ 112.700775357000111, -8.080335438999953 ], [ 112.700930346000064, -8.080374266999968 ], [ 112.701067198000032, -8.080380874999946 ], [ 112.701132083000061, -8.080398546999959 ], [ 112.701362894000113, -8.080487296999934 ], [ 112.701388368000039, -8.08055178199993 ], [ 112.701345477000018, -8.080627316999937 ], [ 112.701280863000079, -8.080674235999936 ], [ 112.701147853000066, -8.080725026999971 ], [ 112.70109398000011, -8.080757546999962 ], [ 112.701050923000025, -8.080793609999944 ], [ 112.701033086000052, -8.080833156999972 ], [ 112.701033506000044, -8.080933483999956 ], [ 112.700928389000069, -8.08100395799994 ] ] ] } },
{ "type": "Feature", "properties": { "fid": 2025, "class_id": 5, "class_name": "Laut", "source": "Natural Earth", "source_class": "ocean", "kode": "VALID", "alasan": "", "n_valid": 31663, "n_nodata": 219108, "status_v5": "ok" }, "geometry": { "type": "Polygon", "coordinates": [ [ [ 114.578215323757675, -8.70110191536164 ], [ 114.578215323757675, -8.661466619178357 ], [ 114.630036162813752, -8.661466619178357 ], [ 114.630036162813752, -8.70110191536164 ], [ 114.578215323757675, -8.70110191536164 ] ] ] } },
{ "type": "Feature", "properties": { "fid": 2044, "class_id": 5, "class_name": "Laut", "source": "Natural Earth", "source_class": "ocean", "kode": "VALID", "alasan": "", "n_valid": 50, "n_nodata": 250389, "status_v5": "ok" }, "geometry": { "type": "Polygon", "coordinates": [ [ [ 113.852723576972778, -8.621835389986156 ], [ 113.852723576972778, -8.582208208040164 ], [ 113.904544416028841, -8.582208208040164 ], [ 113.904544416028841, -8.621835389986156 ], [ 113.852723576972778, -8.621835389986156 ] ] ] } },
{ "type": "Feature", "properties": { "fid": 2053, "class_id": 5, "class_name": "Laut", "source": "Natural Earth", "source_class": "ocean", "kode": "VALID", "alasan": "", "n_valid": 8655, "n_nodata": 242052, "status_v5": "ok" }, "geometry": { "type": "Polygon", "coordinates": [ [ [ 114.422752806589486, -7.988272776265887 ], [ 114.422752806589486, -7.948707679384051 ], [ 114.474573645645535, -7.948707679384051 ], [ 114.474573645645535, -7.988272776265887 ], [ 114.422752806589486, -7.988272776265887 ] ] ] } },
{ "type": "Feature", "properties": { "fid": 2263, "class_id": 5, "class_name": "Laut", "source": "Natural Earth", "source_class": "ocean", "kode": "VALID", "alasan": "", "n_valid": 146, "n_nodata": 249876, "status_v5": "ok" }, "geometry": { "type": "Polygon", "coordinates": [ [ [ 112.6608442786833, -8.502965906997442 ], [ 112.6608442786833, -8.463350748500797 ], [ 112.712665117739363, -8.463350748500797 ], [ 112.712665117739363, -8.502965906997442 ], [ 112.6608442786833, -8.502965906997442 ] ] ] } },
{ "type": "Feature", "properties": { "fid": 2265, "class_id": 5, "class_name": "Laut", "source": "Natural Earth", "source_class": "ocean", "kode": "VALID", "alasan": "", "n_valid": 379, "n_nodata": 249659, "status_v5": "ok" }, "geometry": { "type": "Polygon", "coordinates": [ [ [ 112.712665117739363, -8.463350748500797 ], [ 112.712665117739363, -8.423739558450333 ], [ 112.764485956795426, -8.423739558450333 ], [ 112.764485956795426, -8.463350748500797 ], [ 112.712665117739363, -8.463350748500797 ] ] ] } },
{ "type": "Feature", "properties": { "fid": 2266, "class_id": 5, "class_name": "Laut", "source": "Natural Earth", "source_class": "ocean", "kode": "VALID", "alasan": "", "n_valid": 5250, "n_nodata": 244837, "status_v5": "ok" }, "geometry": { "type": "Polygon", "coordinates": [ [ [ 112.868127634907566, -7.553257793745 ], [ 112.868127634907566, -7.513732487525999 ], [ 112.919948473963629, -7.513732487525999 ], [ 112.919948473963629, -7.553257793745 ], [ 112.868127634907566, -7.553257793745 ] ] ] } },
{ "type": "Feature", "properties": { "fid": 2561, "class_id": 6, "class_name": "Danau", "source": "BIG", "source_class": "Waduk", "kode": "VALID", "alasan": "", "n_valid": 50, "n_nodata": 0, "status_v5": "ok" }, "geometry": { "type": "Polygon", "coordinates": [ [ [ 112.45260685900007, -8.139235879999944 ], [ 112.452570592000029, -8.139219140999955 ], [ 112.45252300300001, -8.139213192999932 ], [ 112.452445670000088, -8.139171551999937 ], [ 112.452404030000025, -8.139123962999975 ], [ 112.452380235000078, -8.139052578999951 ], [ 112.452380235000078, -8.138999040999977 ], [ 112.452481362000071, -8.138915759999975 ], [ 112.452570592000029, -8.13882652999996 ], [ 112.45263602700004, -8.138772991999929 ], [ 112.452683616000058, -8.138713505999931 ], [ 112.452719308000042, -8.138618326999961 ], [ 112.452719308000042, -8.13855289199995 ], [ 112.452713360000075, -8.13848745699994 ], [ 112.452719308000042, -8.138398226999925 ], [ 112.452802589000044, -8.138362534999942 ], [ 112.452814487000069, -8.138285202999953 ], [ 112.452826384000105, -8.138195972999938 ], [ 112.452856127000018, -8.138136485999951 ], [ 112.452879922000079, -8.138065102999974 ], [ 112.452903716000037, -8.137916385999972 ], [ 112.452921562000029, -8.137839053999926 ], [ 112.452933460000054, -8.137815258999979 ], [ 112.452969152000037, -8.137749823999968 ], [ 112.452998895000064, -8.137642747999962 ], [ 112.4530107920001, -8.13755946699996 ], [ 112.453034587000047, -8.137464288999979 ], [ 112.453082176000066, -8.137369109999952 ], [ 112.453105971000014, -8.137309623999954 ], [ 112.453153560000032, -8.137226342999952 ], [ 112.453236841000034, -8.13714306199995 ], [ 112.45318330300006, -8.137053831999935 ], [ 112.45314166300011, -8.136958652999965 ], [ 112.453105971000014, -8.136893217999955 ], [ 112.453123817, -8.136792090999961 ], [ 112.45318330300006, -8.136720706999938 ], [ 112.453196970000022, -8.136697927999933 ], [ 112.453252, -8.136768 ], [ 112.453291, -8.136882 ], [ 112.453248, -8.13735 ], [ 112.453130000000101, -8.137699 ], [ 112.452938, -8.138342 ], [ 112.452803, -8.138757 ], [ 112.45260685900007, -8.139235879999944 ] ] ] } },
{ "type": "Feature", "properties": { "fid": 2567, "class_id": 6, "class_name": "Danau", "source": "BIG", "source_class": "Waduk", "kode": "VALID", "alasan": "", "n_valid": 2, "n_nodata": 0, "status_v5": "ok" }, "geometry": { "type": "Polygon", "coordinates": [ [ [ 112.45294535700009, -8.136613630999932 ], [ 112.452897768000071, -8.136589836999974 ], [ 112.452909665000107, -8.136506555999972 ], [ 112.452965261000031, -8.136495436999951 ], [ 112.453102, -8.136577 ], [ 112.453112081000086, -8.136589836999974 ], [ 112.45307027900003, -8.136589836999974 ], [ 112.45300484400002, -8.136601733999953 ], [ 112.45294535700009, -8.136613630999932 ] ] ] } },
{ "type": "Feature", "properties": { "fid": 2571, "class_id": 6, "class_name": "Danau", "source": "BIG", "source_class": "Waduk", "kode": "VALID", "alasan": "", "n_valid": 1, "n_nodata": 0, "status_v5": "ok" }, "geometry": { "type": "Polygon", "coordinates": [ [ [ 112.453099068000029, -8.134138633999953 ], [ 112.453052433000039, -8.134121145999927 ], [ 112.453029540000102, -8.134078629999976 ], [ 112.453099068000029, -8.134138633999953 ] ] ] } },
{ "type": "Feature", "properties": { "fid": 2578, "class_id": 6, "class_name": "Danau", "source": "BIG", "source_class": "Waduk", "kode": "VALID", "alasan": "", "n_valid": 78, "n_nodata": 0, "status_v5": "ok" }, "geometry": { "type": "Polygon", "coordinates": [ [ [ 112.456350549000035, -8.133117338999966 ], [ 112.456773775000102, -8.133297654999978 ], [ 112.456822451000107, -8.133479313999942 ], [ 112.456507051000017, -8.133460207999974 ], [ 112.455764852000016, -8.133157718999939 ], [ 112.455341290000092, -8.133253220999961 ], [ 112.455432, -8.133209 ], [ 112.455516000000102, -8.13312 ], [ 112.455543259000024, -8.13300165499993 ], [ 112.455547639000088, -8.132984498999974 ], [ 112.455558715000052, -8.132941113999948 ], [ 112.455591581000022, -8.132759150999959 ], [ 112.455637, -8.132519 ], [ 112.455761, -8.132107 ], [ 112.455988, -8.131902 ], [ 112.456130360000088, -8.131795229999966 ], [ 112.456020219000038, -8.132065802999932 ], [ 112.455963460000021, -8.132305260999942 ], [ 112.455974065000078, -8.132582757999955 ], [ 112.455918234000023, -8.132895425999948 ], [ 112.456350549000035, -8.133117338999966 ] ] ] } },
{ "type": "Feature", "properties": { "fid": 2586, "class_id": 6, "class_name": "Danau", "source": "BIG", "source_class": "Waduk", "kode": "VALID", "alasan": "", "n_valid": 44, "n_nodata": 0, "status_v5": "ok" }, "geometry": { "type": "Polygon", "coordinates": [ [ [ 112.548673537000013, -8.183584745999951 ], [ 112.548995707000017, -8.183487662999937 ], [ 112.549189712000043, -8.183904134999977 ], [ 112.548911928000052, -8.183997576999957 ], [ 112.548914843000034, -8.183881 ], [ 112.548691653000105, -8.183846327999959 ], [ 112.548503501000027, -8.183841016999963 ], [ 112.548358705000055, -8.183436940999968 ], [ 112.548302550000017, -8.183145543999956 ], [ 112.548307759000068, -8.183020370999941 ], [ 112.548522842000011, -8.183084199999939 ], [ 112.548673537000013, -8.183584745999951 ] ] ] } },
{ "type": "Feature", "properties": { "fid": 2591, "class_id": 6, "class_name": "Danau", "source": "BIG", "source_class": "Waduk", "kode": "VALID", "alasan": "", "n_valid": 549, "n_nodata": 0, "status_v5": "ok" }, "geometry": { "type": "Polygon", "coordinates": [ [ [ 112.455250618000036, -8.188008554999954 ], [ 112.455108404000043, -8.187973946999932 ], [ 112.454986458, -8.187934378999955 ], [ 112.455273711000018, -8.187422703999971 ], [ 112.455488915000046, -8.187170711999954 ], [ 112.455643912000028, -8.18687108499995 ], [ 112.455762369000013, -8.186428037999974 ], [ 112.455743664000011, -8.186236702999963 ], [ 112.455795977000093, -8.185763986999973 ], [ 112.455891029000099, -8.185488502999931 ], [ 112.456530892000046, -8.185117324999965 ], [ 112.456538539, -8.185106374999975 ], [ 112.456583758000079, -8.185086657999932 ], [ 112.457233618000032, -8.184803295999927 ], [ 112.457411013000069, -8.184155160999978 ], [ 112.457922931000098, -8.18368372499998 ], [ 112.458116724000092, -8.183270387999926 ], [ 112.458654397000032, -8.182550684999967 ], [ 112.458942455000056, -8.182390372999976 ], [ 112.459312314000044, -8.182030900999962 ], [ 112.459401512000113, -8.181797305999964 ], [ 112.459395226000083, -8.181719570999974 ], [ 112.459364166000114, -8.181432578999932 ], [ 112.459363557000074, -8.181265103999976 ], [ 112.459416997000062, -8.181103414999939 ], [ 112.459786251000082, -8.180596924999975 ], [ 112.459834267000019, -8.18014192399994 ], [ 112.460231077000117, -8.179721549999954 ], [ 112.460293663000016, -8.179509210999981 ], [ 112.460329072000036, -8.179341604999934 ], [ 112.460394453000049, -8.179161928999974 ], [ 112.460405675000061, -8.178946559999929 ], [ 112.460380945000111, -8.178749264999965 ], [ 112.460231880000038, -8.17863497999997 ], [ 112.460115525000106, -8.178397324999935 ], [ 112.460096558000032, -8.178134214999943 ], [ 112.460372269000118, -8.177354215999969 ], [ 112.460331960000076, -8.17706501999993 ], [ 112.460303645000067, -8.176809448999961 ], [ 112.460435, -8.177065 ], [ 112.460534, -8.177318 ], [ 112.460559000000103, -8.177507 ], [ 112.460451, -8.177804 ], [ 112.46028, -8.178138 ], [ 112.460393, -8.178601 ], [ 112.460527, -8.178834 ], [ 112.460696, -8.178975 ], [ 112.461009000000104, -8.179089 ], [ 112.461213, -8.179156 ], [ 112.46136, -8.179304 ], [ 112.461406, -8.179425 ], [ 112.461344, -8.179584 ], [ 112.461025, -8.179854 ], [ 112.460625, -8.180133 ], [ 112.460271, -8.180522 ], [ 112.459985, -8.180909 ], [ 112.459984, -8.18091 ], [ 112.459672, -8.181238 ], [ 112.45957, -8.181397 ], [ 112.459611000000109, -8.181765 ], [ 112.459637, -8.181905 ], [ 112.459585, -8.182135 ], [ 112.459062, -8.182811 ], [ 112.45906, -8.182812 ], [ 112.458481, -8.183467 ], [ 112.457918, -8.183953 ], [ 112.457732, -8.18411 ], [ 112.457531, -8.184549 ], [ 112.457393, -8.18491 ], [ 112.457244, -8.185172 ], [ 112.456508, -8.185607 ], [ 112.456209, -8.185764 ], [ 112.45602, -8.185979 ], [ 112.45597, -8.186258 ], [ 112.455959, -8.186714 ], [ 112.455845, -8.187092 ], [ 112.455345, -8.187847 ], [ 112.455250618000036, -8.188008554999954 ] ] ] } },
{ "type": "Feature", "properties": { "fid": 2606, "class_id": 6, "class_name": "Danau", "source": "BIG", "source_class": "Waduk", "kode": "VALID", "alasan": "", "n_valid": 211, "n_nodata": 0, "status_v5": "ok" }, "geometry": { "type": "Polygon", "coordinates": [ [ [ 112.496889421000105, -8.185149910999939 ], [ 112.496742858000061, -8.18513348099998 ], [ 112.496677220000038, -8.185192781999945 ], [ 112.496677756000054, -8.185336329999927 ], [ 112.496709434000081, -8.185521451999932 ], [ 112.496658, -8.185497 ], [ 112.496468, -8.185612 ], [ 112.496415, -8.185649 ], [ 112.4963130000001, -8.185813 ], [ 112.496134, -8.185988 ], [ 112.495974, -8.186062 ], [ 112.495821, -8.186098 ], [ 112.495664, -8.18625 ], [ 112.495602, -8.186343 ], [ 112.495568, -8.186371 ], [ 112.495429, -8.186434 ], [ 112.495311, -8.186439 ], [ 112.494941, -8.186369 ], [ 112.494661, -8.18637 ], [ 112.494536, -8.186434 ], [ 112.494267, -8.186609 ], [ 112.493992, -8.186713 ], [ 112.493884, -8.18666 ], [ 112.493726, -8.186471 ], [ 112.493728, -8.186387 ], [ 112.49381, -8.186281 ], [ 112.493991, -8.186042 ], [ 112.494041085000049, -8.185978476999935 ], [ 112.494043769000086, -8.186035123999943 ], [ 112.494231333000016, -8.18610620499993 ], [ 112.494490239000015, -8.185990406999963 ], [ 112.494907894000107, -8.185945795999942 ], [ 112.495282487000054, -8.185944408999944 ], [ 112.495656169000085, -8.185698989999935 ], [ 112.496058720000065, -8.185467818999939 ], [ 112.496109400000023, -8.185254482999937 ], [ 112.496511935000058, -8.185013625999943 ], [ 112.496559406000074, -8.184955135999928 ], [ 112.496575788000087, -8.184756310999944 ], [ 112.496641464000049, -8.184660367999982 ], [ 112.49674673800007, -8.184517840999945 ], [ 112.496948602000089, -8.184560156999964 ], [ 112.496928707000052, -8.18475899699996 ], [ 112.496978864000084, -8.184988085999976 ], [ 112.496889421000105, -8.185149910999939 ] ] ] } },
{ "type": "Feature", "properties": { "fid": 2616, "class_id": 6, "class_name": "Danau", "source": "BIG", "source_class": "Waduk", "kode": "VALID", "alasan": "", "n_valid": 144, "n_nodata": 0, "status_v5": "ok" }, "geometry": { "type": "Polygon", "coordinates": [ [ [ 112.457259, -8.175201 ], [ 112.456798, -8.175305 ], [ 112.456712, -8.175332 ], [ 112.456568, -8.175445 ], [ 112.456395, -8.175501 ], [ 112.45607, -8.175385 ], [ 112.455866, -8.175286 ], [ 112.455684, -8.175283 ], [ 112.455620476000036, -8.175362833999941 ], [ 112.455426651000039, -8.17508227899998 ], [ 112.455512418000012, -8.174895351999965 ], [ 112.455584454000018, -8.174895091999929 ], [ 112.456377480000015, -8.175064499999962 ], [ 112.457569907000106, -8.174657603999947 ], [ 112.45768884000006, -8.174421 ], [ 112.457572920000075, -8.17344350999997 ], [ 112.45759992, -8.172007019999967 ], [ 112.45690026200009, -8.17156414599998 ], [ 112.457264, -8.171741 ], [ 112.457592, -8.171847 ], [ 112.45771, -8.1719 ], [ 112.45775, -8.172058 ], [ 112.457651, -8.172562 ], [ 112.457607, -8.172924 ], [ 112.457609, -8.173405 ], [ 112.457789, -8.173986 ], [ 112.457757, -8.174319 ], [ 112.4578, -8.174741 ], [ 112.457805, -8.174892 ], [ 112.457731, -8.175026 ], [ 112.457259, -8.175201 ] ] ] } },
{ "type": "Feature", "properties": { "fid": 2621, "class_id": 6, "class_name": "Danau", "source": "BIG", "source_class": "Waduk", "kode": "VALID", "alasan": "", "n_valid": 121, "n_nodata": 0, "status_v5": "ok" }, "geometry": { "type": "Polygon", "coordinates": [ [ [ 112.471311746000083, -8.172673566999947 ], [ 112.471484386000043, -8.172605947999955 ], [ 112.471642671000041, -8.172552736999933 ], [ 112.471671503000039, -8.17255741699995 ], [ 112.471719930000063, -8.172667296999975 ], [ 112.471792369000013, -8.172777088999965 ], [ 112.471864983000046, -8.172934731999931 ], [ 112.471947097000111, -8.173063628999955 ], [ 112.472057920000111, -8.173163711999962 ], [ 112.472163888000068, -8.17324945699994 ], [ 112.472403796000094, -8.173191162999956 ], [ 112.472600501000102, -8.173137810999947 ], [ 112.472696759000087, -8.173194880999972 ], [ 112.472845386000017, -8.173127348999969 ], [ 112.473089904000062, -8.173016401999973 ], [ 112.473257670000066, -8.172929659999966 ], [ 112.473353261000057, -8.172804900999949 ], [ 112.473372494000046, -8.172744252999962 ], [ 112.473381, -8.1728 ], [ 112.473365, -8.173064 ], [ 112.473281, -8.173264 ], [ 112.473145, -8.173393 ], [ 112.472622000000115, -8.173539 ], [ 112.472226, -8.173534 ], [ 112.471893, -8.173485 ], [ 112.471405, -8.173174 ], [ 112.471245, -8.173016 ], [ 112.47106, -8.172652 ], [ 112.470848910000086, -8.17203561599996 ], [ 112.470877377000079, -8.172086585999978 ], [ 112.47088713900007, -8.17212961599995 ], [ 112.470978787000035, -8.17223933799994 ], [ 112.470998312, -8.172325397999941 ], [ 112.47113803700006, -8.172449300999972 ], [ 112.471071277000078, -8.172578740999938 ], [ 112.471311746000083, -8.172673566999947 ] ] ] } },
{ "type": "Feature", "properties": { "fid": 2627, "class_id": 6, "class_name": "Danau", "source": "BIG", "source_class": "Waduk", "kode": "VALID", "alasan": "", "n_valid": 98, "n_nodata": 0, "status_v5": "ok" }, "geometry": { "type": "Polygon", "coordinates": [ [ [ 112.493369447000077, -8.198416461999955 ], [ 112.493374020000033, -8.198365994999961 ], [ 112.4930277200001, -8.198274340999944 ], [ 112.493054787, -8.197805309999978 ], [ 112.493611070000043, -8.197583139999949 ], [ 112.493869661000076, -8.197381211999925 ], [ 112.49386602200002, -8.197263282999927 ], [ 112.493931, -8.197252 ], [ 112.494077, -8.197261 ], [ 112.494206, -8.197334 ], [ 112.494262, -8.197641 ], [ 112.494234, -8.197839 ], [ 112.494133, -8.19798 ], [ 112.493872, -8.198132 ], [ 112.493453, -8.198316 ], [ 112.493369447000077, -8.198416461999955 ] ] ] } },
{ "type": "Feature", "properties": { "fid": 2630, "class_id": 6, "class_name": "Danau", "source": "BIG", "source_class": "Waduk", "kode": "VALID", "alasan": "", "n_valid": 92, "n_nodata": 0, "status_v5": "ok" }, "geometry": { "type": "Polygon", "coordinates": [ [ [ 112.465800389000037, -8.165964836999933 ], [ 112.465821584000082, -8.16601560099997 ], [ 112.465712128000064, -8.166043962999936 ], [ 112.465656403000025, -8.165963910999949 ], [ 112.465497783000046, -8.165925008999977 ], [ 112.46542962500007, -8.166000619999977 ], [ 112.465361401000109, -8.166058287999931 ], [ 112.465343707000102, -8.166144482999925 ], [ 112.465394785000058, -8.16632373799996 ], [ 112.465337446000035, -8.166402898999934 ], [ 112.465329258000111, -8.166444475999981 ], [ 112.465268, -8.166359 ], [ 112.464790000000107, -8.166726 ], [ 112.464273, -8.167119 ], [ 112.46404, -8.16725 ], [ 112.46368, -8.167358 ], [ 112.4634, -8.167378 ], [ 112.463194, -8.167323 ], [ 112.463064, -8.167179 ], [ 112.463088, -8.167012 ], [ 112.463202607000085, -8.166899257999944 ], [ 112.463204855000072, -8.166994045999957 ], [ 112.463340204000019, -8.167071313999941 ], [ 112.463610073000041, -8.166998561999947 ], [ 112.463855974000012, -8.166937858999972 ], [ 112.464047848000064, -8.166877351999972 ], [ 112.464311627000029, -8.166780695999933 ], [ 112.464437535000116, -8.166738370999951 ], [ 112.4645933380001, -8.166663040999936 ], [ 112.464689199000077, -8.166611852999949 ], [ 112.464800110000056, -8.166572572999939 ], [ 112.464916785000014, -8.166467476999969 ], [ 112.46501016000002, -8.166425039999979 ], [ 112.465006272000096, -8.166314628999942 ], [ 112.465029979000064, -8.166230804999941 ], [ 112.465083841000023, -8.166185749999954 ], [ 112.465143739000041, -8.166149644999962 ], [ 112.465206518000059, -8.166080631999932 ], [ 112.465221242000098, -8.166002821999939 ], [ 112.465379947000088, -8.165900564999959 ], [ 112.465511716000037, -8.165819339999928 ], [ 112.465646781000032, -8.165818850999926 ], [ 112.465679917000102, -8.165851627999928 ], [ 112.465722188000086, -8.16592025999995 ], [ 112.465800389000037, -8.165964836999933 ] ] ] } },
{ "type": "Feature", "properties": { "fid": 2634, "class_id": 6, "class_name": "Danau", "source": "BIG", "source_class": "Waduk", "kode": "VALID", "alasan": "", "n_valid": 77, "n_nodata": 0, "status_v5": "ok" }, "geometry": { "type": "Polygon", "coordinates": [ [ [ 112.470661253000117, -8.170771481999964 ], [ 112.470560842000054, -8.170891473999973 ], [ 112.470590094000045, -8.171010993999971 ], [ 112.470633473000021, -8.171053900999937 ], [ 112.470783065000091, -8.171249544999966 ], [ 112.470903807000013, -8.171435722999945 ], [ 112.470899671000097, -8.171617569999967 ], [ 112.470833244, -8.171837922999941 ], [ 112.470812884000111, -8.171905463999963 ], [ 112.47067, -8.171327 ], [ 112.470617, -8.171169 ], [ 112.470346, -8.171082 ], [ 112.4697910000001, -8.170832 ], [ 112.469638, -8.17076 ], [ 112.469485, -8.170771 ], [ 112.469455067000013, -8.170797537999931 ], [ 112.469138611000062, -8.17069566899994 ], [ 112.469147726000074, -8.170561654999972 ], [ 112.469190649000097, -8.170480152999971 ], [ 112.469315493000067, -8.170474913999954 ], [ 112.469401935000064, -8.170474599999977 ], [ 112.469541185000026, -8.170469308999941 ], [ 112.469709548000083, -8.170545258999937 ], [ 112.469820317000085, -8.170630986999981 ], [ 112.469978987000104, -8.170683045999965 ], [ 112.470089669000117, -8.170744849999949 ], [ 112.470339058000036, -8.170653026999958 ], [ 112.470405870000036, -8.170537942999943 ], [ 112.47054941500005, -8.170393869999941 ], [ 112.470727207000095, -8.170421933999933 ], [ 112.470775511000056, -8.170498318999933 ], [ 112.470727943000043, -8.17062290299998 ], [ 112.470661253000117, -8.170771481999964 ] ] ] } },
{ "type": "Feature", "properties": { "fid": 2636, "class_id": 6, "class_name": "Danau", "source": "BIG", "source_class": "Waduk", "kode": "VALID", "alasan": "", "n_valid": 75, "n_nodata": 0, "status_v5": "ok" }, "geometry": { "type": "Polygon", "coordinates": [ [ [ 112.473502365000058, -8.198453601999972 ], [ 112.473446602000081, -8.198446402999934 ], [ 112.473389058000066, -8.198470537999981 ], [ 112.473351165000054, -8.19861422799994 ], [ 112.47326510500011, -8.198719812999968 ], [ 112.473183688000063, -8.198782315999949 ], [ 112.473087740000096, -8.19881137699997 ], [ 112.473015700000019, -8.198811639999974 ], [ 112.472871813000097, -8.198864800999957 ], [ 112.472785647000023, -8.198941676999937 ], [ 112.472675361000029, -8.198989929999925 ], [ 112.472584304000065, -8.199042897999959 ], [ 112.472517436000089, -8.199143627999945 ], [ 112.472339860000034, -8.199177771999928 ], [ 112.472339878000071, -8.199182556999972 ], [ 112.472303589000035, -8.199311525999974 ], [ 112.472273767000047, -8.199489040999936 ], [ 112.472250141000018, -8.199594398999977 ], [ 112.47222642700001, -8.199675830999979 ], [ 112.472169023000106, -8.199738245999981 ], [ 112.472154967000051, -8.199833997999974 ], [ 112.472136056000068, -8.199915412999928 ], [ 112.472105769000109, -8.19991711199998 ], [ 112.472151, -8.199512 ], [ 112.472167, -8.199278 ], [ 112.472344, -8.198725 ], [ 112.472463, -8.198525 ], [ 112.473009, -8.198352 ], [ 112.473251, -8.19833 ], [ 112.473502365000058, -8.198453601999972 ] ] ] } },
{ "type": "Feature", "properties": { "fid": 2640, "class_id": 6, "class_name": "Danau", "source": "BIG", "source_class": "Waduk", "kode": "VALID", "alasan": "", "n_valid": 60, "n_nodata": 0, "status_v5": "ok" }, "geometry": { "type": "Polygon", "coordinates": [ [ [ 112.490171450000048, -8.202115129999981 ], [ 112.49, -8.201408 ], [ 112.489975, -8.201259 ], [ 112.49, -8.201078 ], [ 112.4898290000001, -8.200826 ], [ 112.489657, -8.200624 ], [ 112.489606, -8.200485 ], [ 112.489760663000084, -8.200113517999966 ], [ 112.48980786900006, -8.20030552399993 ], [ 112.490068389000044, -8.200620370999957 ], [ 112.49031026900002, -8.201088406999929 ], [ 112.490283057000056, -8.20151915799994 ], [ 112.490275091000058, -8.201959407999937 ], [ 112.490179608000062, -8.202112880999948 ], [ 112.490171450000048, -8.202115129999981 ] ] ] } },
{ "type": "Feature", "properties": { "fid": 2645, "class_id": 6, "class_name": "Danau", "source": "BIG", "source_class": "Waduk", "kode": "VALID", "alasan": "", "n_valid": 53, "n_nodata": 0, "status_v5": "ok" }, "geometry": { "type": "Polygon", "coordinates": [ [ [ 112.512106057000096, -8.195655250999948 ], [ 112.511973322000017, -8.195590815999935 ], [ 112.51196389800009, -8.195461939999973 ], [ 112.511948597000014, -8.195252890999939 ], [ 112.511964200000079, -8.194965923999973 ], [ 112.511926985000059, -8.194757049999964 ], [ 112.511912050000092, -8.194673345999945 ], [ 112.511900595000043, -8.194625081999959 ], [ 112.511804464000079, -8.194220766999933 ], [ 112.511809367000069, -8.193972396999925 ], [ 112.511897141000077, -8.193835967999973 ], [ 112.511966047000101, -8.193807384999957 ], [ 112.512007442000026, -8.193794182999966 ], [ 112.5121148180001, -8.193801637999968 ], [ 112.512151372000062, -8.194937336999942 ], [ 112.512106057000096, -8.195655250999948 ] ] ] } },
{ "type": "Feature", "properties": { "fid": 2647, "class_id": 6, "class_name": "Danau", "source": "BIG", "source_class": "Waduk", "kode": "VALID", "alasan": "", "n_valid": 46, "n_nodata": 0, "status_v5": "ok" }, "geometry": { "type": "Polygon", "coordinates": [ [ [ 112.480904262000081, -8.18885204299994 ], [ 112.480783089000056, -8.188834360999977 ], [ 112.480180240000095, -8.189115317999949 ], [ 112.479634481000062, -8.18958625199997 ], [ 112.479491100000018, -8.189644004999934 ], [ 112.479879, -8.189185 ], [ 112.480201, -8.188737 ], [ 112.480351, -8.188537 ], [ 112.480474, -8.188447 ], [ 112.480904262000081, -8.18885204299994 ] ] ] } },
{ "type": "Feature", "properties": { "fid": 2654, "class_id": 6, "class_name": "Danau", "source": "BIG", "source_class": "Waduk", "kode": "VALID", "alasan": "", "n_valid": 35, "n_nodata": 0, "status_v5": "ok" }, "geometry": { "type": "Polygon", "coordinates": [ [ [ 112.464376160000029, -8.171780351999928 ], [ 112.464276, -8.17156 ], [ 112.46402, -8.171091 ], [ 112.463909, -8.170741 ], [ 112.463873, -8.170511 ], [ 112.463915753000038, -8.170389117999946 ], [ 112.463914924000051, -8.170405969999933 ], [ 112.463908099000037, -8.170510069999978 ], [ 112.463940869000112, -8.170606848999967 ], [ 112.463952053000071, -8.170710883999959 ], [ 112.464020853000079, -8.170811120999929 ], [ 112.464208708000115, -8.170964759999947 ], [ 112.464375031000031, -8.171140008999942 ], [ 112.464533967000079, -8.17126504099997 ], [ 112.464642321000042, -8.171347190999938 ], [ 112.464581445000022, -8.17144430899998 ], [ 112.464527719000102, -8.171527045999937 ], [ 112.464502860000039, -8.171624033999933 ], [ 112.464485152000066, -8.171706639999968 ], [ 112.464376160000029, -8.171780351999928 ] ] ] } },
{ "type": "Feature", "properties": { "fid": 2656, "class_id": 6, "class_name": "Danau", "source": "BIG", "source_class": "Waduk", "kode": "VALID", "alasan": "", "n_valid": 30, "n_nodata": 0, "status_v5": "ok" }, "geometry": { "type": "Polygon", "coordinates": [ [ [ 112.474657414000035, -8.19975061699995 ], [ 112.474608066000087, -8.199533144999975 ], [ 112.474607379000076, -8.199346530999946 ], [ 112.47470768800008, -8.199197827999967 ], [ 112.47482251200006, -8.199077781999961 ], [ 112.475099550000095, -8.19866525499998 ], [ 112.475113658000055, -8.198583857999949 ], [ 112.475113182000086, -8.198454663999939 ], [ 112.475113013000055, -8.198408725999968 ], [ 112.475166, -8.198468 ], [ 112.475199, -8.198728 ], [ 112.475151, -8.198946 ], [ 112.474981, -8.199307 ], [ 112.474830000000111, -8.199517 ], [ 112.474671, -8.199701 ], [ 112.474657414000035, -8.19975061699995 ] ] ] } },
{ "type": "Feature", "properties": { "fid": 2658, "class_id": 6, "class_name": "Danau", "source": "BIG", "source_class": "Waduk", "kode": "VALID", "alasan": "", "n_valid": 29, "n_nodata": 0, "status_v5": "ok" }, "geometry": { "type": "Polygon", "coordinates": [ [ [ 112.477889846000039, -8.197930794999934 ], [ 112.477909, -8.19775 ], [ 112.477727, -8.196717 ], [ 112.477711000000113, -8.196509 ], [ 112.477757235000013, -8.19638084099995 ], [ 112.477766405000011, -8.196425663999946 ], [ 112.477781025000013, -8.196483030999957 ], [ 112.477814961000036, -8.196569036999961 ], [ 112.477873017000093, -8.196683664999966 ], [ 112.477926482000044, -8.196855730999971 ], [ 112.477975162, -8.197032597999964 ], [ 112.478043212000102, -8.197252459999959 ], [ 112.478058379000117, -8.197458160999929 ], [ 112.478044661000013, -8.197644827999966 ], [ 112.478001967000068, -8.197788534999972 ], [ 112.477896803000021, -8.19792290099997 ], [ 112.477889846000039, -8.197930794999934 ] ] ] } },
{ "type": "Feature", "properties": { "fid": 2659, "class_id": 6, "class_name": "Danau", "source": "BIG", "source_class": "Waduk", "kode": "VALID", "alasan": "", "n_valid": 29, "n_nodata": 0, "status_v5": "ok" }, "geometry": { "type": "Polygon", "coordinates": [ [ [ 112.464093367000032, -8.169610902999977 ], [ 112.46408, -8.169173 ], [ 112.464073, -8.169021 ], [ 112.46413, -8.168862 ], [ 112.464289, -8.168691 ], [ 112.464289545000042, -8.168690774999959 ], [ 112.464315813000098, -8.168728549999969 ], [ 112.464398889000108, -8.168792847999953 ], [ 112.464449523000098, -8.168850084999974 ], [ 112.464450164000027, -8.169025933999933 ], [ 112.464443327000026, -8.169126444999961 ], [ 112.464400590000082, -8.169259385999965 ], [ 112.46433967400003, -8.169345736999958 ], [ 112.46420330400008, -8.169482604999928 ], [ 112.464117229000067, -8.169583402999933 ], [ 112.464093367000032, -8.169610902999977 ] ] ] } },
{ "type": "Feature", "properties": { "fid": 2662, "class_id": 6, "class_name": "Danau", "source": "BIG", "source_class": "Waduk", "kode": "VALID", "alasan": "", "n_valid": 19, "n_nodata": 0, "status_v5": "ok" }, "geometry": { "type": "Polygon", "coordinates": [ [ [ 112.470792942000116, -8.186470847999942 ], [ 112.470898, -8.185637 ], [ 112.470931, -8.185423 ], [ 112.471092000000112, -8.185139 ], [ 112.471099172000095, -8.18513143399997 ], [ 112.471102571000074, -8.185153728999978 ], [ 112.471102914000085, -8.185247035999964 ], [ 112.471107108000069, -8.185408515999939 ], [ 112.471096869, -8.185562870999945 ], [ 112.471050874000071, -8.185789131999968 ], [ 112.470968860000085, -8.186015524999959 ], [ 112.470958476000078, -8.186130403999925 ], [ 112.470995061000053, -8.186284587999978 ], [ 112.470973766000043, -8.186370796999938 ], [ 112.470873071000028, -8.186414228999979 ], [ 112.470792942000116, -8.186470847999942 ] ] ] } },
{ "type": "Feature", "properties": { "fid": 2665, "class_id": 6, "class_name": "Danau", "source": "BIG", "source_class": "Waduk", "kode": "VALID", "alasan": "", "n_valid": 22, "n_nodata": 0, "status_v5": "ok" }, "geometry": { "type": "Polygon", "coordinates": [ [ [ 112.475214, -8.201135 ], [ 112.475287, -8.201095 ], [ 112.475399, -8.201018 ], [ 112.475456, -8.200763 ], [ 112.475468736000039, -8.200703992999934 ], [ 112.475491245000057, -8.20069267699995 ], [ 112.475568017000114, -8.200673255999959 ], [ 112.475611665000088, -8.200787936999973 ], [ 112.475544939000088, -8.200926946999971 ], [ 112.475449309000055, -8.201042137999934 ], [ 112.47537786800001, -8.201205090999963 ], [ 112.475371817000109, -8.201205112999958 ], [ 112.475267406000057, -8.201205494999954 ], [ 112.475094279000018, -8.201143922999961 ], [ 112.474988302000042, -8.201058180999951 ], [ 112.474939587000108, -8.200871741999947 ], [ 112.474924262000059, -8.200622976999966 ], [ 112.474947376000046, -8.20037885499994 ], [ 112.475000047000094, -8.200335596999935 ], [ 112.475057344000106, -8.200244471999952 ], [ 112.475064095000107, -8.200193752999951 ], [ 112.475085384000067, -8.20003382799996 ], [ 112.475089381000089, -8.199963859999968 ], [ 112.475168, -8.199978 ], [ 112.475061, -8.200559 ], [ 112.475003, -8.20093 ], [ 112.47503, -8.201048 ], [ 112.475146000000109, -8.201123 ], [ 112.475214, -8.201135 ] ] ] } },
{ "type": "Feature", "properties": { "fid": 2670, "class_id": 6, "class_name": "Danau", "source": "BIG", "source_class": "Waduk", "kode": "VALID", "alasan": "", "n_valid": 17, "n_nodata": 0, "status_v5": "ok" }, "geometry": { "type": "Polygon", "coordinates": [ [ [ 112.479488171000071, -8.204582691999974 ], [ 112.479392160000089, -8.204409989999931 ], [ 112.479313814000079, -8.204181763999941 ], [ 112.479459120000115, -8.203808969999955 ], [ 112.47953408, -8.203690879999954 ], [ 112.479568, -8.203725 ], [ 112.479628, -8.203899 ], [ 112.479572, -8.204178 ], [ 112.479488171000071, -8.204582691999974 ] ] ] } },
{ "type": "Feature", "properties": { "fid": 2672, "class_id": 6, "class_name": "Danau", "source": "BIG", "source_class": "Waduk", "kode": "VALID", "alasan": "", "n_valid": 18, "n_nodata": 0, "status_v5": "ok" }, "geometry": { "type": "Polygon", "coordinates": [ [ [ 112.46554340900002, -8.168559020999965 ], [ 112.46545328600007, -8.168537814999979 ], [ 112.465194196000084, -8.168603350999945 ], [ 112.465082424000116, -8.168571456999928 ], [ 112.465061565000042, -8.168552887999965 ], [ 112.465032288000089, -8.168005089999951 ], [ 112.465033546000086, -8.168008191999945 ], [ 112.465073466000035, -8.168090589999963 ], [ 112.465142305000086, -8.168201593999981 ], [ 112.465225460000056, -8.168287423999971 ], [ 112.465340964, -8.168355192999968 ], [ 112.465506933000029, -8.168433544999971 ], [ 112.465568372, -8.16849074299995 ], [ 112.46554340900002, -8.168559020999965 ] ] ] } },
{ "type": "Feature", "properties": { "fid": 2678, "class_id": 6, "class_name": "Danau", "source": "BIG", "source_class": "Waduk", "kode": "VALID", "alasan": "", "n_valid": 15, "n_nodata": 0, "status_v5": "ok" }, "geometry": { "type": "Polygon", "coordinates": [ [ [ 112.476120170000058, -8.199326639999981 ], [ 112.476094137000018, -8.199322021999933 ], [ 112.475931, -8.199117 ], [ 112.475836, -8.198914 ], [ 112.475904, -8.198815 ], [ 112.476061839000067, -8.198781568999948 ], [ 112.476060543000017, -8.198786148999943 ], [ 112.476099353000109, -8.198891277999962 ], [ 112.47612373700008, -8.198991673999956 ], [ 112.476215588000059, -8.199154028999942 ], [ 112.476177661000065, -8.199288148999926 ], [ 112.476120170000058, -8.199326639999981 ] ] ] } },
{ "type": "Feature", "properties": { "fid": 2688, "class_id": 6, "class_name": "Danau", "source": "BIG", "source_class": "Waduk", "kode": "VALID", "alasan": "", "n_valid": 6, "n_nodata": 0, "status_v5": "ok" }, "geometry": { "type": "Polygon", "coordinates": [ [ [ 112.457708592000017, -8.177248358999975 ], [ 112.457919, -8.17703 ], [ 112.458036000000106, -8.176911 ], [ 112.458150300000057, -8.17686501299994 ], [ 112.458130509000057, -8.176874232999978 ], [ 112.458063330000073, -8.177095669999972 ], [ 112.457913710000071, -8.177221817999964 ], [ 112.457721698000114, -8.177246435999962 ], [ 112.457708592000017, -8.177248358999975 ] ] ] } },
{ "type": "Feature", "properties": { "fid": 2689, "class_id": 6, "class_name": "Danau", "source": "BIG", "source_class": "Waduk", "kode": "VALID", "alasan": "", "n_valid": 6, "n_nodata": 0, "status_v5": "ok" }, "geometry": { "type": "Polygon", "coordinates": [ [ [ 112.475955036000073, -8.166909444999931 ], [ 112.475930257000073, -8.166796975999944 ], [ 112.476029972000106, -8.166487976999974 ], [ 112.476115885000013, -8.16634411299998 ], [ 112.476191973000027, -8.166263498999967 ], [ 112.476206, -8.166373 ], [ 112.47595600000011, -8.166887 ], [ 112.475955036000073, -8.166909444999931 ] ] ] } },
{ "type": "Feature", "properties": { "fid": 2697, "class_id": 6, "class_name": "Danau", "source": "BIG", "source_class": "Waduk", "kode": "VALID", "alasan": "", "n_valid": 5, "n_nodata": 0, "status_v5": "ok" }, "geometry": { "type": "Polygon", "coordinates": [ [ [ 112.475505598000041, -8.199854989999949 ], [ 112.475479, -8.199741 ], [ 112.475484, -8.199603 ], [ 112.475544, -8.199522 ], [ 112.475644930000044, -8.199486337999929 ], [ 112.475655051000103, -8.19952931399996 ], [ 112.475636193000014, -8.199625083999933 ], [ 112.475583575000087, -8.199682696999957 ], [ 112.475507315000073, -8.199840881999933 ], [ 112.475505598000041, -8.199854989999949 ] ] ] } },
{ "type": "Feature", "properties": { "fid": 2699, "class_id": 6, "class_name": "Danau", "source": "BIG", "source_class": "Waduk", "kode": "VALID", "alasan": "", "n_valid": 4, "n_nodata": 0, "status_v5": "ok" }, "geometry": { "type": "Polygon", "coordinates": [ [ [ 112.478641492000065, -8.199360310999964 ], [ 112.478598120000015, -8.199255352999955 ], [ 112.478563918000077, -8.19909757299996 ], [ 112.478597095000055, -8.198977825999975 ], [ 112.478644556000063, -8.198824530999957 ], [ 112.478648944000042, -8.198806311999931 ], [ 112.478666, -8.198895 ], [ 112.47863, -8.199294 ], [ 112.478641492000065, -8.199360310999964 ] ] ] } },
{ "type": "Feature", "properties": { "fid": 2702, "class_id": 6, "class_name": "Danau", "source": "BIG", "source_class": "Waduk", "kode": "VALID", "alasan": "", "n_valid": 3, "n_nodata": 0, "status_v5": "ok" }, "geometry": { "type": "Polygon", "coordinates": [ [ [ 112.469121826000105, -8.187857010999949 ], [ 112.469327, -8.187536 ], [ 112.469442467000022, -8.187406215999943 ], [ 112.469418142000109, -8.187467452999954 ], [ 112.469303591000084, -8.187661663999961 ], [ 112.469181758000104, -8.187834368999972 ], [ 112.469121826000105, -8.187857010999949 ] ] ] } },
{ "type": "Feature", "properties": { "fid": 2710, "class_id": 6, "class_name": "Danau", "source": "BIG", "source_class": "Waduk", "kode": "VALID", "alasan": "", "n_valid": 1, "n_nodata": 0, "status_v5": "ok" }, "geometry": { "type": "Polygon", "coordinates": [ [ [ 112.513385360000029, -8.194226926999931 ], [ 112.513243874000068, -8.194105276999949 ], [ 112.513279105000038, -8.194092721999937 ], [ 112.513347191000094, -8.194164360999935 ], [ 112.51338871300004, -8.194226883999931 ], [ 112.513385360000029, -8.194226926999931 ] ] ] } },
{ "type": "Feature", "properties": { "fid": 2715, "class_id": 6, "class_name": "Danau", "source": "BIG", "source_class": "Waduk", "kode": "VALID", "alasan": "", "n_valid": 1, "n_nodata": 0, "status_v5": "ok" }, "geometry": { "type": "Polygon", "coordinates": [ [ [ 112.486094985000022, -8.194457640999929 ], [ 112.485972211000103, -8.194308277999937 ], [ 112.486040000000116, -8.194366 ], [ 112.486094985000022, -8.194457640999929 ] ] ] } },
{ "type": "Feature", "properties": { "fid": 2728, "class_id": 6, "class_name": "Danau", "source": "BIG", "source_class": "Waduk", "kode": "VALID", "alasan": "", "n_valid": 296, "n_nodata": 0, "status_v5": "ok" }, "geometry": { "type": "Polygon", "coordinates": [ [ [ 112.46153589000005, -8.136063601999979 ], [ 112.461573737000094, -8.135984524999969 ], [ 112.461602410000069, -8.135946140999977 ], [ 112.461659739000083, -8.135864588999937 ], [ 112.461702748000107, -8.135807012999976 ], [ 112.461803260000011, -8.135715734999962 ], [ 112.461865494000108, -8.13566287499998 ], [ 112.461913410000079, -8.135633991999953 ], [ 112.462074133000101, -8.135661586999959 ], [ 112.462458671000036, -8.135765473999982 ], [ 112.462651304000019, -8.13591790299995 ], [ 112.462815230000047, -8.136099144999946 ], [ 112.463007794000077, -8.136232433999965 ], [ 112.46322864900003, -8.136222067999938 ], [ 112.463507127000071, -8.136211494999941 ], [ 112.463680102000012, -8.136239581999973 ], [ 112.463949150000076, -8.136276892999945 ], [ 112.464227385000072, -8.136199328999965 ], [ 112.464496155, -8.136160078999978 ], [ 112.464727205000031, -8.136312368999938 ], [ 112.46530382100002, -8.136415559999932 ], [ 112.465515072000017, -8.136405227999944 ], [ 112.465822293000087, -8.136375408999982 ], [ 112.466264037000087, -8.136364244999982 ], [ 112.466686748000029, -8.136400998999932 ], [ 112.466850292000117, -8.136476968999943 ], [ 112.467157373000077, -8.136408868999979 ], [ 112.467541181000115, -8.136311780999961 ], [ 112.467895863000081, -8.13612866699998 ], [ 112.468288716000075, -8.135878423999941 ], [ 112.468643258000043, -8.135657028999958 ], [ 112.468892575000041, -8.135550856999942 ], [ 112.469094047000112, -8.135492706999969 ], [ 112.469343155000047, -8.135329113999944 ], [ 112.469506873000114, -8.135452933999943 ], [ 112.469372698000029, -8.135529979999944 ], [ 112.469498246000057, -8.135720927999955 ], [ 112.469613701000071, -8.13577793099995 ], [ 112.46973872600006, -8.135825329999932 ], [ 112.469892702000038, -8.135910902999967 ], [ 112.47005617700006, -8.135967732999973 ], [ 112.470200305000049, -8.135986350999929 ], [ 112.470353862000024, -8.135957084999973 ], [ 112.470535777, -8.135803304999968 ], [ 112.470689125000035, -8.135716617999947 ], [ 112.470938651000097, -8.13566786399997 ], [ 112.471150459000114, -8.13581064899995 ], [ 112.471237452000082, -8.135963455999956 ], [ 112.471323573000063, -8.13587701299997 ], [ 112.47129420300007, -8.135723996999957 ], [ 112.471216778000098, -8.135561585999938 ], [ 112.4711680260001, -8.135360789999936 ], [ 112.471263785000019, -8.135283881999953 ], [ 112.471427260000041, -8.135340710999969 ], [ 112.471641003000059, -8.135398861999931 ], [ 112.471744711000042, -8.135483111999974 ], [ 112.471600758000022, -8.135512343999949 ], [ 112.471495151000113, -8.135522296999966 ], [ 112.471408960000076, -8.135589599999946 ], [ 112.471447899000054, -8.135733010999957 ], [ 112.471477339000103, -8.13590516599993 ], [ 112.4714780380001, -8.136096565999935 ], [ 112.471430472000065, -8.136221149999926 ], [ 112.471353822000083, -8.136282734999952 ], [ 112.471171168000069, -8.136222088999943 ], [ 112.471007727000028, -8.136174829999959 ], [ 112.47092247, -8.136132736999969 ], [ 112.470942, -8.136101 ], [ 112.470945, -8.13604 ], [ 112.470906, -8.135995 ], [ 112.470744, -8.135952 ], [ 112.470524, -8.135929 ], [ 112.470197, -8.136032 ], [ 112.47, -8.136106 ], [ 112.469817, -8.136104 ], [ 112.469415, -8.135777 ], [ 112.469316, -8.135713 ], [ 112.468979000000104, -8.135725 ], [ 112.468687, -8.135769 ], [ 112.468402, -8.135843 ], [ 112.467504, -8.136362 ], [ 112.467148, -8.136539 ], [ 112.466943, -8.136601 ], [ 112.46655, -8.1366 ], [ 112.464825, -8.136462 ], [ 112.463969, -8.13646 ], [ 112.463639, -8.136456 ], [ 112.46324, -8.136399 ], [ 112.46288, -8.136264 ], [ 112.462411, -8.136065 ], [ 112.462167, -8.136007 ], [ 112.462003, -8.136017 ], [ 112.461709, -8.136223 ], [ 112.461493, -8.136408 ], [ 112.461292, -8.136515 ], [ 112.461224, -8.136513 ], [ 112.461192, -8.136177 ], [ 112.461126, -8.135809 ], [ 112.461101, -8.135596 ], [ 112.46113, -8.135448 ], [ 112.461537, -8.135254 ], [ 112.462009313000067, -8.135029783999926 ], [ 112.461995048000063, -8.135039810999956 ], [ 112.461697882000067, -8.135194002999981 ], [ 112.461525567000081, -8.135347744999933 ], [ 112.461468533000016, -8.135510642999975 ], [ 112.461459935000107, -8.135788208999941 ], [ 112.461489579000045, -8.136017785999968 ], [ 112.46153589000005, -8.136063601999979 ] ] ] } },
{ "type": "Feature", "properties": { "fid": 2734, "class_id": 6, "class_name": "Danau", "source": "BIG", "source_class": "Waduk", "kode": "VALID", "alasan": "", "n_valid": 169, "n_nodata": 0, "status_v5": "ok" }, "geometry": { "type": "Polygon", "coordinates": [ [ [ 112.463858322000078, -8.137712742999952 ], [ 112.464309498000034, -8.137653694999926 ], [ 112.464415107000036, -8.137643743999945 ], [ 112.464684503000058, -8.137776754999948 ], [ 112.464877625000099, -8.13806316199998 ], [ 112.464993742000047, -8.138301996999928 ], [ 112.465100498000083, -8.138607855999965 ], [ 112.465034174000039, -8.138856918999977 ], [ 112.464862172000039, -8.139096792999965 ], [ 112.464689788000101, -8.139231396999946 ], [ 112.464565631000028, -8.139423247999957 ], [ 112.464719955000078, -8.139604523999935 ], [ 112.464949790000105, -8.139421861999949 ], [ 112.465247131000069, -8.139315517999933 ], [ 112.465458314000102, -8.139286044999949 ], [ 112.465842611000085, -8.139322938999953 ], [ 112.465958068000077, -8.139379942999938 ], [ 112.466316489000064, -8.13947406099993 ], [ 112.46645890100001, -8.139770509999948 ], [ 112.466507617000048, -8.139961735999975 ], [ 112.46649891900006, -8.14021059099997 ], [ 112.466490909000072, -8.14050982599997 ], [ 112.466473, -8.140451 ], [ 112.46634, -8.140008 ], [ 112.46627, -8.139863 ], [ 112.466055, -8.139659 ], [ 112.465819, -8.139558 ], [ 112.465573, -8.139533 ], [ 112.465291, -8.139561 ], [ 112.46512, -8.139646 ], [ 112.464963, -8.13976 ], [ 112.464688, -8.139858 ], [ 112.464541, -8.139845 ], [ 112.464451, -8.139756 ], [ 112.464629, -8.139136 ], [ 112.464715, -8.138689 ], [ 112.464738, -8.138478 ], [ 112.464695, -8.138337 ], [ 112.464491, -8.138141 ], [ 112.464291000000117, -8.138027 ], [ 112.463975, -8.137934 ], [ 112.463676, -8.137878 ], [ 112.463526000000115, -8.137796 ], [ 112.463412, -8.137677 ], [ 112.463503, -8.137582 ], [ 112.463570749000041, -8.137537144999953 ], [ 112.463646792000077, -8.137646513999925 ], [ 112.463858322000078, -8.137712742999952 ] ] ] } },
{ "type": "Feature", "properties": { "fid": 2737, "class_id": 6, "class_name": "Danau", "source": "BIG", "source_class": "Waduk", "kode": "VALID", "alasan": "", "n_valid": 115, "n_nodata": 0, "status_v5": "ok" }, "geometry": { "type": "Polygon", "coordinates": [ [ [ 112.457330890000094, -8.149258704999966 ], [ 112.457570927, -8.149238701999934 ], [ 112.457859054000096, -8.149237665999976 ], [ 112.458253174000106, -8.149331950999965 ], [ 112.458435967000014, -8.149417424999967 ], [ 112.458628849000092, -8.149636844999975 ], [ 112.458849850000092, -8.14966476099994 ], [ 112.459070713000074, -8.14965439599996 ], [ 112.459330444000102, -8.149768302999973 ], [ 112.459513688000015, -8.149978186999931 ], [ 112.459303158000012, -8.150189488999956 ], [ 112.459173746000033, -8.150313727999958 ], [ 112.45917, -8.150197 ], [ 112.459165, -8.150051 ], [ 112.45904, -8.149941 ], [ 112.458038000000101, -8.149639 ], [ 112.457118, -8.149466 ], [ 112.456881, -8.149414 ], [ 112.456741, -8.149336 ], [ 112.456641000000104, -8.149184 ], [ 112.456642000000102, -8.149024 ], [ 112.456697973000018, -8.148888892999935 ], [ 112.456753389000028, -8.148916253999971 ], [ 112.45702244600011, -8.148953567999968 ], [ 112.457185857000013, -8.148991260999935 ], [ 112.457196050000107, -8.149153917999968 ], [ 112.457330890000094, -8.149258704999966 ] ] ] } },
{ "type": "Feature", "properties": { "fid": 2743, "class_id": 6, "class_name": "Danau", "source": "BIG", "source_class": "Waduk", "kode": "VALID", "alasan": "", "n_valid": 83, "n_nodata": 0, "status_v5": "ok" }, "geometry": { "type": "Polygon", "coordinates": [ [ [ 112.484560998, -8.149772423999934 ], [ 112.484724057000108, -8.149714406999976 ], [ 112.484982804000083, -8.149560338999947 ], [ 112.485232476000078, -8.149549853999929 ], [ 112.485636308000039, -8.14967278599994 ], [ 112.48592467900005, -8.149738719999959 ], [ 112.486126471000034, -8.149766689999979 ], [ 112.486251042000049, -8.149689673999944 ], [ 112.486326835000114, -8.149593551999942 ], [ 112.486385995000091, -8.149823159999926 ], [ 112.48627131100011, -8.149976700999957 ], [ 112.486166018000063, -8.150072786999942 ], [ 112.486022062000075, -8.150102024999967 ], [ 112.485743366000065, -8.150055195999926 ], [ 112.485579884000117, -8.149998373999949 ], [ 112.485435645000052, -8.149951052999938 ], [ 112.485281838000105, -8.149913335999941 ], [ 112.485186502000033, -8.15010508599994 ], [ 112.485052539000094, -8.150239556999963 ], [ 112.484908935000021, -8.150364493999973 ], [ 112.484803572000033, -8.150441439999952 ], [ 112.484726774000023, -8.150451290999968 ], [ 112.484697787000073, -8.150384573999929 ], [ 112.484954, -8.150228 ], [ 112.485106, -8.150014 ], [ 112.485128, -8.149959 ], [ 112.485009000000105, -8.149853 ], [ 112.484582, -8.149846 ], [ 112.484411, -8.149822 ], [ 112.484296, -8.149748 ], [ 112.484228, -8.149606 ], [ 112.484282527, -8.149346901999934 ], [ 112.484387524000113, -8.149610367999969 ], [ 112.484560998, -8.149772423999934 ] ] ] } },
{ "type": "Feature", "properties": { "fid": 2746, "class_id": 6, "class_name": "Danau", "source": "BIG", "source_class": "Waduk", "kode": "VALID", "alasan": "", "n_valid": 74, "n_nodata": 0, "status_v5": "ok" }, "geometry": { "type": "Polygon", "coordinates": [ [ [ 112.452580429000022, -8.151203727999928 ], [ 112.452468440000075, -8.151190186999941 ], [ 112.452429367000036, -8.151008492999949 ], [ 112.452611192000063, -8.150826007999967 ], [ 112.45269659500002, -8.150538595999933 ], [ 112.452704853000114, -8.150165329999936 ], [ 112.452617413000098, -8.149888106999981 ], [ 112.45253062900008, -8.149792715999979 ], [ 112.452549009000109, -8.149562965999962 ], [ 112.452624911000044, -8.149304298999937 ], [ 112.452816403000043, -8.14883612899996 ], [ 112.45284, -8.14907 ], [ 112.452827, -8.149402 ], [ 112.45278, -8.1497 ], [ 112.452883, -8.150034 ], [ 112.453015, -8.150342 ], [ 112.453051, -8.150632 ], [ 112.453016, -8.150856 ], [ 112.452662, -8.151113 ], [ 112.452580429000022, -8.151203727999928 ] ] ] } },
{ "type": "Feature", "properties": { "fid": 2747, "class_id": 6, "class_name": "Danau", "source": "BIG", "source_class": "Waduk", "kode": "VALID", "alasan": "", "n_valid": 68, "n_nodata": 0, "status_v5": "ok" }, "geometry": { "type": "Polygon", "coordinates": [ [ [ 112.458429571000011, -8.139515977999963 ], [ 112.45840992, -8.139367979999975 ], [ 112.458445081000036, -8.139321398999925 ], [ 112.458499396000093, -8.139249442999926 ], [ 112.458582, -8.139140009999949 ], [ 112.458645896, -8.139024007999978 ], [ 112.458745924000027, -8.138798748999932 ], [ 112.458930491000046, -8.138684413999954 ], [ 112.458982737000042, -8.138620312999933 ], [ 112.459071664000021, -8.138566709999964 ], [ 112.459056980000014, -8.138500956999962 ], [ 112.459104585000091, -8.138385943999936 ], [ 112.45905696300008, -8.138303122999957 ], [ 112.458911761000081, -8.138180877999957 ], [ 112.458877783000048, -8.138080512999977 ], [ 112.459018902000025, -8.137998121999942 ], [ 112.459297382000045, -8.13798755199997 ], [ 112.459431734000077, -8.137958357999935 ], [ 112.459589967000056, -8.137925142999961 ], [ 112.459736385000042, -8.137814247999927 ], [ 112.460028994000027, -8.137727064999979 ], [ 112.460105185000089, -8.137549742999965 ], [ 112.460104937000096, -8.137481495999964 ], [ 112.460122, -8.137494 ], [ 112.460134, -8.137656 ], [ 112.460066, -8.137902 ], [ 112.459984, -8.138003 ], [ 112.459652, -8.138142 ], [ 112.459421, -8.138227 ], [ 112.459268, -8.138328 ], [ 112.459177, -8.138608 ], [ 112.459106, -8.138781 ], [ 112.458976, -8.138914 ], [ 112.458778, -8.139061 ], [ 112.458479, -8.139435 ], [ 112.458429571000011, -8.139515977999963 ] ] ] } },
{ "type": "Feature", "properties": { "fid": 2751, "class_id": 6, "class_name": "Danau", "source": "BIG", "source_class": "Waduk", "kode": "VALID", "alasan": "", "n_valid": 40, "n_nodata": 0, "status_v5": "ok" }, "geometry": { "type": "Polygon", "coordinates": [ [ [ 112.485502387000111, -8.144610718999957 ], [ 112.485627697000041, -8.144734669999934 ], [ 112.485868609000022, -8.144953899999962 ], [ 112.485993568000026, -8.144982151999955 ], [ 112.486108922000085, -8.145010439999965 ], [ 112.486280629000021, -8.144693998999969 ], [ 112.48625241700006, -8.144856792999974 ], [ 112.486214954000047, -8.145115321999981 ], [ 112.486177209000061, -8.145297290999963 ], [ 112.486109763000059, -8.145329428999958 ], [ 112.485953000000109, -8.145089 ], [ 112.485834, -8.144932 ], [ 112.485516, -8.144752 ], [ 112.485079, -8.144572 ], [ 112.484923, -8.144541 ], [ 112.48466, -8.144665 ], [ 112.484366, -8.14483 ], [ 112.484199000000103, -8.144883 ], [ 112.484151000000111, -8.144863 ], [ 112.484125, -8.144619 ], [ 112.484129161000055, -8.144558500999949 ], [ 112.484321235000039, -8.144653320999964 ], [ 112.484503499000084, -8.144595233999951 ], [ 112.484685552000087, -8.144479726999975 ], [ 112.48488706, -8.144431139999938 ], [ 112.485137011, -8.144497214999944 ], [ 112.485502387000111, -8.144610718999957 ] ] ] } },
{ "type": "Feature", "properties": { "fid": 2754, "class_id": 6, "class_name": "Danau", "source": "BIG", "source_class": "Waduk", "kode": "VALID", "alasan": "", "n_valid": 35, "n_nodata": 0, "status_v5": "ok" }, "geometry": { "type": "Polygon", "coordinates": [ [ [ 112.460673425000095, -8.133417637999969 ], [ 112.460788602000093, -8.133398082999975 ], [ 112.460941165, -8.133365503999926 ], [ 112.46075, -8.1336 ], [ 112.460672, -8.133632 ], [ 112.460375000000113, -8.133584 ], [ 112.460223, -8.133613 ], [ 112.460118021000085, -8.133686146999935 ], [ 112.46010766400002, -8.133658924999963 ], [ 112.460030452000069, -8.133553930999938 ], [ 112.459962636000114, -8.133391481999979 ], [ 112.45996595400004, -8.133217969999976 ], [ 112.460144382000067, -8.133189854999955 ], [ 112.460413636000112, -8.13328458899997 ], [ 112.460558006000042, -8.133370201999981 ], [ 112.460600103000047, -8.133387503999927 ], [ 112.460673425000095, -8.133417637999969 ] ] ] } },
{ "type": "Feature", "properties": { "fid": 2758, "class_id": 6, "class_name": "Danau", "source": "BIG", "source_class": "Waduk", "kode": "VALID", "alasan": "", "n_valid": 19, "n_nodata": 0, "status_v5": "ok" }, "geometry": { "type": "Polygon", "coordinates": [ [ [ 112.503949484000032, -8.147104401999968 ], [ 112.504009594000081, -8.146962267999982 ], [ 112.504038859000048, -8.146666813999957 ], [ 112.504001533000064, -8.146381065999947 ], [ 112.503986375000068, -8.146161518999975 ], [ 112.504073721000054, -8.14608467499994 ], [ 112.504175018000069, -8.146089423999967 ], [ 112.504220729000053, -8.146107748999952 ], [ 112.504234367000095, -8.146288521999963 ], [ 112.504264277000061, -8.146589584999958 ], [ 112.504147710000098, -8.146850556999937 ], [ 112.503961517000107, -8.147095054999966 ], [ 112.503949484000032, -8.147104401999968 ] ] ] } },
{ "type": "Feature", "properties": { "fid": 2760, "class_id": 6, "class_name": "Danau", "source": "BIG", "source_class": "Waduk", "kode": "VALID", "alasan": "", "n_valid": 23, "n_nodata": 0, "status_v5": "ok" }, "geometry": { "type": "Polygon", "coordinates": [ [ [ 112.459720901000082, -8.135593487999927 ], [ 112.459756503000108, -8.13558828999993 ], [ 112.459749000000102, -8.135609 ], [ 112.459656000000109, -8.135687 ], [ 112.459328, -8.135648 ], [ 112.459205000000111, -8.135634 ], [ 112.459083, -8.135677 ], [ 112.459087917000033, -8.135731083999929 ], [ 112.459039266000104, -8.135662927999931 ], [ 112.458952277000094, -8.135510117999956 ], [ 112.458894342, -8.135424194999928 ], [ 112.45897082700003, -8.135328217999927 ], [ 112.459095712000021, -8.135337339999978 ], [ 112.459403383000108, -8.135431935999975 ], [ 112.459567030000017, -8.135536619999925 ], [ 112.459720901000082, -8.135593487999927 ] ] ] } },
{ "type": "Feature", "properties": { "fid": 2766, "class_id": 6, "class_name": "Danau", "source": "BIG", "source_class": "Waduk", "kode": "VALID", "alasan": "", "n_valid": 12, "n_nodata": 0, "status_v5": "ok" }, "geometry": { "type": "Polygon", "coordinates": [ [ [ 112.460692054000106, -8.132361611999954 ], [ 112.460650060000035, -8.132269301999941 ], [ 112.460658798000054, -8.132030016999977 ], [ 112.460603011000103, -8.131892802999971 ], [ 112.460772450000036, -8.131589380999969 ], [ 112.461084872000015, -8.131269414999963 ], [ 112.461045, -8.1314 ], [ 112.460734000000116, -8.131972 ], [ 112.460690000000113, -8.132323 ], [ 112.460692054000106, -8.132361611999954 ] ] ] } },
{ "type": "Feature", "properties": { "fid": 2767, "class_id": 6, "class_name": "Danau", "source": "BIG", "source_class": "Waduk", "kode": "VALID", "alasan": "", "n_valid": 13, "n_nodata": 0, "status_v5": "ok" }, "geometry": { "type": "Polygon", "coordinates": [ [ [ 112.458532124000044, -8.146823598999958 ], [ 112.458694, -8.146612 ], [ 112.458948, -8.146268 ], [ 112.459153508000099, -8.146076450999942 ], [ 112.45910673800006, -8.146342989999937 ], [ 112.4589153820001, -8.146544651999932 ], [ 112.458800618000055, -8.146679046999964 ], [ 112.458532221000041, -8.146823564999977 ], [ 112.458532124000044, -8.146823598999958 ] ] ] } },
{ "type": "Feature", "properties": { "fid": 2771, "class_id": 6, "class_name": "Danau", "source": "BIG", "source_class": "Waduk", "kode": "VALID", "alasan": "", "n_valid": 6, "n_nodata": 0, "status_v5": "ok" }, "geometry": { "type": "Polygon", "coordinates": [ [ [ 112.482317485000067, -8.146693137999932 ], [ 112.48202415600008, -8.146805412999981 ], [ 112.482128886000055, -8.146556207999936 ], [ 112.482200825000064, -8.146435735999944 ], [ 112.482198, -8.14655 ], [ 112.482206, -8.146619 ], [ 112.4822640000001, -8.146603 ], [ 112.482529000000113, -8.146493 ], [ 112.482828221000091, -8.146353898999962 ], [ 112.482826358000011, -8.146356499999968 ], [ 112.482712716000037, -8.146464589999937 ], [ 112.482365024000046, -8.146597493999934 ], [ 112.482317485000067, -8.146693137999932 ] ] ] } },
{ "type": "Feature", "properties": { "fid": 2773, "class_id": 6, "class_name": "Danau", "source": "BIG", "source_class": "Waduk", "kode": "VALID", "alasan": "", "n_valid": 6, "n_nodata": 0, "status_v5": "ok" }, "geometry": { "type": "Polygon", "coordinates": [ [ [ 112.465183908000085, -8.137774952999962 ], [ 112.465104608000047, -8.137757018999935 ], [ 112.465179, -8.137747 ], [ 112.465524, -8.137603 ], [ 112.465898037000102, -8.137544238999965 ], [ 112.465845883000043, -8.137581161999947 ], [ 112.465654083000118, -8.137658414999976 ], [ 112.465347175000034, -8.137774363999938 ], [ 112.465183908000085, -8.137774952999962 ] ] ] } },
{ "type": "Feature", "properties": { "fid": 2776, "class_id": 6, "class_name": "Danau", "source": "BIG", "source_class": "Waduk", "kode": "VALID", "alasan": "", "n_valid": 5, "n_nodata": 0, "status_v5": "ok" }, "geometry": { "type": "Polygon", "coordinates": [ [ [ 112.459426224000026, -8.154993264999973 ], [ 112.459276844000101, -8.154965913999945 ], [ 112.459447, -8.154655 ], [ 112.459461401000112, -8.154592867999952 ], [ 112.459521156000051, -8.154686678999951 ], [ 112.459473933000027, -8.154906961999927 ], [ 112.459426224000026, -8.154993264999973 ] ] ] } },
{ "type": "Feature", "properties": { "fid": 2778, "class_id": 6, "class_name": "Danau", "source": "BIG", "source_class": "Waduk", "kode": "VALID", "alasan": "", "n_valid": 4, "n_nodata": 0, "status_v5": "ok" }, "geometry": { "type": "Polygon", "coordinates": [ [ [ 112.482260781000036, -8.145859541999926 ], [ 112.482259962000057, -8.145637002999933 ], [ 112.482402861000082, -8.145320668999943 ], [ 112.482426560000022, -8.14527484499996 ], [ 112.482440000000111, -8.145407 ], [ 112.4822640000001, -8.14584 ], [ 112.482260781000036, -8.145859541999926 ] ] ] } },
{ "type": "Feature", "properties": { "fid": 2785, "class_id": 6, "class_name": "Danau", "source": "BIG", "source_class": "Waduk", "kode": "VALID", "alasan": "", "n_valid": 1, "n_nodata": 0, "status_v5": "ok" }, "geometry": { "type": "Polygon", "coordinates": [ [ [ 112.477776032000065, -8.145004397999969 ], [ 112.477792, -8.144992 ], [ 112.478025670000079, -8.14486734299993 ], [ 112.478127304000054, -8.144857762999948 ], [ 112.477776032000065, -8.145004397999969 ] ] ] } },
{ "type": "Feature", "properties": { "fid": 2790, "class_id": 6, "class_name": "Danau", "source": "BIG", "source_class": "Waduk", "kode": "VALID", "alasan": "", "n_valid": 1, "n_nodata": 0, "status_v5": "ok" }, "geometry": { "type": "Polygon", "coordinates": [ [ [ 112.467088865000051, -8.142636405999951 ], [ 112.467066283, -8.142525977999981 ], [ 112.467031097000017, -8.142422049999936 ], [ 112.467066, -8.142474 ], [ 112.467088865000051, -8.142636405999951 ] ] ] } }
]
}
