fid,class_id,class_name,kategori,kode,alasan
1,1,Sawah,tidak valid,V5,<1 pixel valid (V5: <1 pixel valid)
2,1,Sawah,tidak valid,V5,<1 pixel valid (V5: <1 pixel valid)
3,1,Sawah,tidak valid,V5,<1 pixel valid (V5: <1 pixel valid)
4,1,Sawah,tidak valid,V5,<1 pixel valid (V5: <1 pixel valid)
5,1,Sawah,valid tidak terpilih (kuota),KUOTA,valid tetapi tidak terambil acak 50/kelas
6,1,Sawah,tidak valid,V5,<1 pixel valid (V5: <1 pixel valid)
7,1,Sawah,tidak valid,V5,<1 pixel valid (V5: <1 pixel valid)
8,1,Sawah,tidak valid,V5,<1 pixel valid (V5: <1 pixel valid)
9,1,Sawah,tidak valid,V5,<1 pixel valid (V5: <1 pixel valid)
10,1,Sawah,tidak valid,V5,<1 pixel valid (V5: <1 pixel valid)
11,1,Sawah,tidak valid,V5,<1 pixel valid (V5: <1 pixel valid)
12,1,Sawah,tidak valid,V5,<1 pixel valid (V5: <1 pixel valid)
13,1,Sawah,tidak valid,V5,<1 pixel valid (V5: <1 pixel valid)
14,1,Sawah,tidak valid,V5,<1 pixel valid (V5: <1 pixel valid)
15,1,Sawah,tidak valid,V5,<1 pixel valid (V5: <1 pixel valid)
16,1,Sawah,valid tidak terpilih (kuota),KUOTA,valid tetapi tidak terambil acak 50/kelas
17,1,Sawah,tidak valid,V5,<1 pixel valid (V5: <1 pixel valid)
18,1,Sawah,tidak valid,V5,<1 pixel valid (V5: <1 pixel valid)
19,1,Sawah,tidak valid,V5,<1 pixel valid (V5: <1 pixel valid)
21,1,Sawah,tidak valid,V5,<1 pixel valid (V5: <1 pixel valid)
22,1,Sawah,tidak valid,V5,<1 pixel valid (V5: <1 pixel valid)
23,1,Sawah,tidak valid,V5,<1 pixel valid (V5: <1 pixel valid)
24,1,Sawah,tidak valid,V5,<1 pixel valid (V5: <1 pixel valid)
25,1,Sawah,tidak valid,V5,<1 pixel valid (V5: <1 pixel valid)
26,1,Sawah,tidak valid,V5,<1 pixel valid (V5: <1 pixel valid)
27,1,Sawah,tidak valid,V5,<1 pixel valid (V5: <1 pixel valid)
28,1,Sawah,tidak valid,V5,<1 pixel valid (V5: <1 pixel valid)
29,1,Sawah,tidak valid,V5,<1 pixel valid (V5: <1 pixel valid)
30,1,Sawah,tidak valid,V5,<1 pixel valid (V5: <1 pixel valid)
31,1,Sawah,tidak valid,V5,<1 pixel valid (V5: <1 pixel valid)
32,1,Sawah,tidak valid,V5,<1 pixel valid (V5: <1 pixel valid)
33,1,Sawah,tidak valid,V5,<1 pixel valid (V5: <1 pixel valid)
34,1,Sawah,tidak valid,V5,<1 pixel valid (V5: <1 pixel valid)
35,1,Sawah,tidak valid,V5,<1 pixel valid (V5: <1 pixel valid)
36,1,Sawah,tidak valid,V5,<1 pixel valid (V5: <1 pixel valid)
37,1,Sawah,tidak valid,V5,<1 pixel valid (V5: <1 pixel valid)
38,1,Sawah,tidak valid,V5,<1 pixel valid (V5: <1 pixel valid)
39,1,Sawah,tidak valid,V5,<1 pixel valid (V5: <1 pixel valid)
40,1,Sawah,tidak valid,V5,<1 pixel valid (V5: <1 pixel valid)
41,1,Sawah,tidak valid,V5,<1 pixel valid (V5: <1 pixel valid)
42,1,Sawah,tidak valid,V5,<1 pixel valid (V5: <1 pixel valid)
43,1,Sawah,tidak valid,V6,overlap lintas kelas > 0.05
44,1,Sawah,tidak valid,V5,<1 pixel valid (V5: <1 pixel valid)
46,1,Sawah,tidak valid,V5,<1 pixel valid (V5: <1 pixel valid)
47,1,Sawah,tidak valid,V5,<1 pixel valid (V5: <1 pixel valid)
49,1,Sawah,tidak valid,V5,<1 pixel valid (V5: <1 pixel valid)
51,1,Sawah,tidak valid,V5,<1 pixel valid (V5: <1 pixel valid)
52,1,Sawah,tidak valid,V5,<1 pixel valid (V5: <1 pixel valid)
53,1,Sawah,tidak valid,V5,<1 pixel valid (V5: <1 pixel valid)
54,1,Sawah,tidak valid,V5,<1 pixel valid (V5: <1 pixel valid)
55,1,Sawah,tidak valid,V5,<1 pixel valid (V5: <1 pixel valid)
56,1,Sawah,tidak valid,V5,<1 pixel valid (V5: <1 pixel valid)
57,1,Sawah,tidak valid,V5,<1 pixel valid (V5: <1 pixel valid)
58,1,Sawah,tidak valid,V5,<1 pixel valid (V5: <1 pixel valid)
59,1,Sawah,tidak valid,V5,<1 pixel valid (V5: <1 pixel valid)
60,1,Sawah,tidak valid,V5,<1 pixel valid (V5: <1 pixel valid)
61,1,Sawah,tidak valid,V5,<1 pixel valid (V5: <1 pixel valid)
62,1,Sawah,tidak valid,V5,<1 pixel valid (V5: <1 pixel valid)
63,1,Sawah,tidak valid,V5,<1 pixel valid (V5: <1 pixel valid)
64,1,Sawah,tidak valid,V5,<1 pixel valid (V5: <1 pixel valid)
65,1,Sawah,tidak valid,V5,<1 pixel valid (V5: <1 pixel valid)
67,1,Sawah,tidak valid,V5,<1 pixel valid (V5: <1 pixel valid)
69,1,Sawah,tidak valid,V5,<1 pixel valid (V5: <1 pixel valid)
70,1,Sawah,tidak valid,V5,<1 pixel valid (V5: <1 pixel valid)
71,1,Sawah,tidak valid,V5,<1 pixel valid (V5: <1 pixel valid)
73,1,Sawah,tidak valid,V5,<1 pixel valid (V5: <1 pixel valid)
74,1,Sawah,tidak valid,V5,<1 pixel valid (V5: <1 pixel valid)
75,1,Sawah,tidak valid,V6,overlap lintas kelas > 0.05
76,1,Sawah,tidak valid,V5,<1 pixel valid (V5: <1 pixel valid)
77,1,Sawah,tidak valid,V5,<1 pixel valid (V5: <1 pixel valid)
78,1,Sawah,tidak valid,V5,<1 pixel valid (V5: <1 pixel valid)
79,1,Sawah,tidak valid,V6,overlap lintas kelas > 0.05
80,1,Sawah,tidak valid,V5,<1 pixel valid (V5: <1 pixel valid)
82,1,Sawah,tidak valid,V5,<1 pixel valid (V5: <1 pixel valid)
83,1,Sawah,tidak valid,V5,<1 pixel valid (V5: <1 pixel valid)
84,1,Sawah,tidak valid,V5,<1 pixel valid (V5: <1 pixel valid)
85,1,Sawah,tidak valid,V5,<1 pixel valid (V5: <1 pixel valid)
86,1,Sawah,tidak valid,V5,<1 pixel valid (V5: <1 pixel valid)
87,1,Sawah,tidak valid,V5,<1 pixel valid (V5: <1 pixel valid)
88,1,Sawah,tidak valid,V5,<1 pixel valid (V5: <1 pixel valid)
89,1,Sawah,tidak valid,V5,<1 pixel valid (V5: <1 pixel valid)
91,1,Sawah,tidak valid,V5,<1 pixel valid (V5: <1 pixel valid)
92,1,Sawah,tidak valid,V5,<1 pixel valid (V5: <1 pixel valid)
93,1,Sawah,tidak valid,V5,<1 pixel valid (V5: <1 pixel valid)
94,1,Sawah,tidak valid,V5,<1 pixel valid (V5: <1 pixel valid)
95,1,Sawah,tidak valid,V5,<1 pixel valid (V5: <1 pixel valid)
96,1,Sawah,tidak valid,V5,<1 pixel valid (V5: <1 pixel valid)
97,1,Sawah,tidak valid,V5,<1 pixel valid (V5: <1 pixel valid)
98,1,Sawah,tidak valid,V5,<1 pixel valid (V5: <1 pixel valid)
101,1,Sawah,tidak valid,V5,<1 pixel valid (V5: <1 pixel valid)
102,1,Sawah,tidak valid,V5,<1 pixel valid (V5: <1 pixel valid)
103,1,Sawah,tidak valid,V5,<1 pixel valid (V5: <1 pixel valid)
104,1,Sawah,valid tidak terpilih (kuota),KUOTA,valid tetapi tidak terambil acak 50/kelas
105,1,Sawah,tidak valid,V5,<1 pixel valid (V5: <1 pixel valid)
106,1,Sawah,valid tidak terpilih (kuota),KUOTA,valid tetapi tidak terambil acak 50/kelas
107,1,Sawah,tidak valid,V5,<1 pixel valid (V5: <1 pixel valid)
110,1,Sawah,tidak valid,V5,<1 pixel valid (V5: <1 pixel valid)
112,1,Sawah,tidak valid,V5,<1 pixel valid (V5: <1 pixel valid)
114,1,Sawah,tidak valid,V5,<1 pixel valid (V5: <1 pixel valid)
115,1,Sawah,tidak valid,V5,<1 pixel valid (V5: <1 pixel valid)
116,1,Sawah,tidak valid,V5,<1 pixel valid (V5: <1 pixel valid)
117,1,Sawah,tidak valid,V5,<1 pixel valid (V5: <1 pixel valid)
118,1,Sawah,tidak valid,V5,<1 pixel valid (V5: <1 pixel valid)
119,1,Sawah,valid tidak terpilih (kuota),KUOTA,valid tetapi tidak terambil acak 50/kelas
120,1,Sawah,tidak valid,V5,<1 pixel valid (V5: <1 pixel valid)
121,1,Sawah,tidak valid,V5,<1 pixel valid (V5: <1 pixel valid)
122,1,Sawah,tidak valid,V5,<1 pixel valid (V5: <1 pixel valid)
123,1,Sawah,tidak valid,V5,<1 pixel valid (V5: <1 pixel valid)
124,1,Sawah,tidak valid,V5,<1 pixel valid (V5: <1 pixel valid)
125,1,Sawah,tidak valid,V5,<1 pixel valid (V5: <1 pixel valid)
126,1,Sawah,tidak valid,V5,<1 pixel valid (V5: <1 pixel valid)
127,1,Sawah,valid tidak terpilih (kuota),KUOTA,valid tetapi tidak terambil acak 50/kelas
129,1,Sawah,tidak valid,V5,<1 pixel valid (V5: <1 pixel valid)
130,1,Sawah,tidak valid,V5,<1 pixel valid (V5: <1 pixel valid)
131,1,Sawah,tidak valid,V5,<1 pixel valid (V5: <1 pixel valid)
132,1,Sawah,valid tidak terpilih (kuota),KUOTA,valid tetapi tidak terambil acak 50/kelas
133,1,Sawah,tidak valid,V5,<1 pixel valid (V5: <1 pixel valid)
134,1,Sawah,tidak valid,V5,<1 pixel valid (V5: <1 pixel valid)
135,1,Sawah,tidak valid,V5,<1 pixel valid (V5: <1 pixel valid)
136,1,Sawah,tidak valid,V5,<1 pixel valid (V5: <1 pixel valid)
137,1,Sawah,tidak valid,V5,<1 pixel valid (V5: <1 pixel valid)
138,1,Sawah,tidak valid,V5,<1 pixel valid (V5: <1 pixel valid)
140,1,Sawah,tidak valid,V5,<1 pixel valid (V5: <1 pixel valid)
141,1,Sawah,tidak valid,V5,<1 pixel valid (V5: <1 pixel valid)
142,1,Sawah,tidak valid,V5,<1 pixel valid (V5: <1 pixel valid)
143,1,Sawah,tidak valid,V5,<1 pixel valid (V5: <1 pixel valid)
144,1,Sawah,tidak valid,V5,<1 pixel valid (V5: <1 pixel valid)
145,1,Sawah,tidak valid,V5,<1 pixel valid (V5: <1 pixel valid)
146,1,Sawah,tidak valid,V6,overlap lintas kelas > 0.05
147,1,Sawah,tidak valid,V5,<1 pixel valid (V5: <1 pixel valid)
148,1,Sawah,tidak valid,V5,<1 pixel valid (V5: <1 pixel valid)
149,1,Sawah,tidak valid,V5,<1 pixel valid (V5: <1 pixel valid)
150,1,Sawah,tidak valid,V5,<1 pixel valid (V5: <1 pixel valid)
151,1,Sawah,tidak valid,V5,<1 pixel valid (V5: <1 pixel valid)
152,1,Sawah,tidak valid,V5,<1 pixel valid (V5: <1 pixel valid)
153,1,Sawah,tidak valid,V5,<1 pixel valid (V5: <1 pixel valid)
155,1,Sawah,tidak valid,V5,<1 pixel valid (V5: <1 pixel valid)
156,1,Sawah,tidak valid,V5,<1 pixel valid (V5: <1 pixel valid)
157,1,Sawah,tidak valid,V5,<1 pixel valid (V5: <1 pixel valid)
158,1,Sawah,tidak valid,V5,<1 pixel valid (V5: <1 pixel valid)
159,1,Sawah,tidak valid,V5,<1 pixel valid (V5: <1 pixel valid)
161,1,Sawah,tidak valid,V5,<1 pixel valid (V5: <1 pixel valid)
162,1,Sawah,tidak valid,V5,<1 pixel valid (V5: <1 pixel valid)
163,1,Sawah,tidak valid,V5,<1 pixel valid (V5: <1 pixel valid)
164,1,Sawah,tidak valid,V5,<1 pixel valid (V5: <1 pixel valid)
165,1,Sawah,tidak valid,V5,<1 pixel valid (V5: <1 pixel valid)
166,1,Sawah,tidak valid,V5,<1 pixel valid (V5: <1 pixel valid)
167,1,Sawah,tidak valid,V5,<1 pixel valid (V5: <1 pixel valid)
168,1,Sawah,valid tidak terpilih (kuota),KUOTA,valid tetapi tidak terambil acak 50/kelas
169,1,Sawah,tidak valid,V5,<1 pixel valid (V5: <1 pixel valid)
170,1,Sawah,tidak valid,V5,<1 pixel valid (V5: <1 pixel valid)
171,1,Sawah,tidak valid,V5,<1 pixel valid (V5: <1 pixel valid)
172,1,Sawah,tidak valid,V5,<1 pixel valid (V5: <1 pixel valid)
173,1,Sawah,tidak valid,V5,<1 pixel valid (V5: <1 pixel valid)
174,1,Sawah,tidak valid,V5,<1 pixel valid (V5: <1 pixel valid)
175,1,Sawah,tidak valid,V5,<1 pixel valid (V5: <1 pixel valid)
177,1,Sawah,valid tidak terpilih (kuota),KUOTA,valid tetapi tidak terambil acak 50/kelas
178,1,Sawah,tidak valid,V5,<1 pixel valid (V5: <1 pixel valid)
179,1,Sawah,tidak valid,V5,<1 pixel valid (V5: <1 pixel valid)
181,1,Sawah,tidak valid,V5,<1 pixel valid (V5: <1 pixel valid)
182,1,Sawah,tidak valid,V5,<1 pixel valid (V5: <1 pixel valid)
184,1,Sawah,tidak valid,V5,<1 pixel valid (V5: <1 pixel valid)
185,1,Sawah,tidak valid,V5,<1 pixel valid (V5: <1 pixel valid)
186,1,Sawah,tidak valid,V5,<1 pixel valid (V5: <1 pixel valid)
187,1,Sawah,valid tidak terpilih (kuota),KUOTA,valid tetapi tidak terambil acak 50/kelas
188,1,Sawah,tidak valid,V5,<1 pixel valid (V5: <1 pixel valid)
191,1,Sawah,tidak valid,V5,<1 pixel valid (V5: <1 pixel valid)
192,1,Sawah,tidak valid,V5,<1 pixel valid (V5: <1 pixel valid)
193,1,Sawah,tidak valid,V5,<1 pixel valid (V5: <1 pixel valid)
194,1,Sawah,tidak valid,V5,<1 pixel valid (V5: <1 pixel valid)
195,1,Sawah,tidak valid,V5,<1 pixel valid (V5: <1 pixel valid)
196,1,Sawah,tidak valid,V5,<1 pixel valid (V5: <1 pixel valid)
197,1,Sawah,tidak valid,V5,<1 pixel valid (V5: <1 pixel valid)
198,1,Sawah,tidak valid,V5,<1 pixel valid (V5: <1 pixel valid)
199,1,Sawah,tidak valid,V5,<1 pixel valid (V5: <1 pixel valid)
200,1,Sawah,tidak valid,V5,<1 pixel valid (V5: <1 pixel valid)
201,1,Sawah,tidak valid,V5,<1 pixel valid (V5: <1 pixel valid)
202,1,Sawah,tidak valid,V5,<1 pixel valid (V5: <1 pixel valid)
203,1,Sawah,tidak valid,V5,<1 pixel valid (V5: <1 pixel valid)
204,1,Sawah,tidak valid,V5,<1 pixel valid (V5: <1 pixel valid)
205,1,Sawah,tidak valid,V5,<1 pixel valid (V5: <1 pixel valid)
207,1,Sawah,tidak valid,V5,<1 pixel valid (V5: <1 pixel valid)
208,1,Sawah,tidak valid,V5,<1 pixel valid (V5: <1 pixel valid)
209,1,Sawah,tidak valid,V5,<1 pixel valid (V5: <1 pixel valid)
210,1,Sawah,tidak valid,V5,<1 pixel valid (V5: <1 pixel valid)
211,1,Sawah,tidak valid,V5,<1 pixel valid (V5: <1 pixel valid)
212,1,Sawah,valid tidak terpilih (kuota),KUOTA,valid tetapi tidak terambil acak 50/kelas
213,1,Sawah,tidak valid,V5,<1 pixel valid (V5: <1 pixel valid)
214,1,Sawah,tidak valid,V5,<1 pixel valid (V5: <1 pixel valid)
215,1,Sawah,tidak valid,V5,<1 pixel valid (V5: <1 pixel valid)
216,1,Sawah,tidak valid,V5,<1 pixel valid (V5: <1 pixel valid)
217,1,Sawah,tidak valid,V5,<1 pixel valid (V5: <1 pixel valid)
218,1,Sawah,valid tidak terpilih (kuota),KUOTA,valid tetapi tidak terambil acak 50/kelas
221,1,Sawah,tidak valid,V5,<1 pixel valid (V5: <1 pixel valid)
222,1,Sawah,tidak valid,V5,<1 pixel valid (V5: <1 pixel valid)
223,1,Sawah,tidak valid,V5,<1 pixel valid (V5: <1 pixel valid)
225,1,Sawah,tidak valid,V5,<1 pixel valid (V5: <1 pixel valid)
226,1,Sawah,valid tidak terpilih (kuota),KUOTA,valid tetapi tidak terambil acak 50/kelas
227,1,Sawah,tidak valid,V5,<1 pixel valid (V5: <1 pixel valid)
228,1,Sawah,tidak valid,V5,<1 pixel valid (V5: <1 pixel valid)
229,1,Sawah,tidak valid,V5,<1 pixel valid (V5: <1 pixel valid)
230,1,Sawah,tidak valid,V5,<1 pixel valid (V5: <1 pixel valid)
231,1,Sawah,tidak valid,V5,<1 pixel valid (V5: <1 pixel valid)
232,1,Sawah,tidak valid,V5,<1 pixel valid (V5: <1 pixel valid)
234,1,Sawah,tidak valid,V5,<1 pixel valid (V5: <1 pixel valid)
235,1,Sawah,tidak valid,V5,<1 pixel valid (V5: <1 pixel valid)
236,1,Sawah,tidak valid,V5,<1 pixel valid (V5: <1 pixel valid)
237,1,Sawah,tidak valid,V5,<1 pixel valid (V5: <1 pixel valid)
238,1,Sawah,tidak valid,V5,<1 pixel valid (V5: <1 pixel valid)
239,1,Sawah,tidak valid,V5,<1 pixel valid (V5: <1 pixel valid)
240,1,Sawah,tidak valid,V5,<1 pixel valid (V5: <1 pixel valid)
241,1,Sawah,tidak valid,V5,<1 pixel valid (V5: <1 pixel valid)
242,1,Sawah,tidak valid,V5,<1 pixel valid (V5: <1 pixel valid)
243,1,Sawah,tidak valid,V5,<1 pixel valid (V5: <1 pixel valid)
244,1,Sawah,tidak valid,V5,<1 pixel valid (V5: <1 pixel valid)
245,1,Sawah,valid tidak terpilih (kuota),KUOTA,valid tetapi tidak terambil acak 50/kelas
246,1,Sawah,tidak valid,V5,<1 pixel valid (V5: <1 pixel valid)
247,1,Sawah,tidak valid,V5,<1 pixel valid (V5: <1 pixel valid)
248,1,Sawah,tidak valid,V5,<1 pixel valid (V5: <1 pixel valid)
249,1,Sawah,tidak valid,V5,<1 pixel valid (V5: <1 pixel valid)
250,1,Sawah,tidak valid,V5,<1 pixel valid (V5: <1 pixel valid)
251,1,Sawah,tidak valid,V5,<1 pixel valid (V5: <1 pixel valid)
252,1,Sawah,tidak valid,V5,<1 pixel valid (V5: <1 pixel valid)
253,1,Sawah,tidak valid,V5,<1 pixel valid (V5: <1 pixel valid)
254,1,Sawah,tidak valid,V5,<1 pixel valid (V5: <1 pixel valid)
255,1,Sawah,tidak valid,V5,<1 pixel valid (V5: <1 pixel valid)
256,1,Sawah,tidak valid,V5,<1 pixel valid (V5: <1 pixel valid)
257,1,Sawah,tidak valid,V5,<1 pixel valid (V5: <1 pixel valid)
258,1,Sawah,tidak valid,V5,<1 pixel valid (V5: <1 pixel valid)
259,1,Sawah,tidak valid,V5,<1 pixel valid (V5: <1 pixel valid)
260,1,Sawah,tidak valid,V5,<1 pixel valid (V5: <1 pixel valid)
261,1,Sawah,tidak valid,V5,<1 pixel valid (V5: <1 pixel valid)
262,1,Sawah,tidak valid,V5,<1 pixel valid (V5: <1 pixel valid)
263,1,Sawah,tidak valid,V5,<1 pixel valid (V5: <1 pixel valid)
265,1,Sawah,tidak valid,V5,<1 pixel valid (V5: <1 pixel valid)
266,1,Sawah,tidak valid,V5,<1 pixel valid (V5: <1 pixel valid)
267,1,Sawah,tidak valid,V5,<1 pixel valid (V5: <1 pixel valid)
268,1,Sawah,tidak valid,V5,<1 pixel valid (V5: <1 pixel valid)
269,1,Sawah,tidak valid,V5,<1 pixel valid (V5: <1 pixel valid)
270,1,Sawah,tidak valid,V5,<1 pixel valid (V5: <1 pixel valid)
271,1,Sawah,tidak valid,V5,<1 pixel valid (V5: <1 pixel valid)
272,1,Sawah,tidak valid,V5,<1 pixel valid (V5: <1 pixel valid)
273,1,Sawah,tidak valid,V5,<1 pixel valid (V5: <1 pixel valid)
274,1,Sawah,tidak valid,V5,<1 pixel valid (V5: <1 pixel valid)
275,1,Sawah,tidak valid,V5,<1 pixel valid (V5: <1 pixel valid)
276,1,Sawah,tidak valid,V5,<1 pixel valid (V5: <1 pixel valid)
277,1,Sawah,tidak valid,V5,<1 pixel valid (V5: <1 pixel valid)
278,1,Sawah,tidak valid,V5,<1 pixel valid (V5: <1 pixel valid)
279,1,Sawah,tidak valid,V5,<1 pixel valid (V5: <1 pixel valid)
281,1,Sawah,valid tidak terpilih (kuota),KUOTA,valid tetapi tidak terambil acak 50/kelas
282,1,Sawah,tidak valid,V5,<1 pixel valid (V5: <1 pixel valid)
283,1,Sawah,tidak valid,V5,<1 pixel valid (V5: <1 pixel valid)
285,1,Sawah,valid tidak terpilih (kuota),KUOTA,valid tetapi tidak terambil acak 50/kelas
286,1,Sawah,tidak valid,V5,<1 pixel valid (V5: <1 pixel valid)
287,1,Sawah,tidak valid,V5,<1 pixel valid (V5: <1 pixel valid)
288,1,Sawah,tidak valid,V5,<1 pixel valid (V5: <1 pixel valid)
289,1,Sawah,tidak valid,V5,<1 pixel valid (V5: <1 pixel valid)
290,1,Sawah,tidak valid,V5,<1 pixel valid (V5: <1 pixel valid)
292,1,Sawah,valid tidak terpilih (kuota),KUOTA,valid tetapi tidak terambil acak 50/kelas
293,1,Sawah,tidak valid,V5,<1 pixel valid (V5: <1 pixel valid)
294,1,Sawah,tidak valid,V5,<1 pixel valid (V5: <1 pixel valid)
295,1,Sawah,tidak valid,V5,<1 pixel valid (V5: <1 pixel valid)
296,1,Sawah,tidak valid,V5,<1 pixel valid (V5: <1 pixel valid)
297,1,Sawah,tidak valid,V5,<1 pixel valid (V5: <1 pixel valid)
298,1,Sawah,tidak valid,V5,<1 pixel valid (V5: <1 pixel valid)
299,1,Sawah,tidak valid,V5,<1 pixel valid (V5: <1 pixel valid)
300,1,Sawah,valid tidak terpilih (kuota),KUOTA,valid tetapi tidak terambil acak 50/kelas
301,1,Sawah,valid tidak terpilih (kuota),KUOTA,valid tetapi tidak terambil acak 50/kelas
302,1,Sawah,tidak valid,V5,<1 pixel valid (V5: <1 pixel valid)
303,1,Sawah,tidak valid,V5,<1 pixel valid (V5: <1 pixel valid)
304,1,Sawah,tidak valid,V5,<1 pixel valid (V5: <1 pixel valid)
306,1,Sawah,tidak valid,V5,<1 pixel valid (V5: <1 pixel valid)
307,1,Sawah,valid tidak terpilih (kuota),KUOTA,valid tetapi tidak terambil acak 50/kelas
308,1,Sawah,tidak valid,V5,<1 pixel valid (V5: <1 pixel valid)
309,1,Sawah,tidak valid,V5,<1 pixel valid (V5: <1 pixel valid)
311,1,Sawah,tidak valid,V5,<1 pixel valid (V5: <1 pixel valid)
312,1,Sawah,valid tidak terpilih (kuota),KUOTA,valid tetapi tidak terambil acak 50/kelas
313,1,Sawah,tidak valid,V5,<1 pixel valid (V5: <1 pixel valid)
314,1,Sawah,tidak valid,V5,<1 pixel valid (V5: <1 pixel valid)
315,1,Sawah,valid tidak terpilih (kuota),KUOTA,valid tetapi tidak terambil acak 50/kelas
316,1,Sawah,tidak valid,V5,<1 pixel valid (V5: <1 pixel valid)
317,1,Sawah,tidak valid,V5,<1 pixel valid (V5: <1 pixel valid)
318,1,Sawah,valid tidak terpilih (kuota),KUOTA,valid tetapi tidak terambil acak 50/kelas
319,1,Sawah,valid tidak terpilih (kuota),KUOTA,valid tetapi tidak terambil acak 50/kelas
320,1,Sawah,valid tidak terpilih (kuota),KUOTA,valid tetapi tidak terambil acak 50/kelas
321,1,Sawah,tidak valid,V5,<1 pixel valid (V5: <1 pixel valid)
322,1,Sawah,tidak valid,V5,<1 pixel valid (V5: <1 pixel valid)
323,1,Sawah,tidak valid,V5,<1 pixel valid (V5: <1 pixel valid)
324,1,Sawah,tidak valid,V5,<1 pixel valid (V5: <1 pixel valid)
325,1,Sawah,tidak valid,V5,<1 pixel valid (V5: <1 pixel valid)
326,1,Sawah,tidak valid,V5,<1 pixel valid (V5: <1 pixel valid)
327,1,Sawah,tidak valid,V5,<1 pixel valid (V5: <1 pixel valid)
329,1,Sawah,tidak valid,V5,<1 pixel valid (V5: <1 pixel valid)
330,1,Sawah,tidak valid,V5,<1 pixel valid (V5: <1 pixel valid)
331,1,Sawah,tidak valid,V5,<1 pixel valid (V5: <1 pixel valid)
332,1,Sawah,tidak valid,V5,<1 pixel valid (V5: <1 pixel valid)
333,1,Sawah,tidak valid,V5,<1 pixel valid (V5: <1 pixel valid)
334,1,Sawah,tidak valid,V5,<1 pixel valid (V5: <1 pixel valid)
335,1,Sawah,valid tidak terpilih (kuota),KUOTA,valid tetapi tidak terambil acak 50/kelas
336,1,Sawah,tidak valid,V5,<1 pixel valid (V5: <1 pixel valid)
337,1,Sawah,valid tidak terpilih (kuota),KUOTA,valid tetapi tidak terambil acak 50/kelas
338,1,Sawah,tidak valid,V5,<1 pixel valid (V5: <1 pixel valid)
339,1,Sawah,tidak valid,V5,<1 pixel valid (V5: <1 pixel valid)
340,1,Sawah,tidak valid,V5,<1 pixel valid (V5: <1 pixel valid)
341,1,Sawah,tidak valid,V5,<1 pixel valid (V5: <1 pixel valid)
342,1,Sawah,tidak valid,V5,<1 pixel valid (V5: <1 pixel valid)
343,1,Sawah,tidak valid,V5,<1 pixel valid (V5: <1 pixel valid)
346,1,Sawah,tidak valid,V5,<1 pixel valid (V5: <1 pixel valid)
347,1,Sawah,tidak valid,V5,<1 pixel valid (V5: <1 pixel valid)
349,1,Sawah,tidak valid,V5,<1 pixel valid (V5: <1 pixel valid)
350,1,Sawah,tidak valid,V5,<1 pixel valid (V5: <1 pixel valid)
351,1,Sawah,tidak valid,V5,<1 pixel valid (V5: <1 pixel valid)
352,1,Sawah,tidak valid,V5,<1 pixel valid (V5: <1 pixel valid)
353,1,Sawah,tidak valid,V5,<1 pixel valid (V5: <1 pixel valid)
354,1,Sawah,tidak valid,V5,<1 pixel valid (V5: <1 pixel valid)
355,1,Sawah,tidak valid,V5,<1 pixel valid (V5: <1 pixel valid)
356,1,Sawah,tidak valid,V5,<1 pixel valid (V5: <1 pixel valid)
357,1,Sawah,tidak valid,V5,<1 pixel valid (V5: <1 pixel valid)
358,1,Sawah,tidak valid,V5,<1 pixel valid (V5: <1 pixel valid)
359,1,Sawah,tidak valid,V5,<1 pixel valid (V5: <1 pixel valid)
360,1,Sawah,tidak valid,V5,<1 pixel valid (V5: <1 pixel valid)
361,1,Sawah,tidak valid,V5,<1 pixel valid (V5: <1 pixel valid)
362,1,Sawah,tidak valid,V5,<1 pixel valid (V5: <1 pixel valid)
363,1,Sawah,tidak valid,V5,<1 pixel valid (V5: <1 pixel valid)
364,1,Sawah,tidak valid,V5,<1 pixel valid (V5: <1 pixel valid)
365,1,Sawah,tidak valid,V5,<1 pixel valid (V5: <1 pixel valid)
368,1,Sawah,tidak valid,V5,<1 pixel valid (V5: <1 pixel valid)
369,1,Sawah,tidak valid,V5,<1 pixel valid (V5: <1 pixel valid)
370,1,Sawah,tidak valid,V5,<1 pixel valid (V5: <1 pixel valid)
371,1,Sawah,tidak valid,V5,<1 pixel valid (V5: <1 pixel valid)
372,1,Sawah,tidak valid,V5,<1 pixel valid (V5: <1 pixel valid)
373,1,Sawah,tidak valid,V5,<1 pixel valid (V5: <1 pixel valid)
374,1,Sawah,tidak valid,V5,<1 pixel valid (V5: <1 pixel valid)
375,1,Sawah,tidak valid,V5,<1 pixel valid (V5: <1 pixel valid)
377,1,Sawah,tidak valid,V5,<1 pixel valid (V5: <1 pixel valid)
378,1,Sawah,tidak valid,V5,<1 pixel valid (V5: <1 pixel valid)
379,1,Sawah,valid tidak terpilih (kuota),KUOTA,valid tetapi tidak terambil acak 50/kelas
380,1,Sawah,tidak valid,V5,<1 pixel valid (V5: <1 pixel valid)
381,1,Sawah,tidak valid,V5,<1 pixel valid (V5: <1 pixel valid)
382,1,Sawah,tidak valid,V5,<1 pixel valid (V5: <1 pixel valid)
383,1,Sawah,tidak valid,V5,<1 pixel valid (V5: <1 pixel valid)
384,1,Sawah,tidak valid,V5,<1 pixel valid (V5: <1 pixel valid)
385,1,Sawah,tidak valid,V5,<1 pixel valid (V5: <1 pixel valid)
386,1,Sawah,tidak valid,V5,<1 pixel valid (V5: <1 pixel valid)
387,1,Sawah,tidak valid,V5,<1 pixel valid (V5: <1 pixel valid)
388,1,Sawah,tidak valid,V5,<1 pixel valid (V5: <1 pixel valid)
389,1,Sawah,tidak valid,V5,<1 pixel valid (V5: <1 pixel valid)
390,1,Sawah,valid tidak terpilih (kuota),KUOTA,valid tetapi tidak terambil acak 50/kelas
391,1,Sawah,tidak valid,V5,<1 pixel valid (V5: <1 pixel valid)
394,1,Sawah,tidak valid,V5,<1 pixel valid (V5: <1 pixel valid)
395,1,Sawah,tidak valid,V5,<1 pixel valid (V5: <1 pixel valid)
396,1,Sawah,valid tidak terpilih (kuota),KUOTA,valid tetapi tidak terambil acak 50/kelas
397,1,Sawah,tidak valid,V5,<1 pixel valid (V5: <1 pixel valid)
398,1,Sawah,tidak valid,V5,<1 pixel valid (V5: <1 pixel valid)
399,1,Sawah,tidak valid,V5,<1 pixel valid (V5: <1 pixel valid)
400,1,Sawah,tidak valid,V5,<1 pixel valid (V5: <1 pixel valid)
401,1,Sawah,valid tidak terpilih (kuota),KUOTA,valid tetapi tidak terambil acak 50/kelas
402,1,Sawah,tidak valid,V5,<1 pixel valid (V5: <1 pixel valid)
403,1,Sawah,tidak valid,V5,<1 pixel valid (V5: <1 pixel valid)
404,1,Sawah,tidak valid,V5,<1 pixel valid (V5: <1 pixel valid)
406,1,Sawah,tidak valid,V5,<1 pixel valid (V5: <1 pixel valid)
407,1,Sawah,tidak valid,V5,<1 pixel valid (V5: <1 pixel valid)
408,1,Sawah,tidak valid,V5,<1 pixel valid (V5: <1 pixel valid)
409,1,Sawah,tidak valid,V5,<1 pixel valid (V5: <1 pixel valid)
410,1,Sawah,tidak valid,V5,<1 pixel valid (V5: <1 pixel valid)
411,1,Sawah,tidak valid,V5,<1 pixel valid (V5: <1 pixel valid)
412,1,Sawah,tidak valid,V5,<1 pixel valid (V5: <1 pixel valid)
413,1,Sawah,tidak valid,V5,<1 pixel valid (V5: <1 pixel valid)
414,1,Sawah,tidak valid,V5,<1 pixel valid (V5: <1 pixel valid)
415,1,Sawah,tidak valid,V5,<1 pixel valid (V5: <1 pixel valid)
416,1,Sawah,tidak valid,V5,<1 pixel valid (V5: <1 pixel valid)
417,1,Sawah,tidak valid,V5,<1 pixel valid (V5: <1 pixel valid)
418,1,Sawah,tidak valid,V5,<1 pixel valid (V5: <1 pixel valid)
419,1,Sawah,valid tidak terpilih (kuota),KUOTA,valid tetapi tidak terambil acak 50/kelas
420,1,Sawah,tidak valid,V5,<1 pixel valid (V5: <1 pixel valid)
421,1,Sawah,tidak valid,V5,<1 pixel valid (V5: <1 pixel valid)
422,1,Sawah,tidak valid,V5,<1 pixel valid (V5: <1 pixel valid)
423,1,Sawah,tidak valid,V5,<1 pixel valid (V5: <1 pixel valid)
424,1,Sawah,tidak valid,V5,<1 pixel valid (V5: <1 pixel valid)
425,1,Sawah,tidak valid,V5,<1 pixel valid (V5: <1 pixel valid)
426,1,Sawah,tidak valid,V5,<1 pixel valid (V5: <1 pixel valid)
427,1,Sawah,tidak valid,V5,<1 pixel valid (V5: <1 pixel valid)
428,1,Sawah,tidak valid,V5,<1 pixel valid (V5: <1 pixel valid)
429,1,Sawah,tidak valid,V5,<1 pixel valid (V5: <1 pixel valid)
430,1,Sawah,tidak valid,V5,<1 pixel valid (V5: <1 pixel valid)
431,1,Sawah,tidak valid,V5,<1 pixel valid (V5: <1 pixel valid)
432,1,Sawah,tidak valid,V5,<1 pixel valid (V5: <1 pixel valid)
433,1,Sawah,tidak valid,V5,<1 pixel valid (V5: <1 pixel valid)
434,1,Sawah,tidak valid,V5,<1 pixel valid (V5: <1 pixel valid)
435,1,Sawah,tidak valid,V5,<1 pixel valid (V5: <1 pixel valid)
436,1,Sawah,tidak valid,V5,<1 pixel valid (V5: <1 pixel valid)
437,1,Sawah,tidak valid,V5,<1 pixel valid (V5: <1 pixel valid)
438,1,Sawah,valid tidak terpilih (kuota),KUOTA,valid tetapi tidak terambil acak 50/kelas
439,1,Sawah,tidak valid,V5,<1 pixel valid (V5: <1 pixel valid)
440,1,Sawah,tidak valid,V5,<1 pixel valid (V5: <1 pixel valid)
441,1,Sawah,tidak valid,V5,<1 pixel valid (V5: <1 pixel valid)
442,1,Sawah,tidak valid,V5,<1 pixel valid (V5: <1 pixel valid)
443,1,Sawah,tidak valid,V5,<1 pixel valid (V5: <1 pixel valid)
444,1,Sawah,tidak valid,V5,<1 pixel valid (V5: <1 pixel valid)
445,1,Sawah,tidak valid,V5,<1 pixel valid (V5: <1 pixel valid)
446,1,Sawah,tidak valid,V5,<1 pixel valid (V5: <1 pixel valid)
447,1,Sawah,tidak valid,V5,<1 pixel valid (V5: <1 pixel valid)
448,1,Sawah,tidak valid,V5,<1 pixel valid (V5: <1 pixel valid)
449,1,Sawah,tidak valid,V5,<1 pixel valid (V5: <1 pixel valid)
450,1,Sawah,tidak valid,V5,<1 pixel valid (V5: <1 pixel valid)
451,1,Sawah,tidak valid,V5,<1 pixel valid (V5: <1 pixel valid)
452,1,Sawah,tidak valid,V5,<1 pixel valid (V5: <1 pixel valid)
454,1,Sawah,tidak valid,V5,<1 pixel valid (V5: <1 pixel valid)
455,1,Sawah,tidak valid,V5,<1 pixel valid (V5: <1 pixel valid)
456,1,Sawah,tidak valid,V5,<1 pixel valid (V5: <1 pixel valid)
458,1,Sawah,tidak valid,V5,<1 pixel valid (V5: <1 pixel valid)
459,1,Sawah,tidak valid,V5,<1 pixel valid (V5: <1 pixel valid)
460,1,Sawah,tidak valid,V5,<1 pixel valid (V5: <1 pixel valid)
461,1,Sawah,valid tidak terpilih (kuota),KUOTA,valid tetapi tidak terambil acak 50/kelas
462,1,Sawah,tidak valid,V5,<1 pixel valid (V5: <1 pixel valid)
463,1,Sawah,tidak valid,V5,<1 pixel valid (V5: <1 pixel valid)
464,1,Sawah,tidak valid,V5,<1 pixel valid (V5: <1 pixel valid)
465,1,Sawah,valid tidak terpilih (kuota),KUOTA,valid tetapi tidak terambil acak 50/kelas
466,1,Sawah,tidak valid,V5,<1 pixel valid (V5: <1 pixel valid)
467,1,Sawah,tidak valid,V5,<1 pixel valid (V5: <1 pixel valid)
468,1,Sawah,valid tidak terpilih (kuota),KUOTA,valid tetapi tidak terambil acak 50/kelas
470,1,Sawah,tidak valid,V5,<1 pixel valid (V5: <1 pixel valid)
471,1,Sawah,tidak valid,V5,<1 pixel valid (V5: <1 pixel valid)
472,1,Sawah,tidak valid,V5,<1 pixel valid (V5: <1 pixel valid)
473,1,Sawah,tidak valid,V5,<1 pixel valid (V5: <1 pixel valid)
474,1,Sawah,tidak valid,V5,<1 pixel valid (V5: <1 pixel valid)
475,1,Sawah,tidak valid,V5,<1 pixel valid (V5: <1 pixel valid)
476,1,Sawah,tidak valid,V5,<1 pixel valid (V5: <1 pixel valid)
477,1,Sawah,tidak valid,V6,overlap lintas kelas > 0.05
478,1,Sawah,tidak valid,V5,<1 pixel valid (V5: <1 pixel valid)
480,1,Sawah,tidak valid,V5,<1 pixel valid (V5: <1 pixel valid)
481,1,Sawah,tidak valid,V5,<1 pixel valid (V5: <1 pixel valid)
482,1,Sawah,tidak valid,V5,<1 pixel valid (V5: <1 pixel valid)
483,1,Sawah,tidak valid,V5,<1 pixel valid (V5: <1 pixel valid)
484,1,Sawah,tidak valid,V5,<1 pixel valid (V5: <1 pixel valid)
485,1,Sawah,tidak valid,V5,<1 pixel valid (V5: <1 pixel valid)
486,1,Sawah,valid tidak terpilih (kuota),KUOTA,valid tetapi tidak terambil acak 50/kelas
487,1,Sawah,tidak valid,V5,<1 pixel valid (V5: <1 pixel valid)
488,1,Sawah,tidak valid,V5,<1 pixel valid (V5: <1 pixel valid)
489,1,Sawah,tidak valid,V5,<1 pixel valid (V5: <1 pixel valid)
490,1,Sawah,tidak valid,V5,<1 pixel valid (V5: <1 pixel valid)
491,1,Sawah,tidak valid,V5,<1 pixel valid (V5: <1 pixel valid)
492,1,Sawah,tidak valid,V5,<1 pixel valid (V5: <1 pixel valid)
493,1,Sawah,tidak valid,V5,<1 pixel valid (V5: <1 pixel valid)
494,1,Sawah,tidak valid,V5,<1 pixel valid (V5: <1 pixel valid)
495,1,Sawah,tidak valid,V5,<1 pixel valid (V5: <1 pixel valid)
496,1,Sawah,tidak valid,V5,<1 pixel valid (V5: <1 pixel valid)
497,1,Sawah,tidak valid,V5,<1 pixel valid (V5: <1 pixel valid)
498,1,Sawah,tidak valid,V5,<1 pixel valid (V5: <1 pixel valid)
499,1,Sawah,valid tidak terpilih (kuota),KUOTA,valid tetapi tidak terambil acak 50/kelas
500,2,Bangunan / Permukiman,valid tidak terpilih (kuota),KUOTA,valid tetapi tidak terambil acak 50/kelas
501,2,Bangunan / Permukiman,tidak valid,V5,<1 pixel valid (V5: <1 pixel valid)
502,2,Bangunan / Permukiman,valid tidak terpilih (kuota),KUOTA,valid tetapi tidak terambil acak 50/kelas
503,2,Bangunan / Permukiman,valid tidak terpilih (kuota),KUOTA,valid tetapi tidak terambil acak 50/kelas
504,2,Bangunan / Permukiman,valid tidak terpilih (kuota),KUOTA,valid tetapi tidak terambil acak 50/kelas
505,2,Bangunan / Permukiman,valid tidak terpilih (kuota),KUOTA,valid tetapi tidak terambil acak 50/kelas
506,2,Bangunan / Permukiman,tidak valid,V5,<1 pixel valid (V5: <1 pixel valid)
507,2,Bangunan / Permukiman,valid tidak terpilih (kuota),KUOTA,valid tetapi tidak terambil acak 50/kelas
508,2,Bangunan / Permukiman,tidak valid,V5,<1 pixel valid (V5: <1 pixel valid)
509,2,Bangunan / Permukiman,tidak valid,V5,<1 pixel valid (V5: <1 pixel valid)
510,2,Bangunan / Permukiman,tidak valid,V5,<1 pixel valid (V5: <1 pixel valid)
511,2,Bangunan / Permukiman,tidak valid,V5,<1 pixel valid (V5: <1 pixel valid)
512,2,Bangunan / Permukiman,tidak valid,V5,<1 pixel valid (V5: <1 pixel valid)
514,2,Bangunan / Permukiman,tidak valid,V5,<1 pixel valid (V5: <1 pixel valid)
515,2,Bangunan / Permukiman,valid tidak terpilih (kuota),KUOTA,valid tetapi tidak terambil acak 50/kelas
516,2,Bangunan / Permukiman,valid tidak terpilih (kuota),KUOTA,valid tetapi tidak terambil acak 50/kelas
518,2,Bangunan / Permukiman,tidak valid,V5,<1 pixel valid (V5: <1 pixel valid)
520,2,Bangunan / Permukiman,valid tidak terpilih (kuota),KUOTA,valid tetapi tidak terambil acak 50/kelas
521,2,Bangunan / Permukiman,tidak valid,V5,<1 pixel valid (V5: <1 pixel valid)
522,2,Bangunan / Permukiman,tidak valid,V5,<1 pixel valid (V5: <1 pixel valid)
523,2,Bangunan / Permukiman,valid tidak terpilih (kuota),KUOTA,valid tetapi tidak terambil acak 50/kelas
524,2,Bangunan / Permukiman,tidak valid,V5,<1 pixel valid (V5: <1 pixel valid)
525,2,Bangunan / Permukiman,tidak valid,V5,<1 pixel valid (V5: <1 pixel valid)
526,2,Bangunan / Permukiman,valid tidak terpilih (kuota),KUOTA,valid tetapi tidak terambil acak 50/kelas
527,2,Bangunan / Permukiman,tidak valid,V5,<1 pixel valid (V5: <1 pixel valid)
528,2,Bangunan / Permukiman,tidak valid,V5,<1 pixel valid (V5: <1 pixel valid)
529,2,Bangunan / Permukiman,valid tidak terpilih (kuota),KUOTA,valid tetapi tidak terambil acak 50/kelas
531,2,Bangunan / Permukiman,tidak valid,V5,<1 pixel valid (V5: <1 pixel valid)
533,2,Bangunan / Permukiman,tidak valid,V5,<1 pixel valid (V5: <1 pixel valid)
534,2,Bangunan / Permukiman,tidak valid,V5,<1 pixel valid (V5: <1 pixel valid)
535,2,Bangunan / Permukiman,valid tidak terpilih (kuota),KUOTA,valid tetapi tidak terambil acak 50/kelas
538,2,Bangunan / Permukiman,tidak valid,V5,<1 pixel valid (V5: <1 pixel valid)
539,2,Bangunan / Permukiman,valid tidak terpilih (kuota),KUOTA,valid tetapi tidak terambil acak 50/kelas
540,2,Bangunan / Permukiman,valid tidak terpilih (kuota),KUOTA,valid tetapi tidak terambil acak 50/kelas
541,2,Bangunan / Permukiman,valid tidak terpilih (kuota),KUOTA,valid tetapi tidak terambil acak 50/kelas
542,2,Bangunan / Permukiman,tidak valid,V5,<1 pixel valid (V5: <1 pixel valid)
543,2,Bangunan / Permukiman,valid tidak terpilih (kuota),KUOTA,valid tetapi tidak terambil acak 50/kelas
545,2,Bangunan / Permukiman,tidak valid,V5,<1 pixel valid (V5: <1 pixel valid)
547,2,Bangunan / Permukiman,tidak valid,V5,<1 pixel valid (V5: <1 pixel valid)
548,2,Bangunan / Permukiman,tidak valid,V5,<1 pixel valid (V5: <1 pixel valid)
549,2,Bangunan / Permukiman,valid tidak terpilih (kuota),KUOTA,valid tetapi tidak terambil acak 50/kelas
550,2,Bangunan / Permukiman,tidak valid,V5,<1 pixel valid (V5: <1 pixel valid)
551,2,Bangunan / Permukiman,valid tidak terpilih (kuota),KUOTA,valid tetapi tidak terambil acak 50/kelas
552,2,Bangunan / Permukiman,tidak valid,V5,<1 pixel valid (V5: <1 pixel valid)
553,2,Bangunan / Permukiman,tidak valid,V5,<1 pixel valid (V5: <1 pixel valid)
554,2,Bangunan / Permukiman,valid tidak terpilih (kuota),KUOTA,valid tetapi tidak terambil acak 50/kelas
555,2,Bangunan / Permukiman,valid tidak terpilih (kuota),KUOTA,valid tetapi tidak terambil acak 50/kelas
557,2,Bangunan / Permukiman,tidak valid,V5,<1 pixel valid (V5: <1 pixel valid)
558,2,Bangunan / Permukiman,tidak valid,V5,<1 pixel valid (V5: <1 pixel valid)
559,2,Bangunan / Permukiman,tidak valid,V5,<1 pixel valid (V5: <1 pixel valid)
560,2,Bangunan / Permukiman,valid tidak terpilih (kuota),KUOTA,valid tetapi tidak terambil acak 50/kelas
561,2,Bangunan / Permukiman,tidak valid,V6,overlap lintas kelas > 0.05
562,2,Bangunan / Permukiman,tidak valid,V5,<1 pixel valid (V5: <1 pixel valid)
563,2,Bangunan / Permukiman,tidak valid,V5,<1 pixel valid (V5: <1 pixel valid)
564,2,Bangunan / Permukiman,valid tidak terpilih (kuota),KUOTA,valid tetapi tidak terambil acak 50/kelas
566,2,Bangunan / Permukiman,tidak valid,V5,<1 pixel valid (V5: <1 pixel valid)
567,2,Bangunan / Permukiman,valid tidak terpilih (kuota),KUOTA,valid tetapi tidak terambil acak 50/kelas
568,2,Bangunan / Permukiman,tidak valid,V5,<1 pixel valid (V5: <1 pixel valid)
569,2,Bangunan / Permukiman,tidak valid,V6,overlap lintas kelas > 0.05
570,2,Bangunan / Permukiman,valid tidak terpilih (kuota),KUOTA,valid tetapi tidak terambil acak 50/kelas
571,2,Bangunan / Permukiman,valid tidak terpilih (kuota),KUOTA,valid tetapi tidak terambil acak 50/kelas
572,2,Bangunan / Permukiman,valid tidak terpilih (kuota),KUOTA,valid tetapi tidak terambil acak 50/kelas
573,2,Bangunan / Permukiman,tidak valid,V5,<1 pixel valid (V5: <1 pixel valid)
574,2,Bangunan / Permukiman,valid tidak terpilih (kuota),KUOTA,valid tetapi tidak terambil acak 50/kelas
575,2,Bangunan / Permukiman,valid tidak terpilih (kuota),KUOTA,valid tetapi tidak terambil acak 50/kelas
576,2,Bangunan / Permukiman,tidak valid,V5,<1 pixel valid (V5: <1 pixel valid)
577,2,Bangunan / Permukiman,tidak valid,V5,<1 pixel valid (V5: <1 pixel valid)
578,2,Bangunan / Permukiman,valid tidak terpilih (kuota),KUOTA,valid tetapi tidak terambil acak 50/kelas
579,2,Bangunan / Permukiman,tidak valid,V5,<1 pixel valid (V5: <1 pixel valid)
580,2,Bangunan / Permukiman,valid tidak terpilih (kuota),KUOTA,valid tetapi tidak terambil acak 50/kelas
581,2,Bangunan / Permukiman,valid tidak terpilih (kuota),KUOTA,valid tetapi tidak terambil acak 50/kelas
582,2,Bangunan / Permukiman,valid tidak terpilih (kuota),KUOTA,valid tetapi tidak terambil acak 50/kelas
583,2,Bangunan / Permukiman,tidak valid,V5,<1 pixel valid (V5: <1 pixel valid)
584,2,Bangunan / Permukiman,tidak valid,V5,<1 pixel valid (V5: <1 pixel valid)
585,2,Bangunan / Permukiman,tidak valid,V5,<1 pixel valid (V5: <1 pixel valid)
586,2,Bangunan / Permukiman,valid tidak terpilih (kuota),KUOTA,valid tetapi tidak terambil acak 50/kelas
588,2,Bangunan / Permukiman,tidak valid,V5,<1 pixel valid (V5: <1 pixel valid)
589,2,Bangunan / Permukiman,valid tidak terpilih (kuota),KUOTA,valid tetapi tidak terambil acak 50/kelas
590,2,Bangunan / Permukiman,valid tidak terpilih (kuota),KUOTA,valid tetapi tidak terambil acak 50/kelas
591,2,Bangunan / Permukiman,tidak valid,V5,<1 pixel valid (V5: <1 pixel valid)
592,2,Bangunan / Permukiman,tidak valid,V5,<1 pixel valid (V5: <1 pixel valid)
593,2,Bangunan / Permukiman,tidak valid,V5,<1 pixel valid (V5: <1 pixel valid)
594,2,Bangunan / Permukiman,tidak valid,V5,<1 pixel valid (V5: <1 pixel valid)
595,2,Bangunan / Permukiman,tidak valid,V5,<1 pixel valid (V5: <1 pixel valid)
596,2,Bangunan / Permukiman,valid tidak terpilih (kuota),KUOTA,valid tetapi tidak terambil acak 50/kelas
597,2,Bangunan / Permukiman,tidak valid,V5,<1 pixel valid (V5: <1 pixel valid)
598,2,Bangunan / Permukiman,valid tidak terpilih (kuota),KUOTA,valid tetapi tidak terambil acak 50/kelas
599,2,Bangunan / Permukiman,tidak valid,V5,<1 pixel valid (V5: <1 pixel valid)
600,2,Bangunan / Permukiman,valid tidak terpilih (kuota),KUOTA,valid tetapi tidak terambil acak 50/kelas
601,2,Bangunan / Permukiman,valid tidak terpilih (kuota),KUOTA,valid tetapi tidak terambil acak 50/kelas
602,2,Bangunan / Permukiman,tidak valid,V5,<1 pixel valid (V5: <1 pixel valid)
603,2,Bangunan / Permukiman,valid tidak terpilih (kuota),KUOTA,valid tetapi tidak terambil acak 50/kelas
604,2,Bangunan / Permukiman,valid tidak terpilih (kuota),KUOTA,valid tetapi tidak terambil acak 50/kelas
605,2,Bangunan / Permukiman,valid tidak terpilih (kuota),KUOTA,valid tetapi tidak terambil acak 50/kelas
606,2,Bangunan / Permukiman,tidak valid,V5,<1 pixel valid (V5: <1 pixel valid)
607,2,Bangunan / Permukiman,tidak valid,V5,<1 pixel valid (V5: <1 pixel valid)
608,2,Bangunan / Permukiman,valid tidak terpilih (kuota),KUOTA,valid tetapi tidak terambil acak 50/kelas
609,2,Bangunan / Permukiman,tidak valid,V5,<1 pixel valid (V5: <1 pixel valid)
610,2,Bangunan / Permukiman,valid tidak terpilih (kuota),KUOTA,valid tetapi tidak terambil acak 50/kelas
611,2,Bangunan / Permukiman,valid tidak terpilih (kuota),KUOTA,valid tetapi tidak terambil acak 50/kelas
612,2,Bangunan / Permukiman,tidak valid,V5,<1 pixel valid (V5: <1 pixel valid)
613,2,Bangunan / Permukiman,valid tidak terpilih (kuota),KUOTA,valid tetapi tidak terambil acak 50/kelas
614,2,Bangunan / Permukiman,tidak valid,V5,<1 pixel valid (V5: <1 pixel valid)
615,2,Bangunan / Permukiman,tidak valid,V5,<1 pixel valid (V5: <1 pixel valid)
616,2,Bangunan / Permukiman,tidak valid,V5,<1 pixel valid (V5: <1 pixel valid)
617,2,Bangunan / Permukiman,tidak valid,V5,<1 pixel valid (V5: <1 pixel valid)
618,2,Bangunan / Permukiman,valid tidak terpilih (kuota),KUOTA,valid tetapi tidak terambil acak 50/kelas
620,2,Bangunan / Permukiman,valid tidak terpilih (kuota),KUOTA,valid tetapi tidak terambil acak 50/kelas
621,2,Bangunan / Permukiman,tidak valid,V5,<1 pixel valid (V5: <1 pixel valid)
622,2,Bangunan / Permukiman,tidak valid,V5,<1 pixel valid (V5: <1 pixel valid)
623,2,Bangunan / Permukiman,tidak valid,V5,<1 pixel valid (V5: <1 pixel valid)
624,2,Bangunan / Permukiman,tidak valid,V5,<1 pixel valid (V5: <1 pixel valid)
625,2,Bangunan / Permukiman,valid tidak terpilih (kuota),KUOTA,valid tetapi tidak terambil acak 50/kelas
626,2,Bangunan / Permukiman,tidak valid,V5,<1 pixel valid (V5: <1 pixel valid)
627,2,Bangunan / Permukiman,valid tidak terpilih (kuota),KUOTA,valid tetapi tidak terambil acak 50/kelas
628,2,Bangunan / Permukiman,tidak valid,V5,<1 pixel valid (V5: <1 pixel valid)
629,2,Bangunan / Permukiman,tidak valid,V5,<1 pixel valid (V5: <1 pixel valid)
630,2,Bangunan / Permukiman,valid tidak terpilih (kuota),KUOTA,valid tetapi tidak terambil acak 50/kelas
631,2,Bangunan / Permukiman,tidak valid,V5,<1 pixel valid (V5: <1 pixel valid)
632,2,Bangunan / Permukiman,valid tidak terpilih (kuota),KUOTA,valid tetapi tidak terambil acak 50/kelas
636,2,Bangunan / Permukiman,tidak valid,V5,<1 pixel valid (V5: <1 pixel valid)
637,2,Bangunan / Permukiman,tidak valid,V5,<1 pixel valid (V5: <1 pixel valid)
638,2,Bangunan / Permukiman,valid tidak terpilih (kuota),KUOTA,valid tetapi tidak terambil acak 50/kelas
639,2,Bangunan / Permukiman,valid tidak terpilih (kuota),KUOTA,valid tetapi tidak terambil acak 50/kelas
640,2,Bangunan / Permukiman,tidak valid,V5,<1 pixel valid (V5: <1 pixel valid)
641,2,Bangunan / Permukiman,valid tidak terpilih (kuota),KUOTA,valid tetapi tidak terambil acak 50/kelas
642,2,Bangunan / Permukiman,tidak valid,V5,<1 pixel valid (V5: <1 pixel valid)
643,2,Bangunan / Permukiman,valid tidak terpilih (kuota),KUOTA,valid tetapi tidak terambil acak 50/kelas
644,2,Bangunan / Permukiman,tidak valid,V5,<1 pixel valid (V5: <1 pixel valid)
645,2,Bangunan / Permukiman,valid tidak terpilih (kuota),KUOTA,valid tetapi tidak terambil acak 50/kelas
646,2,Bangunan / Permukiman,valid tidak terpilih (kuota),KUOTA,valid tetapi tidak terambil acak 50/kelas
647,2,Bangunan / Permukiman,tidak valid,V5,<1 pixel valid (V5: <1 pixel valid)
648,2,Bangunan / Permukiman,tidak valid,V5,<1 pixel valid (V5: <1 pixel valid)
649,2,Bangunan / Permukiman,tidak valid,V5,<1 pixel valid (V5: <1 pixel valid)
650,2,Bangunan / Permukiman,tidak valid,V5,<1 pixel valid (V5: <1 pixel valid)
651,2,Bangunan / Permukiman,valid tidak terpilih (kuota),KUOTA,valid tetapi tidak terambil acak 50/kelas
652,2,Bangunan / Permukiman,valid tidak terpilih (kuota),KUOTA,valid tetapi tidak terambil acak 50/kelas
653,2,Bangunan / Permukiman,valid tidak terpilih (kuota),KUOTA,valid tetapi tidak terambil acak 50/kelas
654,2,Bangunan / Permukiman,valid tidak terpilih (kuota),KUOTA,valid tetapi tidak terambil acak 50/kelas
655,2,Bangunan / Permukiman,valid tidak terpilih (kuota),KUOTA,valid tetapi tidak terambil acak 50/kelas
656,2,Bangunan / Permukiman,tidak valid,V5,<1 pixel valid (V5: <1 pixel valid)
657,2,Bangunan / Permukiman,valid tidak terpilih (kuota),KUOTA,valid tetapi tidak terambil acak 50/kelas
658,2,Bangunan / Permukiman,valid tidak terpilih (kuota),KUOTA,valid tetapi tidak terambil acak 50/kelas
660,2,Bangunan / Permukiman,valid tidak terpilih (kuota),KUOTA,valid tetapi tidak terambil acak 50/kelas
661,2,Bangunan / Permukiman,tidak valid,V5,<1 pixel valid (V5: <1 pixel valid)
662,2,Bangunan / Permukiman,tidak valid,V5,<1 pixel valid (V5: <1 pixel valid)
663,2,Bangunan / Permukiman,tidak valid,V5,<1 pixel valid (V5: <1 pixel valid)
664,2,Bangunan / Permukiman,tidak valid,V5,<1 pixel valid (V5: <1 pixel valid)
665,2,Bangunan / Permukiman,tidak valid,V5,<1 pixel valid (V5: <1 pixel valid)
666,2,Bangunan / Permukiman,valid tidak terpilih (kuota),KUOTA,valid tetapi tidak terambil acak 50/kelas
667,2,Bangunan / Permukiman,valid tidak terpilih (kuota),KUOTA,valid tetapi tidak terambil acak 50/kelas
668,2,Bangunan / Permukiman,tidak valid,V5,<1 pixel valid (V5: <1 pixel valid)
670,2,Bangunan / Permukiman,tidak valid,V5,<1 pixel valid (V5: <1 pixel valid)
671,2,Bangunan / Permukiman,tidak valid,V5,<1 pixel valid (V5: <1 pixel valid)
672,2,Bangunan / Permukiman,tidak valid,V5,<1 pixel valid (V5: <1 pixel valid)
673,2,Bangunan / Permukiman,tidak valid,V5,<1 pixel valid (V5: <1 pixel valid)
674,2,Bangunan / Permukiman,tidak valid,V5,<1 pixel valid (V5: <1 pixel valid)
675,2,Bangunan / Permukiman,valid tidak terpilih (kuota),KUOTA,valid tetapi tidak terambil acak 50/kelas
676,2,Bangunan / Permukiman,valid tidak terpilih (kuota),KUOTA,valid tetapi tidak terambil acak 50/kelas
677,2,Bangunan / Permukiman,valid tidak terpilih (kuota),KUOTA,valid tetapi tidak terambil acak 50/kelas
678,2,Bangunan / Permukiman,valid tidak terpilih (kuota),KUOTA,valid tetapi tidak terambil acak 50/kelas
679,2,Bangunan / Permukiman,valid tidak terpilih (kuota),KUOTA,valid tetapi tidak terambil acak 50/kelas
680,2,Bangunan / Permukiman,valid tidak terpilih (kuota),KUOTA,valid tetapi tidak terambil acak 50/kelas
681,2,Bangunan / Permukiman,valid tidak terpilih (kuota),KUOTA,valid tetapi tidak terambil acak 50/kelas
682,2,Bangunan / Permukiman,valid tidak terpilih (kuota),KUOTA,valid tetapi tidak terambil acak 50/kelas
683,2,Bangunan / Permukiman,tidak valid,V5,<1 pixel valid (V5: <1 pixel valid)
684,2,Bangunan / Permukiman,valid tidak terpilih (kuota),KUOTA,valid tetapi tidak terambil acak 50/kelas
686,2,Bangunan / Permukiman,tidak valid,V5,<1 pixel valid (V5: <1 pixel valid)
687,2,Bangunan / Permukiman,tidak valid,V5,<1 pixel valid (V5: <1 pixel valid)
688,2,Bangunan / Permukiman,tidak valid,V5,<1 pixel valid (V5: <1 pixel valid)
689,2,Bangunan / Permukiman,valid tidak terpilih (kuota),KUOTA,valid tetapi tidak terambil acak 50/kelas
690,2,Bangunan / Permukiman,valid tidak terpilih (kuota),KUOTA,valid tetapi tidak terambil acak 50/kelas
691,2,Bangunan / Permukiman,tidak valid,V5,<1 pixel valid (V5: <1 pixel valid)
692,2,Bangunan / Permukiman,tidak valid,V5,<1 pixel valid (V5: <1 pixel valid)
693,2,Bangunan / Permukiman,tidak valid,V5,<1 pixel valid (V5: <1 pixel valid)
694,2,Bangunan / Permukiman,tidak valid,V5,<1 pixel valid (V5: <1 pixel valid)
695,2,Bangunan / Permukiman,valid tidak terpilih (kuota),KUOTA,valid tetapi tidak terambil acak 50/kelas
696,2,Bangunan / Permukiman,valid tidak terpilih (kuota),KUOTA,valid tetapi tidak terambil acak 50/kelas
697,2,Bangunan / Permukiman,tidak valid,V5,<1 pixel valid (V5: <1 pixel valid)
699,2,Bangunan / Permukiman,tidak valid,V5,<1 pixel valid (V5: <1 pixel valid)
700,2,Bangunan / Permukiman,tidak valid,V5,<1 pixel valid (V5: <1 pixel valid)
701,2,Bangunan / Permukiman,valid tidak terpilih (kuota),KUOTA,valid tetapi tidak terambil acak 50/kelas
702,2,Bangunan / Permukiman,valid tidak terpilih (kuota),KUOTA,valid tetapi tidak terambil acak 50/kelas
703,2,Bangunan / Permukiman,tidak valid,V5,<1 pixel valid (V5: <1 pixel valid)
704,2,Bangunan / Permukiman,tidak valid,V5,<1 pixel valid (V5: <1 pixel valid)
705,2,Bangunan / Permukiman,tidak valid,V5,<1 pixel valid (V5: <1 pixel valid)
706,2,Bangunan / Permukiman,tidak valid,V5,<1 pixel valid (V5: <1 pixel valid)
707,2,Bangunan / Permukiman,valid tidak terpilih (kuota),KUOTA,valid tetapi tidak terambil acak 50/kelas
708,2,Bangunan / Permukiman,valid tidak terpilih (kuota),KUOTA,valid tetapi tidak terambil acak 50/kelas
709,2,Bangunan / Permukiman,valid tidak terpilih (kuota),KUOTA,valid tetapi tidak terambil acak 50/kelas
710,2,Bangunan / Permukiman,tidak valid,V5,<1 pixel valid (V5: <1 pixel valid)
711,2,Bangunan / Permukiman,valid tidak terpilih (kuota),KUOTA,valid tetapi tidak terambil acak 50/kelas
712,2,Bangunan / Permukiman,valid tidak terpilih (kuota),KUOTA,valid tetapi tidak terambil acak 50/kelas
714,2,Bangunan / Permukiman,valid tidak terpilih (kuota),KUOTA,valid tetapi tidak terambil acak 50/kelas
716,2,Bangunan / Permukiman,tidak valid,V5,<1 pixel valid (V5: <1 pixel valid)
717,2,Bangunan / Permukiman,tidak valid,V5,<1 pixel valid (V5: <1 pixel valid)
718,2,Bangunan / Permukiman,tidak valid,V5,<1 pixel valid (V5: <1 pixel valid)
719,2,Bangunan / Permukiman,valid tidak terpilih (kuota),KUOTA,valid tetapi tidak terambil acak 50/kelas
720,2,Bangunan / Permukiman,valid tidak terpilih (kuota),KUOTA,valid tetapi tidak terambil acak 50/kelas
721,2,Bangunan / Permukiman,valid tidak terpilih (kuota),KUOTA,valid tetapi tidak terambil acak 50/kelas
722,2,Bangunan / Permukiman,tidak valid,V5,<1 pixel valid (V5: <1 pixel valid)
723,2,Bangunan / Permukiman,tidak valid,V5,<1 pixel valid (V5: <1 pixel valid)
724,2,Bangunan / Permukiman,tidak valid,V5,<1 pixel valid (V5: <1 pixel valid)
726,2,Bangunan / Permukiman,tidak valid,V5,<1 pixel valid (V5: <1 pixel valid)
727,2,Bangunan / Permukiman,valid tidak terpilih (kuota),KUOTA,valid tetapi tidak terambil acak 50/kelas
729,2,Bangunan / Permukiman,tidak valid,V5,<1 pixel valid (V5: <1 pixel valid)
730,2,Bangunan / Permukiman,valid tidak terpilih (kuota),KUOTA,valid tetapi tidak terambil acak 50/kelas
731,2,Bangunan / Permukiman,valid tidak terpilih (kuota),KUOTA,valid tetapi tidak terambil acak 50/kelas
732,2,Bangunan / Permukiman,tidak valid,V5,<1 pixel valid (V5: <1 pixel valid)
733,2,Bangunan / Permukiman,valid tidak terpilih (kuota),KUOTA,valid tetapi tidak terambil acak 50/kelas
734,2,Bangunan / Permukiman,valid tidak terpilih (kuota),KUOTA,valid tetapi tidak terambil acak 50/kelas
735,2,Bangunan / Permukiman,valid tidak terpilih (kuota),KUOTA,valid tetapi tidak terambil acak 50/kelas
736,2,Bangunan / Permukiman,valid tidak terpilih (kuota),KUOTA,valid tetapi tidak terambil acak 50/kelas
737,2,Bangunan / Permukiman,tidak valid,V5,<1 pixel valid (V5: <1 pixel valid)
738,2,Bangunan / Permukiman,tidak valid,V5,<1 pixel valid (V5: <1 pixel valid)
740,2,Bangunan / Permukiman,tidak valid,V5,<1 pixel valid (V5: <1 pixel valid)
741,2,Bangunan / Permukiman,tidak valid,V5,<1 pixel valid (V5: <1 pixel valid)
742,2,Bangunan / Permukiman,tidak valid,V5,<1 pixel valid (V5: <1 pixel valid)
743,2,Bangunan / Permukiman,tidak valid,V5,<1 pixel valid (V5: <1 pixel valid)
744,2,Bangunan / Permukiman,tidak valid,V5,<1 pixel valid (V5: <1 pixel valid)
746,2,Bangunan / Permukiman,tidak valid,V5,<1 pixel valid (V5: <1 pixel valid)
747,2,Bangunan / Permukiman,valid tidak terpilih (kuota),KUOTA,valid tetapi tidak terambil acak 50/kelas
748,2,Bangunan / Permukiman,tidak valid,V5,<1 pixel valid (V5: <1 pixel valid)
749,2,Bangunan / Permukiman,tidak valid,V5,<1 pixel valid (V5: <1 pixel valid)
750,2,Bangunan / Permukiman,tidak valid,V5,<1 pixel valid (V5: <1 pixel valid)
751,2,Bangunan / Permukiman,valid tidak terpilih (kuota),KUOTA,valid tetapi tidak terambil acak 50/kelas
752,2,Bangunan / Permukiman,tidak valid,V5,<1 pixel valid (V5: <1 pixel valid)
753,2,Bangunan / Permukiman,tidak valid,V5,<1 pixel valid (V5: <1 pixel valid)
754,2,Bangunan / Permukiman,tidak valid,V5,<1 pixel valid (V5: <1 pixel valid)
755,2,Bangunan / Permukiman,tidak valid,V5,<1 pixel valid (V5: <1 pixel valid)
756,2,Bangunan / Permukiman,valid tidak terpilih (kuota),KUOTA,valid tetapi tidak terambil acak 50/kelas
757,2,Bangunan / Permukiman,valid tidak terpilih (kuota),KUOTA,valid tetapi tidak terambil acak 50/kelas
758,2,Bangunan / Permukiman,valid tidak terpilih (kuota),KUOTA,valid tetapi tidak terambil acak 50/kelas
759,2,Bangunan / Permukiman,valid tidak terpilih (kuota),KUOTA,valid tetapi tidak terambil acak 50/kelas
761,2,Bangunan / Permukiman,valid tidak terpilih (kuota),KUOTA,valid tetapi tidak terambil acak 50/kelas
762,2,Bangunan / Permukiman,valid tidak terpilih (kuota),KUOTA,valid tetapi tidak terambil acak 50/kelas
763,2,Bangunan / Permukiman,valid tidak terpilih (kuota),KUOTA,valid tetapi tidak terambil acak 50/kelas
764,2,Bangunan / Permukiman,valid tidak terpilih (kuota),KUOTA,valid tetapi tidak terambil acak 50/kelas
765,2,Bangunan / Permukiman,valid tidak terpilih (kuota),KUOTA,valid tetapi tidak terambil acak 50/kelas
766,2,Bangunan / Permukiman,tidak valid,V5,<1 pixel valid (V5: <1 pixel valid)
767,2,Bangunan / Permukiman,tidak valid,V5,<1 pixel valid (V5: <1 pixel valid)
768,2,Bangunan / Permukiman,valid tidak terpilih (kuota),KUOTA,valid tetapi tidak terambil acak 50/kelas
769,2,Bangunan / Permukiman,valid tidak terpilih (kuota),KUOTA,valid tetapi tidak terambil acak 50/kelas
771,2,Bangunan / Permukiman,tidak valid,V5,<1 pixel valid (V5: <1 pixel valid)
772,2,Bangunan / Permukiman,valid tidak terpilih (kuota),KUOTA,valid tetapi tidak terambil acak 50/kelas
773,2,Bangunan / Permukiman,tidak valid,V5,<1 pixel valid (V5: <1 pixel valid)
775,2,Bangunan / Permukiman,tidak valid,V5,<1 pixel valid (V5: <1 pixel valid)
776,2,Bangunan / Permukiman,tidak valid,V5,<1 pixel valid (V5: <1 pixel valid)
778,2,Bangunan / Permukiman,tidak valid,V5,<1 pixel valid (V5: <1 pixel valid)
779,2,Bangunan / Permukiman,tidak valid,V5,<1 pixel valid (V5: <1 pixel valid)
780,2,Bangunan / Permukiman,valid tidak terpilih (kuota),KUOTA,valid tetapi tidak terambil acak 50/kelas
781,2,Bangunan / Permukiman,valid tidak terpilih (kuota),KUOTA,valid tetapi tidak terambil acak 50/kelas
782,2,Bangunan / Permukiman,valid tidak terpilih (kuota),KUOTA,valid tetapi tidak terambil acak 50/kelas
783,2,Bangunan / Permukiman,tidak valid,V5,<1 pixel valid (V5: <1 pixel valid)
784,2,Bangunan / Permukiman,tidak valid,V5,<1 pixel valid (V5: <1 pixel valid)
785,2,Bangunan / Permukiman,tidak valid,V5,<1 pixel valid (V5: <1 pixel valid)
786,2,Bangunan / Permukiman,tidak valid,V5,<1 pixel valid (V5: <1 pixel valid)
787,2,Bangunan / Permukiman,tidak valid,V5,<1 pixel valid (V5: <1 pixel valid)
788,2,Bangunan / Permukiman,valid tidak terpilih (kuota),KUOTA,valid tetapi tidak terambil acak 50/kelas
790,2,Bangunan / Permukiman,tidak valid,V5,<1 pixel valid (V5: <1 pixel valid)
791,2,Bangunan / Permukiman,valid tidak terpilih (kuota),KUOTA,valid tetapi tidak terambil acak 50/kelas
792,2,Bangunan / Permukiman,tidak valid,V5,<1 pixel valid (V5: <1 pixel valid)
793,2,Bangunan / Permukiman,valid tidak terpilih (kuota),KUOTA,valid tetapi tidak terambil acak 50/kelas
794,2,Bangunan / Permukiman,tidak valid,V5,<1 pixel valid (V5: <1 pixel valid)
795,2,Bangunan / Permukiman,valid tidak terpilih (kuota),KUOTA,valid tetapi tidak terambil acak 50/kelas
796,2,Bangunan / Permukiman,valid tidak terpilih (kuota),KUOTA,valid tetapi tidak terambil acak 50/kelas
797,2,Bangunan / Permukiman,tidak valid,V5,<1 pixel valid (V5: <1 pixel valid)
798,2,Bangunan / Permukiman,valid tidak terpilih (kuota),KUOTA,valid tetapi tidak terambil acak 50/kelas
799,2,Bangunan / Permukiman,valid tidak terpilih (kuota),KUOTA,valid tetapi tidak terambil acak 50/kelas
800,2,Bangunan / Permukiman,tidak valid,V5,<1 pixel valid (V5: <1 pixel valid)
801,2,Bangunan / Permukiman,valid tidak terpilih (kuota),KUOTA,valid tetapi tidak terambil acak 50/kelas
802,2,Bangunan / Permukiman,tidak valid,V5,<1 pixel valid (V5: <1 pixel valid)
803,2,Bangunan / Permukiman,tidak valid,V5,<1 pixel valid (V5: <1 pixel valid)
804,2,Bangunan / Permukiman,tidak valid,V5,<1 pixel valid (V5: <1 pixel valid)
805,2,Bangunan / Permukiman,tidak valid,V5,<1 pixel valid (V5: <1 pixel valid)
807,2,Bangunan / Permukiman,tidak valid,V5,<1 pixel valid (V5: <1 pixel valid)
808,2,Bangunan / Permukiman,tidak valid,V5,<1 pixel valid (V5: <1 pixel valid)
809,2,Bangunan / Permukiman,tidak valid,V5,<1 pixel valid (V5: <1 pixel valid)
810,2,Bangunan / Permukiman,valid tidak terpilih (kuota),KUOTA,valid tetapi tidak terambil acak 50/kelas
811,2,Bangunan / Permukiman,tidak valid,V5,<1 pixel valid (V5: <1 pixel valid)
812,2,Bangunan / Permukiman,tidak valid,V5,<1 pixel valid (V5: <1 pixel valid)
813,2,Bangunan / Permukiman,valid tidak terpilih (kuota),KUOTA,valid tetapi tidak terambil acak 50/kelas
814,2,Bangunan / Permukiman,tidak valid,V5,<1 pixel valid (V5: <1 pixel valid)
816,2,Bangunan / Permukiman,valid tidak terpilih (kuota),KUOTA,valid tetapi tidak terambil acak 50/kelas
817,2,Bangunan / Permukiman,valid tidak terpilih (kuota),KUOTA,valid tetapi tidak terambil acak 50/kelas
818,2,Bangunan / Permukiman,tidak valid,V5,<1 pixel valid (V5: <1 pixel valid)
819,2,Bangunan / Permukiman,tidak valid,V5,<1 pixel valid (V5: <1 pixel valid)
820,2,Bangunan / Permukiman,tidak valid,V5,<1 pixel valid (V5: <1 pixel valid)
822,2,Bangunan / Permukiman,valid tidak terpilih (kuota),KUOTA,valid tetapi tidak terambil acak 50/kelas
823,2,Bangunan / Permukiman,tidak valid,V5,<1 pixel valid (V5: <1 pixel valid)
824,2,Bangunan / Permukiman,tidak valid,V5,<1 pixel valid (V5: <1 pixel valid)
825,2,Bangunan / Permukiman,tidak valid,V5,<1 pixel valid (V5: <1 pixel valid)
826,2,Bangunan / Permukiman,valid tidak terpilih (kuota),KUOTA,valid tetapi tidak terambil acak 50/kelas
827,2,Bangunan / Permukiman,tidak valid,V5,<1 pixel valid (V5: <1 pixel valid)
829,2,Bangunan / Permukiman,tidak valid,V5,<1 pixel valid (V5: <1 pixel valid)
830,2,Bangunan / Permukiman,tidak valid,V5,<1 pixel valid (V5: <1 pixel valid)
831,2,Bangunan / Permukiman,valid tidak terpilih (kuota),KUOTA,valid tetapi tidak terambil acak 50/kelas
832,2,Bangunan / Permukiman,tidak valid,V5,<1 pixel valid (V5: <1 pixel valid)
833,2,Bangunan / Permukiman,tidak valid,V5,<1 pixel valid (V5: <1 pixel valid)
834,2,Bangunan / Permukiman,tidak valid,V5,<1 pixel valid (V5: <1 pixel valid)
835,2,Bangunan / Permukiman,valid tidak terpilih (kuota),KUOTA,valid tetapi tidak terambil acak 50/kelas
836,2,Bangunan / Permukiman,tidak valid,V5,<1 pixel valid (V5: <1 pixel valid)
837,2,Bangunan / Permukiman,tidak valid,V5,<1 pixel valid (V5: <1 pixel valid)
838,2,Bangunan / Permukiman,valid tidak terpilih (kuota),KUOTA,valid tetapi tidak terambil acak 50/kelas
839,2,Bangunan / Permukiman,valid tidak terpilih (kuota),KUOTA,valid tetapi tidak terambil acak 50/kelas
840,2,Bangunan / Permukiman,valid tidak terpilih (kuota),KUOTA,valid tetapi tidak terambil acak 50/kelas
841,2,Bangunan / Permukiman,tidak valid,V5,<1 pixel valid (V5: <1 pixel valid)
842,2,Bangunan / Permukiman,valid tidak terpilih (kuota),KUOTA,valid tetapi tidak terambil acak 50/kelas
844,2,Bangunan / Permukiman,valid tidak terpilih (kuota),KUOTA,valid tetapi tidak terambil acak 50/kelas
845,2,Bangunan / Permukiman,tidak valid,V5,<1 pixel valid (V5: <1 pixel valid)
846,2,Bangunan / Permukiman,valid tidak terpilih (kuota),KUOTA,valid tetapi tidak terambil acak 50/kelas
848,2,Bangunan / Permukiman,tidak valid,V5,<1 pixel valid (V5: <1 pixel valid)
849,2,Bangunan / Permukiman,tidak valid,V5,<1 pixel valid (V5: <1 pixel valid)
850,2,Bangunan / Permukiman,tidak valid,V5,<1 pixel valid (V5: <1 pixel valid)
851,2,Bangunan / Permukiman,tidak valid,V5,<1 pixel valid (V5: <1 pixel valid)
852,2,Bangunan / Permukiman,valid tidak terpilih (kuota),KUOTA,valid tetapi tidak terambil acak 50/kelas
853,2,Bangunan / Permukiman,tidak valid,V5,<1 pixel valid (V5: <1 pixel valid)
854,2,Bangunan / Permukiman,valid tidak terpilih (kuota),KUOTA,valid tetapi tidak terambil acak 50/kelas
856,2,Bangunan / Permukiman,valid tidak terpilih (kuota),KUOTA,valid tetapi tidak terambil acak 50/kelas
857,2,Bangunan / Permukiman,valid tidak terpilih (kuota),KUOTA,valid tetapi tidak terambil acak 50/kelas
858,2,Bangunan / Permukiman,valid tidak terpilih (kuota),KUOTA,valid tetapi tidak terambil acak 50/kelas
861,2,Bangunan / Permukiman,valid tidak terpilih (kuota),KUOTA,valid tetapi tidak terambil acak 50/kelas
862,2,Bangunan / Permukiman,tidak valid,V5,<1 pixel valid (V5: <1 pixel valid)
863,2,Bangunan / Permukiman,tidak valid,V5,<1 pixel valid (V5: <1 pixel valid)
864,2,Bangunan / Permukiman,tidak valid,V5,<1 pixel valid (V5: <1 pixel valid)
865,2,Bangunan / Permukiman,tidak valid,V5,<1 pixel valid (V5: <1 pixel valid)
866,2,Bangunan / Permukiman,valid tidak terpilih (kuota),KUOTA,valid tetapi tidak terambil acak 50/kelas
868,2,Bangunan / Permukiman,tidak valid,V5,<1 pixel valid (V5: <1 pixel valid)
869,2,Bangunan / Permukiman,valid tidak terpilih (kuota),KUOTA,valid tetapi tidak terambil acak 50/kelas
870,2,Bangunan / Permukiman,valid tidak terpilih (kuota),KUOTA,valid tetapi tidak terambil acak 50/kelas
871,2,Bangunan / Permukiman,tidak valid,V5,<1 pixel valid (V5: <1 pixel valid)
872,2,Bangunan / Permukiman,valid tidak terpilih (kuota),KUOTA,valid tetapi tidak terambil acak 50/kelas
873,2,Bangunan / Permukiman,tidak valid,V5,<1 pixel valid (V5: <1 pixel valid)
874,2,Bangunan / Permukiman,valid tidak terpilih (kuota),KUOTA,valid tetapi tidak terambil acak 50/kelas
875,2,Bangunan / Permukiman,valid tidak terpilih (kuota),KUOTA,valid tetapi tidak terambil acak 50/kelas
876,2,Bangunan / Permukiman,valid tidak terpilih (kuota),KUOTA,valid tetapi tidak terambil acak 50/kelas
877,2,Bangunan / Permukiman,valid tidak terpilih (kuota),KUOTA,valid tetapi tidak terambil acak 50/kelas
878,2,Bangunan / Permukiman,valid tidak terpilih (kuota),KUOTA,valid tetapi tidak terambil acak 50/kelas
879,2,Bangunan / Permukiman,valid tidak terpilih (kuota),KUOTA,valid tetapi tidak terambil acak 50/kelas
880,2,Bangunan / Permukiman,tidak valid,V5,<1 pixel valid (V5: <1 pixel valid)
881,2,Bangunan / Permukiman,tidak valid,V5,<1 pixel valid (V5: <1 pixel valid)
882,2,Bangunan / Permukiman,tidak valid,V5,<1 pixel valid (V5: <1 pixel valid)
884,2,Bangunan / Permukiman,valid tidak terpilih (kuota),KUOTA,valid tetapi tidak terambil acak 50/kelas
885,2,Bangunan / Permukiman,valid tidak terpilih (kuota),KUOTA,valid tetapi tidak terambil acak 50/kelas
886,2,Bangunan / Permukiman,tidak valid,V5,<1 pixel valid (V5: <1 pixel valid)
887,2,Bangunan / Permukiman,tidak valid,V5,<1 pixel valid (V5: <1 pixel valid)
889,2,Bangunan / Permukiman,valid tidak terpilih (kuota),KUOTA,valid tetapi tidak terambil acak 50/kelas
890,2,Bangunan / Permukiman,tidak valid,V5,<1 pixel valid (V5: <1 pixel valid)
891,2,Bangunan / Permukiman,valid tidak terpilih (kuota),KUOTA,valid tetapi tidak terambil acak 50/kelas
892,2,Bangunan / Permukiman,tidak valid,V5,<1 pixel valid (V5: <1 pixel valid)
893,2,Bangunan / Permukiman,valid tidak terpilih (kuota),KUOTA,valid tetapi tidak terambil acak 50/kelas
894,2,Bangunan / Permukiman,tidak valid,V5,<1 pixel valid (V5: <1 pixel valid)
895,2,Bangunan / Permukiman,valid tidak terpilih (kuota),KUOTA,valid tetapi tidak terambil acak 50/kelas
896,2,Bangunan / Permukiman,tidak valid,V5,<1 pixel valid (V5: <1 pixel valid)
897,2,Bangunan / Permukiman,tidak valid,V5,<1 pixel valid (V5: <1 pixel valid)
898,2,Bangunan / Permukiman,valid tidak terpilih (kuota),KUOTA,valid tetapi tidak terambil acak 50/kelas
899,2,Bangunan / Permukiman,tidak valid,V5,<1 pixel valid (V5: <1 pixel valid)
900,2,Bangunan / Permukiman,tidak valid,V5,<1 pixel valid (V5: <1 pixel valid)
902,2,Bangunan / Permukiman,valid tidak terpilih (kuota),KUOTA,valid tetapi tidak terambil acak 50/kelas
903,2,Bangunan / Permukiman,valid tidak terpilih (kuota),KUOTA,valid tetapi tidak terambil acak 50/kelas
904,2,Bangunan / Permukiman,valid tidak terpilih (kuota),KUOTA,valid tetapi tidak terambil acak 50/kelas
905,2,Bangunan / Permukiman,tidak valid,V5,<1 pixel valid (V5: <1 pixel valid)
906,2,Bangunan / Permukiman,tidak valid,V5,<1 pixel valid (V5: <1 pixel valid)
907,2,Bangunan / Permukiman,valid tidak terpilih (kuota),KUOTA,valid tetapi tidak terambil acak 50/kelas
908,2,Bangunan / Permukiman,valid tidak terpilih (kuota),KUOTA,valid tetapi tidak terambil acak 50/kelas
909,2,Bangunan / Permukiman,valid tidak terpilih (kuota),KUOTA,valid tetapi tidak terambil acak 50/kelas
910,2,Bangunan / Permukiman,tidak valid,V5,<1 pixel valid (V5: <1 pixel valid)
911,2,Bangunan / Permukiman,tidak valid,V5,<1 pixel valid (V5: <1 pixel valid)
912,2,Bangunan / Permukiman,tidak valid,V5,<1 pixel valid (V5: <1 pixel valid)
913,2,Bangunan / Permukiman,valid tidak terpilih (kuota),KUOTA,valid tetapi tidak terambil acak 50/kelas
914,2,Bangunan / Permukiman,tidak valid,V5,<1 pixel valid (V5: <1 pixel valid)
916,2,Bangunan / Permukiman,tidak valid,V5,<1 pixel valid (V5: <1 pixel valid)
917,2,Bangunan / Permukiman,tidak valid,V5,<1 pixel valid (V5: <1 pixel valid)
918,2,Bangunan / Permukiman,valid tidak terpilih (kuota),KUOTA,valid tetapi tidak terambil acak 50/kelas
919,2,Bangunan / Permukiman,tidak valid,V5,<1 pixel valid (V5: <1 pixel valid)
920,2,Bangunan / Permukiman,tidak valid,V5,<1 pixel valid (V5: <1 pixel valid)
921,2,Bangunan / Permukiman,valid tidak terpilih (kuota),KUOTA,valid tetapi tidak terambil acak 50/kelas
922,2,Bangunan / Permukiman,valid tidak terpilih (kuota),KUOTA,valid tetapi tidak terambil acak 50/kelas
923,2,Bangunan / Permukiman,tidak valid,V5,<1 pixel valid (V5: <1 pixel valid)
924,2,Bangunan / Permukiman,tidak valid,V5,<1 pixel valid (V5: <1 pixel valid)
925,2,Bangunan / Permukiman,valid tidak terpilih (kuota),KUOTA,valid tetapi tidak terambil acak 50/kelas
926,2,Bangunan / Permukiman,tidak valid,V5,<1 pixel valid (V5: <1 pixel valid)
927,2,Bangunan / Permukiman,tidak valid,V5,<1 pixel valid (V5: <1 pixel valid)
928,2,Bangunan / Permukiman,tidak valid,V5,<1 pixel valid (V5: <1 pixel valid)
931,2,Bangunan / Permukiman,tidak valid,V5,<1 pixel valid (V5: <1 pixel valid)
932,2,Bangunan / Permukiman,valid tidak terpilih (kuota),KUOTA,valid tetapi tidak terambil acak 50/kelas
933,2,Bangunan / Permukiman,tidak valid,V5,<1 pixel valid (V5: <1 pixel valid)
934,2,Bangunan / Permukiman,valid tidak terpilih (kuota),KUOTA,valid tetapi tidak terambil acak 50/kelas
935,2,Bangunan / Permukiman,tidak valid,V5,<1 pixel valid (V5: <1 pixel valid)
936,2,Bangunan / Permukiman,tidak valid,V5,<1 pixel valid (V5: <1 pixel valid)
937,2,Bangunan / Permukiman,tidak valid,V5,<1 pixel valid (V5: <1 pixel valid)
938,2,Bangunan / Permukiman,valid tidak terpilih (kuota),KUOTA,valid tetapi tidak terambil acak 50/kelas
939,2,Bangunan / Permukiman,tidak valid,V5,<1 pixel valid (V5: <1 pixel valid)
940,2,Bangunan / Permukiman,tidak valid,V5,<1 pixel valid (V5: <1 pixel valid)
941,2,Bangunan / Permukiman,valid tidak terpilih (kuota),KUOTA,valid tetapi tidak terambil acak 50/kelas
942,2,Bangunan / Permukiman,tidak valid,V5,<1 pixel valid (V5: <1 pixel valid)
943,2,Bangunan / Permukiman,tidak valid,V5,<1 pixel valid (V5: <1 pixel valid)
944,2,Bangunan / Permukiman,tidak valid,V5,<1 pixel valid (V5: <1 pixel valid)
945,2,Bangunan / Permukiman,tidak valid,V5,<1 pixel valid (V5: <1 pixel valid)
946,2,Bangunan / Permukiman,valid tidak terpilih (kuota),KUOTA,valid tetapi tidak terambil acak 50/kelas
947,2,Bangunan / Permukiman,valid tidak terpilih (kuota),KUOTA,valid tetapi tidak terambil acak 50/kelas
949,2,Bangunan / Permukiman,valid tidak terpilih (kuota),KUOTA,valid tetapi tidak terambil acak 50/kelas
950,2,Bangunan / Permukiman,tidak valid,V5,<1 pixel valid (V5: <1 pixel valid)
951,2,Bangunan / Permukiman,tidak valid,V5,<1 pixel valid (V5: <1 pixel valid)
952,2,Bangunan / Permukiman,valid tidak terpilih (kuota),KUOTA,valid tetapi tidak terambil acak 50/kelas
953,2,Bangunan / Permukiman,tidak valid,V5,<1 pixel valid (V5: <1 pixel valid)
954,2,Bangunan / Permukiman,tidak valid,V5,<1 pixel valid (V5: <1 pixel valid)
955,2,Bangunan / Permukiman,tidak valid,V5,<1 pixel valid (V5: <1 pixel valid)
956,2,Bangunan / Permukiman,tidak valid,V5,<1 pixel valid (V5: <1 pixel valid)
957,2,Bangunan / Permukiman,tidak valid,V5,<1 pixel valid (V5: <1 pixel valid)
958,2,Bangunan / Permukiman,valid tidak terpilih (kuota),KUOTA,valid tetapi tidak terambil acak 50/kelas
959,2,Bangunan / Permukiman,valid tidak terpilih (kuota),KUOTA,valid tetapi tidak terambil acak 50/kelas
960,2,Bangunan / Permukiman,valid tidak terpilih (kuota),KUOTA,valid tetapi tidak terambil acak 50/kelas
961,2,Bangunan / Permukiman,valid tidak terpilih (kuota),KUOTA,valid tetapi tidak terambil acak 50/kelas
962,2,Bangunan / Permukiman,valid tidak terpilih (kuota),KUOTA,valid tetapi tidak terambil acak 50/kelas
963,2,Bangunan / Permukiman,valid tidak terpilih (kuota),KUOTA,valid tetapi tidak terambil acak 50/kelas
965,2,Bangunan / Permukiman,valid tidak terpilih (kuota),KUOTA,valid tetapi tidak terambil acak 50/kelas
966,2,Bangunan / Permukiman,tidak valid,V5,<1 pixel valid (V5: <1 pixel valid)
967,2,Bangunan / Permukiman,tidak valid,V5,<1 pixel valid (V5: <1 pixel valid)
968,2,Bangunan / Permukiman,tidak valid,V5,<1 pixel valid (V5: <1 pixel valid)
969,2,Bangunan / Permukiman,valid tidak terpilih (kuota),KUOTA,valid tetapi tidak terambil acak 50/kelas
970,2,Bangunan / Permukiman,tidak valid,V5,<1 pixel valid (V5: <1 pixel valid)
971,2,Bangunan / Permukiman,tidak valid,V5,<1 pixel valid (V5: <1 pixel valid)
972,2,Bangunan / Permukiman,valid tidak terpilih (kuota),KUOTA,valid tetapi tidak terambil acak 50/kelas
973,2,Bangunan / Permukiman,tidak valid,V5,<1 pixel valid (V5: <1 pixel valid)
974,2,Bangunan / Permukiman,tidak valid,V5,<1 pixel valid (V5: <1 pixel valid)
975,2,Bangunan / Permukiman,tidak valid,V5,<1 pixel valid (V5: <1 pixel valid)
976,2,Bangunan / Permukiman,tidak valid,V5,<1 pixel valid (V5: <1 pixel valid)
977,2,Bangunan / Permukiman,valid tidak terpilih (kuota),KUOTA,valid tetapi tidak terambil acak 50/kelas
978,2,Bangunan / Permukiman,valid tidak terpilih (kuota),KUOTA,valid tetapi tidak terambil acak 50/kelas
979,2,Bangunan / Permukiman,tidak valid,V5,<1 pixel valid (V5: <1 pixel valid)
980,2,Bangunan / Permukiman,tidak valid,V5,<1 pixel valid (V5: <1 pixel valid)
981,2,Bangunan / Permukiman,valid tidak terpilih (kuota),KUOTA,valid tetapi tidak terambil acak 50/kelas
982,2,Bangunan / Permukiman,tidak valid,V5,<1 pixel valid (V5: <1 pixel valid)
983,2,Bangunan / Permukiman,tidak valid,V5,<1 pixel valid (V5: <1 pixel valid)
985,2,Bangunan / Permukiman,valid tidak terpilih (kuota),KUOTA,valid tetapi tidak terambil acak 50/kelas
986,2,Bangunan / Permukiman,valid tidak terpilih (kuota),KUOTA,valid tetapi tidak terambil acak 50/kelas
987,2,Bangunan / Permukiman,valid tidak terpilih (kuota),KUOTA,valid tetapi tidak terambil acak 50/kelas
988,2,Bangunan / Permukiman,valid tidak terpilih (kuota),KUOTA,valid tetapi tidak terambil acak 50/kelas
989,2,Bangunan / Permukiman,valid tidak terpilih (kuota),KUOTA,valid tetapi tidak terambil acak 50/kelas
990,2,Bangunan / Permukiman,tidak valid,V5,<1 pixel valid (V5: <1 pixel valid)
991,2,Bangunan / Permukiman,tidak valid,V5,<1 pixel valid (V5: <1 pixel valid)
992,2,Bangunan / Permukiman,valid tidak terpilih (kuota),KUOTA,valid tetapi tidak terambil acak 50/kelas
993,2,Bangunan / Permukiman,tidak valid,V5,<1 pixel valid (V5: <1 pixel valid)
994,2,Bangunan / Permukiman,valid tidak terpilih (kuota),KUOTA,valid tetapi tidak terambil acak 50/kelas
995,2,Bangunan / Permukiman,valid tidak terpilih (kuota),KUOTA,valid tetapi tidak terambil acak 50/kelas
996,2,Bangunan / Permukiman,tidak valid,V5,<1 pixel valid (V5: <1 pixel valid)
997,2,Bangunan / Permukiman,tidak valid,V5,<1 pixel valid (V5: <1 pixel valid)
998,2,Bangunan / Permukiman,tidak valid,V5,<1 pixel valid (V5: <1 pixel valid)
999,2,Bangunan / Permukiman,valid tidak terpilih (kuota),KUOTA,valid tetapi tidak terambil acak 50/kelas
1000,3,Mangrove,tidak valid,V5,<1 pixel valid (V5: <1 pixel valid)
1002,3,Mangrove,valid tidak terpilih (kuota),KUOTA,valid tetapi tidak terambil acak 50/kelas
1003,3,Mangrove,tidak valid,V5,<1 pixel valid (V5: <1 pixel valid)
1004,3,Mangrove,tidak valid,V5,<1 pixel valid (V5: <1 pixel valid)
1005,3,Mangrove,tidak valid,V5,<1 pixel valid (V5: <1 pixel valid)
1006,3,Mangrove,tidak valid,V5,<1 pixel valid (V5: <1 pixel valid)
1007,3,Mangrove,tidak valid,V5,<1 pixel valid (V5: <1 pixel valid)
1008,3,Mangrove,valid tidak terpilih (kuota),KUOTA,valid tetapi tidak terambil acak 50/kelas
1009,3,Mangrove,valid tidak terpilih (kuota),KUOTA,valid tetapi tidak terambil acak 50/kelas
1010,3,Mangrove,tidak valid,V5,<1 pixel valid (V5: <1 pixel valid)
1011,3,Mangrove,tidak valid,V5,<1 pixel valid (V5: <1 pixel valid)
1012,3,Mangrove,tidak valid,V5,<1 pixel valid (V5: <1 pixel valid)
1013,3,Mangrove,tidak valid,V5,<1 pixel valid (gagal baca: ValueError)
1014,3,Mangrove,tidak valid,V5,<1 pixel valid (V5: <1 pixel valid)
1017,3,Mangrove,tidak valid,V5,<1 pixel valid (V5: <1 pixel valid)
1018,3,Mangrove,tidak valid,V5,<1 pixel valid (gagal baca: ValueError)
1019,3,Mangrove,tidak valid,V6,overlap lintas kelas > 0.05
1020,3,Mangrove,tidak valid,V5,<1 pixel valid (V5: <1 pixel valid)
1021,3,Mangrove,tidak valid,V6,overlap lintas kelas > 0.05
1022,3,Mangrove,tidak valid,V5,<1 pixel valid (V5: <1 pixel valid)
1023,3,Mangrove,tidak valid,V5,<1 pixel valid (V5: <1 pixel valid)
1024,3,Mangrove,tidak valid,V5,<1 pixel valid (V5: <1 pixel valid)
1025,3,Mangrove,tidak valid,V5,<1 pixel valid (V5: <1 pixel valid)
1026,3,Mangrove,valid tidak terpilih (kuota),KUOTA,valid tetapi tidak terambil acak 50/kelas
1027,3,Mangrove,tidak valid,V5,<1 pixel valid (V5: <1 pixel valid)
1028,3,Mangrove,tidak valid,V5,<1 pixel valid (V5: <1 pixel valid)
1029,3,Mangrove,tidak valid,V5,<1 pixel valid (V5: <1 pixel valid)
1030,3,Mangrove,tidak valid,V5,<1 pixel valid (V5: <1 pixel valid)
1031,3,Mangrove,tidak valid,V5,<1 pixel valid (V5: <1 pixel valid)
1032,3,Mangrove,tidak valid,V5,<1 pixel valid (V5: <1 pixel valid)
1033,3,Mangrove,tidak valid,V5,<1 pixel valid (V5: <1 pixel valid)
1034,3,Mangrove,tidak valid,V5,<1 pixel valid (V5: <1 pixel valid)
1036,3,Mangrove,valid tidak terpilih (kuota),KUOTA,valid tetapi tidak terambil acak 50/kelas
1038,3,Mangrove,tidak valid,V5,<1 pixel valid (V5: <1 pixel valid)
1040,3,Mangrove,tidak valid,V5,<1 pixel valid (V5: <1 pixel valid)
1041,3,Mangrove,tidak valid,V5,<1 pixel valid (V5: <1 pixel valid)
1043,3,Mangrove,tidak valid,V5,<1 pixel valid (V5: <1 pixel valid)
1044,3,Mangrove,tidak valid,V5,<1 pixel valid (V5: <1 pixel valid)
1045,3,Mangrove,tidak valid,V5,<1 pixel valid (V5: <1 pixel valid)
1046,3,Mangrove,tidak valid,V6,overlap lintas kelas > 0.05
1048,3,Mangrove,valid tidak terpilih (kuota),KUOTA,valid tetapi tidak terambil acak 50/kelas
1049,3,Mangrove,valid tidak terpilih (kuota),KUOTA,valid tetapi tidak terambil acak 50/kelas
1050,3,Mangrove,tidak valid,V5,<1 pixel valid (gagal baca: ValueError)
1051,3,Mangrove,tidak valid,V5,<1 pixel valid (gagal baca: ValueError)
1052,3,Mangrove,tidak valid,V5,<1 pixel valid (V5: <1 pixel valid)
1053,3,Mangrove,tidak valid,V5,<1 pixel valid (V5: <1 pixel valid)
1054,3,Mangrove,tidak valid,V5,<1 pixel valid (V5: <1 pixel valid)
1055,3,Mangrove,tidak valid,V5,<1 pixel valid (V5: <1 pixel valid)
1056,3,Mangrove,tidak valid,V5,<1 pixel valid (V5: <1 pixel valid)
1058,3,Mangrove,tidak valid,V5,<1 pixel valid (V5: <1 pixel valid)
1059,3,Mangrove,tidak valid,V5,<1 pixel valid (V5: <1 pixel valid)
1060,3,Mangrove,tidak valid,V5,<1 pixel valid (V5: <1 pixel valid)
1062,3,Mangrove,tidak valid,V5,<1 pixel valid (V5: <1 pixel valid)
1063,3,Mangrove,tidak valid,V6,overlap lintas kelas > 0.05
1064,3,Mangrove,tidak valid,V5,<1 pixel valid (V5: <1 pixel valid)
1065,3,Mangrove,tidak valid,V5,<1 pixel valid (V5: <1 pixel valid)
1066,3,Mangrove,tidak valid,V5,<1 pixel valid (V5: <1 pixel valid)
1067,3,Mangrove,tidak valid,V5,<1 pixel valid (gagal baca: ValueError)
1068,3,Mangrove,tidak valid,V5,<1 pixel valid (V5: <1 pixel valid)
1069,3,Mangrove,tidak valid,V5,<1 pixel valid (V5: <1 pixel valid)
1070,3,Mangrove,tidak valid,V5,<1 pixel valid (V5: <1 pixel valid)
1071,3,Mangrove,tidak valid,V6,overlap lintas kelas > 0.05
1072,3,Mangrove,tidak valid,V5,<1 pixel valid (V5: <1 pixel valid)
1073,3,Mangrove,tidak valid,V5,<1 pixel valid (V5: <1 pixel valid)
1074,3,Mangrove,tidak valid,V5,<1 pixel valid (V5: <1 pixel valid)
1075,3,Mangrove,tidak valid,V5,<1 pixel valid (V5: <1 pixel valid)
1076,3,Mangrove,valid tidak terpilih (kuota),KUOTA,valid tetapi tidak terambil acak 50/kelas
1077,3,Mangrove,tidak valid,V5,<1 pixel valid (V5: <1 pixel valid)
1078,3,Mangrove,tidak valid,V5,<1 pixel valid (V5: <1 pixel valid)
1079,3,Mangrove,tidak valid,V5,<1 pixel valid (V5: <1 pixel valid)
1080,3,Mangrove,tidak valid,V6,overlap lintas kelas > 0.05
1081,3,Mangrove,tidak valid,V5,<1 pixel valid (gagal baca: ValueError)
1082,3,Mangrove,tidak valid,V5,<1 pixel valid (V5: <1 pixel valid)
1084,3,Mangrove,valid tidak terpilih (kuota),KUOTA,valid tetapi tidak terambil acak 50/kelas
1085,3,Mangrove,tidak valid,V5,<1 pixel valid (V5: <1 pixel valid)
1086,3,Mangrove,valid tidak terpilih (kuota),KUOTA,valid tetapi tidak terambil acak 50/kelas
1087,3,Mangrove,tidak valid,V5,<1 pixel valid (gagal baca: ValueError)
1088,3,Mangrove,tidak valid,V5,<1 pixel valid (V5: <1 pixel valid)
1089,3,Mangrove,tidak valid,V5,<1 pixel valid (V5: <1 pixel valid)
1090,3,Mangrove,tidak valid,V5,<1 pixel valid (V5: <1 pixel valid)
1091,3,Mangrove,tidak valid,V5,<1 pixel valid (V5: <1 pixel valid)
1092,3,Mangrove,tidak valid,V5,<1 pixel valid (V5: <1 pixel valid)
1093,3,Mangrove,valid tidak terpilih (kuota),KUOTA,valid tetapi tidak terambil acak 50/kelas
1094,3,Mangrove,tidak valid,V5,<1 pixel valid (V5: <1 pixel valid)
1095,3,Mangrove,tidak valid,V5,<1 pixel valid (V5: <1 pixel valid)
1096,3,Mangrove,tidak valid,V6,overlap lintas kelas > 0.05
1097,3,Mangrove,tidak valid,V5,<1 pixel valid (V5: <1 pixel valid)
1098,3,Mangrove,tidak valid,V5,<1 pixel valid (gagal baca: ValueError)
1100,3,Mangrove,valid tidak terpilih (kuota),KUOTA,valid tetapi tidak terambil acak 50/kelas
1101,3,Mangrove,valid tidak terpilih (kuota),KUOTA,valid tetapi tidak terambil acak 50/kelas
1102,3,Mangrove,tidak valid,V5,<1 pixel valid (V5: <1 pixel valid)
1103,3,Mangrove,tidak valid,V5,<1 pixel valid (gagal baca: ValueError)
1104,3,Mangrove,tidak valid,V5,<1 pixel valid (V5: <1 pixel valid)
1105,3,Mangrove,tidak valid,V5,<1 pixel valid (V5: <1 pixel valid)
1106,3,Mangrove,tidak valid,V5,<1 pixel valid (V5: <1 pixel valid)
1107,3,Mangrove,tidak valid,V5,<1 pixel valid (V5: <1 pixel valid)
1108,3,Mangrove,tidak valid,V5,<1 pixel valid (V5: <1 pixel valid)
1109,3,Mangrove,valid tidak terpilih (kuota),KUOTA,valid tetapi tidak terambil acak 50/kelas
1110,3,Mangrove,tidak valid,V5,<1 pixel valid (V5: <1 pixel valid)
1111,3,Mangrove,tidak valid,V5,<1 pixel valid (V5: <1 pixel valid)
1113,3,Mangrove,tidak valid,V5,<1 pixel valid (V5: <1 pixel valid)
1114,3,Mangrove,valid tidak terpilih (kuota),KUOTA,valid tetapi tidak terambil acak 50/kelas
1115,3,Mangrove,tidak valid,V5,<1 pixel valid (V5: <1 pixel valid)
1116,3,Mangrove,tidak valid,V5,<1 pixel valid (V5: <1 pixel valid)
1117,3,Mangrove,tidak valid,V5,<1 pixel valid (V5: <1 pixel valid)
1119,3,Mangrove,tidak valid,V5,<1 pixel valid (gagal baca: ValueError)
1120,3,Mangrove,tidak valid,V5,<1 pixel valid (V5: <1 pixel valid)
1121,3,Mangrove,valid tidak terpilih (kuota),KUOTA,valid tetapi tidak terambil acak 50/kelas
1124,3,Mangrove,tidak valid,V5,<1 pixel valid (V5: <1 pixel valid)
1125,3,Mangrove,tidak valid,V5,<1 pixel valid (V5: <1 pixel valid)
1126,3,Mangrove,tidak valid,V5,<1 pixel valid (V5: <1 pixel valid)
1127,3,Mangrove,tidak valid,V5,<1 pixel valid (V5: <1 pixel valid)
1128,3,Mangrove,tidak valid,V6,overlap lintas kelas > 0.05
1129,3,Mangrove,tidak valid,V6,overlap lintas kelas > 0.05
1130,3,Mangrove,tidak valid,V5,<1 pixel valid (gagal baca: ValueError)
1131,3,Mangrove,tidak valid,V5,<1 pixel valid (V5: <1 pixel valid)
1132,3,Mangrove,tidak valid,V5,<1 pixel valid (V5: <1 pixel valid)
1133,3,Mangrove,tidak valid,V5,<1 pixel valid (V5: <1 pixel valid)
1134,3,Mangrove,valid tidak terpilih (kuota),KUOTA,valid tetapi tidak terambil acak 50/kelas
1136,3,Mangrove,tidak valid,V5,<1 pixel valid (V5: <1 pixel valid)
1137,3,Mangrove,tidak valid,V5,<1 pixel valid (V5: <1 pixel valid)
1138,3,Mangrove,tidak valid,V5,<1 pixel valid (gagal baca: ValueError)
1139,3,Mangrove,tidak valid,V5,<1 pixel valid (V5: <1 pixel valid)
1140,3,Mangrove,tidak valid,V5,<1 pixel valid (gagal baca: ValueError)
1141,3,Mangrove,tidak valid,V5,<1 pixel valid (V5: <1 pixel valid)
1142,3,Mangrove,tidak valid,V5,<1 pixel valid (V5: <1 pixel valid)
1143,3,Mangrove,tidak valid,V5,<1 pixel valid (V5: <1 pixel valid)
1145,3,Mangrove,tidak valid,V5,<1 pixel valid (V5: <1 pixel valid)
1148,3,Mangrove,tidak valid,V5,<1 pixel valid (V5: <1 pixel valid)
1149,3,Mangrove,tidak valid,V5,<1 pixel valid (V5: <1 pixel valid)
1150,3,Mangrove,tidak valid,V5,<1 pixel valid (gagal baca: ValueError)
1151,3,Mangrove,tidak valid,V5,<1 pixel valid (V5: <1 pixel valid)
1152,3,Mangrove,tidak valid,V5,<1 pixel valid (V5: <1 pixel valid)
1153,3,Mangrove,tidak valid,V5,<1 pixel valid (V5: <1 pixel valid)
1154,3,Mangrove,tidak valid,V5,<1 pixel valid (V5: <1 pixel valid)
1155,3,Mangrove,valid tidak terpilih (kuota),KUOTA,valid tetapi tidak terambil acak 50/kelas
1156,3,Mangrove,tidak valid,V5,<1 pixel valid (V5: <1 pixel valid)
1157,3,Mangrove,tidak valid,V5,<1 pixel valid (V5: <1 pixel valid)
1158,3,Mangrove,valid tidak terpilih (kuota),KUOTA,valid tetapi tidak terambil acak 50/kelas
1159,3,Mangrove,tidak valid,V5,<1 pixel valid (V5: <1 pixel valid)
1160,3,Mangrove,tidak valid,V5,<1 pixel valid (V5: <1 pixel valid)
1161,3,Mangrove,tidak valid,V5,<1 pixel valid (V5: <1 pixel valid)
1162,3,Mangrove,tidak valid,V5,<1 pixel valid (V5: <1 pixel valid)
1163,3,Mangrove,tidak valid,V5,<1 pixel valid (V5: <1 pixel valid)
1164,3,Mangrove,tidak valid,V5,<1 pixel valid (V5: <1 pixel valid)
1165,3,Mangrove,tidak valid,V5,<1 pixel valid (V5: <1 pixel valid)
1166,3,Mangrove,tidak valid,V5,<1 pixel valid (gagal baca: ValueError)
1167,3,Mangrove,tidak valid,V5,<1 pixel valid (V5: <1 pixel valid)
1168,3,Mangrove,tidak valid,V5,<1 pixel valid (V5: <1 pixel valid)
1169,3,Mangrove,tidak valid,V5,<1 pixel valid (V5: <1 pixel valid)
1170,3,Mangrove,tidak valid,V5,<1 pixel valid (gagal baca: ValueError)
1171,3,Mangrove,tidak valid,V5,<1 pixel valid (V5: <1 pixel valid)
1174,3,Mangrove,tidak valid,V5,<1 pixel valid (V5: <1 pixel valid)
1175,3,Mangrove,tidak valid,V6,overlap lintas kelas > 0.05
1176,3,Mangrove,tidak valid,V5,<1 pixel valid (gagal baca: ValueError)
1177,3,Mangrove,tidak valid,V6,overlap lintas kelas > 0.05
1178,3,Mangrove,tidak valid,V5,<1 pixel valid (gagal baca: ValueError)
1179,3,Mangrove,tidak valid,V5,<1 pixel valid (V5: <1 pixel valid)
1180,3,Mangrove,tidak valid,V5,<1 pixel valid (V5: <1 pixel valid)
1181,3,Mangrove,tidak valid,V5,<1 pixel valid (V5: <1 pixel valid)
1182,3,Mangrove,tidak valid,V6,overlap lintas kelas > 0.05
1183,3,Mangrove,tidak valid,V5,<1 pixel valid (V5: <1 pixel valid)
1184,3,Mangrove,tidak valid,V5,<1 pixel valid (gagal baca: ValueError)
1185,3,Mangrove,valid tidak terpilih (kuota),KUOTA,valid tetapi tidak terambil acak 50/kelas
1187,3,Mangrove,tidak valid,V5,<1 pixel valid (gagal baca: ValueError)
1188,3,Mangrove,tidak valid,V5,<1 pixel valid (V5: <1 pixel valid)
1190,3,Mangrove,tidak valid,V5,<1 pixel valid (V5: <1 pixel valid)
1192,3,Mangrove,tidak valid,V5,<1 pixel valid (V5: <1 pixel valid)
1193,3,Mangrove,tidak valid,V5,<1 pixel valid (V5: <1 pixel valid)
1195,3,Mangrove,tidak valid,V5,<1 pixel valid (V5: <1 pixel valid)
1196,3,Mangrove,tidak valid,V5,<1 pixel valid (V5: <1 pixel valid)
1197,3,Mangrove,tidak valid,V5,<1 pixel valid (V5: <1 pixel valid)
1198,3,Mangrove,tidak valid,V5,<1 pixel valid (V5: <1 pixel valid)
1199,3,Mangrove,valid tidak terpilih (kuota),KUOTA,valid tetapi tidak terambil acak 50/kelas
1201,3,Mangrove,tidak valid,V5,<1 pixel valid (gagal baca: ValueError)
1202,3,Mangrove,tidak valid,V5,<1 pixel valid (gagal baca: ValueError)
1203,3,Mangrove,tidak valid,V5,<1 pixel valid (V5: <1 pixel valid)
1204,3,Mangrove,tidak valid,V5,<1 pixel valid (V5: <1 pixel valid)
1205,3,Mangrove,tidak valid,V5,<1 pixel valid (V5: <1 pixel valid)
1206,3,Mangrove,tidak valid,V5,<1 pixel valid (V5: <1 pixel valid)
1207,3,Mangrove,tidak valid,V5,<1 pixel valid (V5: <1 pixel valid)
1208,3,Mangrove,tidak valid,V5,<1 pixel valid (V5: <1 pixel valid)
1209,3,Mangrove,tidak valid,V5,<1 pixel valid (V5: <1 pixel valid)
1210,3,Mangrove,tidak valid,V5,<1 pixel valid (gagal baca: ValueError)
1211,3,Mangrove,valid tidak terpilih (kuota),KUOTA,valid tetapi tidak terambil acak 50/kelas
1212,3,Mangrove,tidak valid,V5,<1 pixel valid (V5: <1 pixel valid)
1213,3,Mangrove,tidak valid,V5,<1 pixel valid (V5: <1 pixel valid)
1214,3,Mangrove,valid tidak terpilih (kuota),KUOTA,valid tetapi tidak terambil acak 50/kelas
1215,3,Mangrove,valid tidak terpilih (kuota),KUOTA,valid tetapi tidak terambil acak 50/kelas
1216,3,Mangrove,valid tidak terpilih (kuota),KUOTA,valid tetapi tidak terambil acak 50/kelas
1217,3,Mangrove,tidak valid,V5,<1 pixel valid (V5: <1 pixel valid)
1218,3,Mangrove,tidak valid,V5,<1 pixel valid (V5: <1 pixel valid)
1219,3,Mangrove,valid tidak terpilih (kuota),KUOTA,valid tetapi tidak terambil acak 50/kelas
1220,3,Mangrove,tidak valid,V5,<1 pixel valid (V5: <1 pixel valid)
1221,3,Mangrove,tidak valid,V5,<1 pixel valid (V5: <1 pixel valid)
1222,3,Mangrove,tidak valid,V5,<1 pixel valid (V5: <1 pixel valid)
1223,3,Mangrove,tidak valid,V5,<1 pixel valid (V5: <1 pixel valid)
1224,3,Mangrove,tidak valid,V5,<1 pixel valid (V5: <1 pixel valid)
1225,3,Mangrove,tidak valid,V5,<1 pixel valid (V5: <1 pixel valid)
1226,3,Mangrove,tidak valid,V5,<1 pixel valid (V5: <1 pixel valid)
1227,3,Mangrove,tidak valid,V5,<1 pixel valid (V5: <1 pixel valid)
1229,3,Mangrove,valid tidak terpilih (kuota),KUOTA,valid tetapi tidak terambil acak 50/kelas
1230,3,Mangrove,tidak valid,V5,<1 pixel valid (V5: <1 pixel valid)
1231,3,Mangrove,tidak valid,V5,<1 pixel valid (V5: <1 pixel valid)
1233,3,Mangrove,tidak valid,V5,<1 pixel valid (V5: <1 pixel valid)
1234,3,Mangrove,tidak valid,V5,<1 pixel valid (gagal baca: ValueError)
1235,3,Mangrove,tidak valid,V5,<1 pixel valid (V5: <1 pixel valid)
1236,3,Mangrove,tidak valid,V5,<1 pixel valid (V5: <1 pixel valid)
1237,3,Mangrove,tidak valid,V5,<1 pixel valid (V5: <1 pixel valid)
1239,3,Mangrove,tidak valid,V5,<1 pixel valid (V5: <1 pixel valid)
1240,3,Mangrove,tidak valid,V5,<1 pixel valid (V5: <1 pixel valid)
1241,3,Mangrove,valid tidak terpilih (kuota),KUOTA,valid tetapi tidak terambil acak 50/kelas
1242,3,Mangrove,tidak valid,V5,<1 pixel valid (V5: <1 pixel valid)
1243,3,Mangrove,valid tidak terpilih (kuota),KUOTA,valid tetapi tidak terambil acak 50/kelas
1244,3,Mangrove,tidak valid,V5,<1 pixel valid (V5: <1 pixel valid)
1245,3,Mangrove,tidak valid,V5,<1 pixel valid (V5: <1 pixel valid)
1246,3,Mangrove,tidak valid,V5,<1 pixel valid (gagal baca: ValueError)
1247,3,Mangrove,valid tidak terpilih (kuota),KUOTA,valid tetapi tidak terambil acak 50/kelas
1248,3,Mangrove,tidak valid,V5,<1 pixel valid (V5: <1 pixel valid)
1249,3,Mangrove,tidak valid,V5,<1 pixel valid (V5: <1 pixel valid)
1250,3,Mangrove,tidak valid,V5,<1 pixel valid (V5: <1 pixel valid)
1251,3,Mangrove,tidak valid,V5,<1 pixel valid (V5: <1 pixel valid)
1252,3,Mangrove,valid tidak terpilih (kuota),KUOTA,valid tetapi tidak terambil acak 50/kelas
1253,3,Mangrove,tidak valid,V5,<1 pixel valid (V5: <1 pixel valid)
1254,3,Mangrove,tidak valid,V5,<1 pixel valid (V5: <1 pixel valid)
1255,3,Mangrove,tidak valid,V6,overlap lintas kelas > 0.05
1256,3,Mangrove,valid tidak terpilih (kuota),KUOTA,valid tetapi tidak terambil acak 50/kelas
1257,3,Mangrove,tidak valid,V5,<1 pixel valid (V5: <1 pixel valid)
1258,3,Mangrove,tidak valid,V5,<1 pixel valid (V5: <1 pixel valid)
1259,3,Mangrove,tidak valid,V5,<1 pixel valid (V5: <1 pixel valid)
1260,3,Mangrove,tidak valid,V5,<1 pixel valid (V5: <1 pixel valid)
1261,3,Mangrove,tidak valid,V5,<1 pixel valid (V5: <1 pixel valid)
1262,3,Mangrove,tidak valid,V5,<1 pixel valid (V5: <1 pixel valid)
1264,3,Mangrove,valid tidak terpilih (kuota),KUOTA,valid tetapi tidak terambil acak 50/kelas
1266,3,Mangrove,tidak valid,V6,overlap lintas kelas > 0.05
1267,3,Mangrove,tidak valid,V6,overlap lintas kelas > 0.05
1268,3,Mangrove,tidak valid,V5,<1 pixel valid (V5: <1 pixel valid)
1269,3,Mangrove,tidak valid,V5,<1 pixel valid (V5: <1 pixel valid)
1272,3,Mangrove,tidak valid,V5,<1 pixel valid (gagal baca: ValueError)
1273,3,Mangrove,tidak valid,V5,<1 pixel valid (V5: <1 pixel valid)
1275,3,Mangrove,tidak valid,V5,<1 pixel valid (V5: <1 pixel valid)
1276,3,Mangrove,tidak valid,V5,<1 pixel valid (V5: <1 pixel valid)
1277,3,Mangrove,tidak valid,V5,<1 pixel valid (V5: <1 pixel valid)
1278,3,Mangrove,tidak valid,V5,<1 pixel valid (V5: <1 pixel valid)
1279,3,Mangrove,tidak valid,V5,<1 pixel valid (V5: <1 pixel valid)
1280,3,Mangrove,tidak valid,V5,<1 pixel valid (V5: <1 pixel valid)
1281,3,Mangrove,tidak valid,V5,<1 pixel valid (V5: <1 pixel valid)
1282,3,Mangrove,valid tidak terpilih (kuota),KUOTA,valid tetapi tidak terambil acak 50/kelas
1283,3,Mangrove,tidak valid,V5,<1 pixel valid (V5: <1 pixel valid)
1284,3,Mangrove,tidak valid,V5,<1 pixel valid (V5: <1 pixel valid)
1285,3,Mangrove,tidak valid,V5,<1 pixel valid (V5: <1 pixel valid)
1286,3,Mangrove,tidak valid,V5,<1 pixel valid (V5: <1 pixel valid)
1287,3,Mangrove,tidak valid,V5,<1 pixel valid (V5: <1 pixel valid)
1288,3,Mangrove,tidak valid,V5,<1 pixel valid (V5: <1 pixel valid)
1289,3,Mangrove,tidak valid,V5,<1 pixel valid (V5: <1 pixel valid)
1290,3,Mangrove,tidak valid,V5,<1 pixel valid (V5: <1 pixel valid)
1291,3,Mangrove,tidak valid,V6,overlap lintas kelas > 0.05
1292,3,Mangrove,tidak valid,V5,<1 pixel valid (V5: <1 pixel valid)
1293,3,Mangrove,tidak valid,V5,<1 pixel valid (V5: <1 pixel valid)
1294,3,Mangrove,tidak valid,V5,<1 pixel valid (V5: <1 pixel valid)
1295,3,Mangrove,tidak valid,V5,<1 pixel valid (V5: <1 pixel valid)
1296,3,Mangrove,tidak valid,V5,<1 pixel valid (V5: <1 pixel valid)
1297,3,Mangrove,tidak valid,V5,<1 pixel valid (V5: <1 pixel valid)
1298,3,Mangrove,tidak valid,V6,overlap lintas kelas > 0.05
1299,3,Mangrove,tidak valid,V5,<1 pixel valid (gagal baca: ValueError)
1300,3,Mangrove,tidak valid,V5,<1 pixel valid (V5: <1 pixel valid)
1301,3,Mangrove,tidak valid,V5,<1 pixel valid (gagal baca: ValueError)
1302,3,Mangrove,tidak valid,V5,<1 pixel valid (V5: <1 pixel valid)
1303,3,Mangrove,tidak valid,V5,<1 pixel valid (V5: <1 pixel valid)
1304,3,Mangrove,tidak valid,V6,overlap lintas kelas > 0.05
1305,3,Mangrove,tidak valid,V5,<1 pixel valid (V5: <1 pixel valid)
1306,3,Mangrove,tidak valid,V5,<1 pixel valid (V5: <1 pixel valid)
1308,3,Mangrove,tidak valid,V5,<1 pixel valid (V5: <1 pixel valid)
1309,3,Mangrove,tidak valid,V5,<1 pixel valid (V5: <1 pixel valid)
1310,3,Mangrove,tidak valid,V5,<1 pixel valid (V5: <1 pixel valid)
1311,3,Mangrove,valid tidak terpilih (kuota),KUOTA,valid tetapi tidak terambil acak 50/kelas
1312,3,Mangrove,tidak valid,V5,<1 pixel valid (V5: <1 pixel valid)
1313,3,Mangrove,tidak valid,V5,<1 pixel valid (V5: <1 pixel valid)
1314,3,Mangrove,tidak valid,V5,<1 pixel valid (V5: <1 pixel valid)
1315,3,Mangrove,tidak valid,V5,<1 pixel valid (V5: <1 pixel valid)
1316,3,Mangrove,tidak valid,V6,overlap lintas kelas > 0.05
1317,3,Mangrove,tidak valid,V5,<1 pixel valid (V5: <1 pixel valid)
1318,3,Mangrove,valid tidak terpilih (kuota),KUOTA,valid tetapi tidak terambil acak 50/kelas
1319,3,Mangrove,valid tidak terpilih (kuota),KUOTA,valid tetapi tidak terambil acak 50/kelas
1320,3,Mangrove,tidak valid,V5,<1 pixel valid (V5: <1 pixel valid)
1321,3,Mangrove,tidak valid,V6,overlap lintas kelas > 0.05
1322,3,Mangrove,tidak valid,V5,<1 pixel valid (V5: <1 pixel valid)
1323,3,Mangrove,tidak valid,V5,<1 pixel valid (V5: <1 pixel valid)
1324,3,Mangrove,valid tidak terpilih (kuota),KUOTA,valid tetapi tidak terambil acak 50/kelas
1325,3,Mangrove,tidak valid,V5,<1 pixel valid (V5: <1 pixel valid)
1326,3,Mangrove,tidak valid,V5,<1 pixel valid (V5: <1 pixel valid)
1327,3,Mangrove,tidak valid,V5,<1 pixel valid (gagal baca: ValueError)
1328,3,Mangrove,tidak valid,V5,<1 pixel valid (gagal baca: ValueError)
1329,3,Mangrove,tidak valid,V5,<1 pixel valid (V5: <1 pixel valid)
1330,3,Mangrove,tidak valid,V5,<1 pixel valid (V5: <1 pixel valid)
1331,3,Mangrove,tidak valid,V5,<1 pixel valid (V5: <1 pixel valid)
1332,3,Mangrove,tidak valid,V5,<1 pixel valid (V5: <1 pixel valid)
1333,3,Mangrove,tidak valid,V5,<1 pixel valid (V5: <1 pixel valid)
1334,3,Mangrove,tidak valid,V5,<1 pixel valid (V5: <1 pixel valid)
1335,3,Mangrove,tidak valid,V5,<1 pixel valid (gagal baca: ValueError)
1336,3,Mangrove,valid tidak terpilih (kuota),KUOTA,valid tetapi tidak terambil acak 50/kelas
1337,3,Mangrove,tidak valid,V5,<1 pixel valid (gagal baca: ValueError)
1338,3,Mangrove,tidak valid,V5,<1 pixel valid (V5: <1 pixel valid)
1339,3,Mangrove,tidak valid,V5,<1 pixel valid (V5: <1 pixel valid)
1340,3,Mangrove,tidak valid,V5,<1 pixel valid (V5: <1 pixel valid)
1341,3,Mangrove,tidak valid,V5,<1 pixel valid (V5: <1 pixel valid)
1342,3,Mangrove,tidak valid,V5,<1 pixel valid (V5: <1 pixel valid)
1343,3,Mangrove,tidak valid,V5,<1 pixel valid (gagal baca: ValueError)
1344,3,Mangrove,tidak valid,V5,<1 pixel valid (gagal baca: ValueError)
1345,3,Mangrove,tidak valid,V5,<1 pixel valid (V5: <1 pixel valid)
1346,3,Mangrove,tidak valid,V5,<1 pixel valid (V5: <1 pixel valid)
1347,3,Mangrove,valid tidak terpilih (kuota),KUOTA,valid tetapi tidak terambil acak 50/kelas
1348,3,Mangrove,tidak valid,V5,<1 pixel valid (V5: <1 pixel valid)
1350,3,Mangrove,tidak valid,V5,<1 pixel valid (V5: <1 pixel valid)
1351,3,Mangrove,tidak valid,V6,overlap lintas kelas > 0.05
1352,3,Mangrove,tidak valid,V5,<1 pixel valid (V5: <1 pixel valid)
1353,3,Mangrove,tidak valid,V5,<1 pixel valid (V5: <1 pixel valid)
1354,3,Mangrove,tidak valid,V6,overlap lintas kelas > 0.05
1355,3,Mangrove,tidak valid,V5,<1 pixel valid (V5: <1 pixel valid)
1356,3,Mangrove,tidak valid,V5,<1 pixel valid (V5: <1 pixel valid)
1357,3,Mangrove,tidak valid,V5,<1 pixel valid (V5: <1 pixel valid)
1359,3,Mangrove,tidak valid,V5,<1 pixel valid (V5: <1 pixel valid)
1360,3,Mangrove,tidak valid,V5,<1 pixel valid (V5: <1 pixel valid)
1362,3,Mangrove,tidak valid,V6,overlap lintas kelas > 0.05
1363,3,Mangrove,tidak valid,V5,<1 pixel valid (V5: <1 pixel valid)
1364,3,Mangrove,tidak valid,V5,<1 pixel valid (V5: <1 pixel valid)
1365,3,Mangrove,tidak valid,V5,<1 pixel valid (V5: <1 pixel valid)
1366,3,Mangrove,tidak valid,V5,<1 pixel valid (gagal baca: ValueError)
1367,3,Mangrove,tidak valid,V5,<1 pixel valid (gagal baca: ValueError)
1371,3,Mangrove,tidak valid,V5,<1 pixel valid (V5: <1 pixel valid)
1372,3,Mangrove,tidak valid,V5,<1 pixel valid (V5: <1 pixel valid)
1373,3,Mangrove,tidak valid,V5,<1 pixel valid (gagal baca: ValueError)
1374,3,Mangrove,tidak valid,V5,<1 pixel valid (V5: <1 pixel valid)
1375,3,Mangrove,tidak valid,V5,<1 pixel valid (V5: <1 pixel valid)
1376,3,Mangrove,valid tidak terpilih (kuota),KUOTA,valid tetapi tidak terambil acak 50/kelas
1377,3,Mangrove,tidak valid,V5,<1 pixel valid (V5: <1 pixel valid)
1378,3,Mangrove,tidak valid,V5,<1 pixel valid (V5: <1 pixel valid)
1379,3,Mangrove,tidak valid,V5,<1 pixel valid (V5: <1 pixel valid)
1380,3,Mangrove,tidak valid,V5,<1 pixel valid (gagal baca: ValueError)
1381,3,Mangrove,tidak valid,V5,<1 pixel valid (V5: <1 pixel valid)
1382,3,Mangrove,tidak valid,V5,<1 pixel valid (V5: <1 pixel valid)
1383,3,Mangrove,tidak valid,V5,<1 pixel valid (V5: <1 pixel valid)
1384,3,Mangrove,tidak valid,V5,<1 pixel valid (V5: <1 pixel valid)
1385,3,Mangrove,tidak valid,V5,<1 pixel valid (V5: <1 pixel valid)
1386,3,Mangrove,tidak valid,V5,<1 pixel valid (V5: <1 pixel valid)
1388,3,Mangrove,tidak valid,V5,<1 pixel valid (V5: <1 pixel valid)
1389,3,Mangrove,tidak valid,V5,<1 pixel valid (V5: <1 pixel valid)
1390,3,Mangrove,tidak valid,V5,<1 pixel valid (gagal baca: ValueError)
1391,3,Mangrove,tidak valid,V5,<1 pixel valid (V5: <1 pixel valid)
1392,3,Mangrove,tidak valid,V5,<1 pixel valid (V5: <1 pixel valid)
1393,3,Mangrove,tidak valid,V5,<1 pixel valid (V5: <1 pixel valid)
1394,3,Mangrove,tidak valid,V5,<1 pixel valid (V5: <1 pixel valid)
1395,3,Mangrove,valid tidak terpilih (kuota),KUOTA,valid tetapi tidak terambil acak 50/kelas
1396,3,Mangrove,tidak valid,V5,<1 pixel valid (V5: <1 pixel valid)
1397,3,Mangrove,tidak valid,V5,<1 pixel valid (V5: <1 pixel valid)
1398,3,Mangrove,tidak valid,V5,<1 pixel valid (V5: <1 pixel valid)
1399,3,Mangrove,tidak valid,V6,overlap lintas kelas > 0.05
1400,3,Mangrove,valid tidak terpilih (kuota),KUOTA,valid tetapi tidak terambil acak 50/kelas
1401,3,Mangrove,tidak valid,V5,<1 pixel valid (gagal baca: ValueError)
1402,3,Mangrove,tidak valid,V5,<1 pixel valid (V5: <1 pixel valid)
1403,3,Mangrove,tidak valid,V5,<1 pixel valid (V5: <1 pixel valid)
1404,3,Mangrove,valid tidak terpilih (kuota),KUOTA,valid tetapi tidak terambil acak 50/kelas
1405,3,Mangrove,tidak valid,V5,<1 pixel valid (V5: <1 pixel valid)
1406,3,Mangrove,tidak valid,V6,overlap lintas kelas > 0.05
1407,3,Mangrove,valid tidak terpilih (kuota),KUOTA,valid tetapi tidak terambil acak 50/kelas
1408,3,Mangrove,tidak valid,V6,overlap lintas kelas > 0.05
1410,3,Mangrove,tidak valid,V5,<1 pixel valid (V5: <1 pixel valid)
1412,3,Mangrove,tidak valid,V5,<1 pixel valid (V5: <1 pixel valid)
1413,3,Mangrove,tidak valid,V5,<1 pixel valid (V5: <1 pixel valid)
1414,3,Mangrove,tidak valid,V5,<1 pixel valid (V5: <1 pixel valid)
1415,3,Mangrove,tidak valid,V5,<1 pixel valid (V5: <1 pixel valid)
1416,3,Mangrove,tidak valid,V5,<1 pixel valid (V5: <1 pixel valid)
1417,3,Mangrove,tidak valid,V5,<1 pixel valid (V5: <1 pixel valid)
1418,3,Mangrove,tidak valid,V5,<1 pixel valid (V5: <1 pixel valid)
1419,3,Mangrove,tidak valid,V5,<1 pixel valid (V5: <1 pixel valid)
1420,3,Mangrove,tidak valid,V5,<1 pixel valid (V5: <1 pixel valid)
1421,3,Mangrove,tidak valid,V5,<1 pixel valid (gagal baca: ValueError)
1422,3,Mangrove,tidak valid,V5,<1 pixel valid (V5: <1 pixel valid)
1423,3,Mangrove,valid tidak terpilih (kuota),KUOTA,valid tetapi tidak terambil acak 50/kelas
1424,3,Mangrove,valid tidak terpilih (kuota),KUOTA,valid tetapi tidak terambil acak 50/kelas
1425,3,Mangrove,tidak valid,V5,<1 pixel valid (V5: <1 pixel valid)
1426,3,Mangrove,tidak valid,V5,<1 pixel valid (V5: <1 pixel valid)
1427,3,Mangrove,tidak valid,V5,<1 pixel valid (V5: <1 pixel valid)
1428,3,Mangrove,tidak valid,V6,overlap lintas kelas > 0.05
1429,3,Mangrove,tidak valid,V5,<1 pixel valid (V5: <1 pixel valid)
1430,3,Mangrove,tidak valid,V5,<1 pixel valid (V5: <1 pixel valid)
1431,3,Mangrove,valid tidak terpilih (kuota),KUOTA,valid tetapi tidak terambil acak 50/kelas
1432,3,Mangrove,tidak valid,V5,<1 pixel valid (V5: <1 pixel valid)
1433,3,Mangrove,tidak valid,V5,<1 pixel valid (V5: <1 pixel valid)
1434,3,Mangrove,valid tidak terpilih (kuota),KUOTA,valid tetapi tidak terambil acak 50/kelas
1435,3,Mangrove,tidak valid,V5,<1 pixel valid (V5: <1 pixel valid)
1436,3,Mangrove,valid tidak terpilih (kuota),KUOTA,valid tetapi tidak terambil acak 50/kelas
1437,3,Mangrove,tidak valid,V5,<1 pixel valid (V5: <1 pixel valid)
1438,3,Mangrove,tidak valid,V5,<1 pixel valid (V5: <1 pixel valid)
1439,3,Mangrove,tidak valid,V5,<1 pixel valid (V5: <1 pixel valid)
1441,3,Mangrove,tidak valid,V5,<1 pixel valid (V5: <1 pixel valid)
1442,3,Mangrove,tidak valid,V5,<1 pixel valid (V5: <1 pixel valid)
1443,3,Mangrove,tidak valid,V5,<1 pixel valid (gagal baca: ValueError)
1444,3,Mangrove,tidak valid,V5,<1 pixel valid (V5: <1 pixel valid)
1445,3,Mangrove,tidak valid,V6,overlap lintas kelas > 0.05
1446,3,Mangrove,valid tidak terpilih (kuota),KUOTA,valid tetapi tidak terambil acak 50/kelas
1447,3,Mangrove,tidak valid,V5,<1 pixel valid (V5: <1 pixel valid)
1448,3,Mangrove,tidak valid,V5,<1 pixel valid (gagal baca: ValueError)
1449,3,Mangrove,tidak valid,V5,<1 pixel valid (V5: <1 pixel valid)
1450,3,Mangrove,tidak valid,V5,<1 pixel valid (V5: <1 pixel valid)
1451,3,Mangrove,tidak valid,V6,overlap lintas kelas > 0.05
1452,3,Mangrove,tidak valid,V5,<1 pixel valid (V5: <1 pixel valid)
1453,3,Mangrove,tidak valid,V5,<1 pixel valid (V5: <1 pixel valid)
1454,3,Mangrove,tidak valid,V5,<1 pixel valid (V5: <1 pixel valid)
1455,3,Mangrove,tidak valid,V6,overlap lintas kelas > 0.05
1456,3,Mangrove,tidak valid,V5,<1 pixel valid (V5: <1 pixel valid)
1457,3,Mangrove,tidak valid,V5,<1 pixel valid (V5: <1 pixel valid)
1458,3,Mangrove,tidak valid,V5,<1 pixel valid (V5: <1 pixel valid)
1459,3,Mangrove,tidak valid,V5,<1 pixel valid (gagal baca: ValueError)
1460,3,Mangrove,valid tidak terpilih (kuota),KUOTA,valid tetapi tidak terambil acak 50/kelas
1461,3,Mangrove,tidak valid,V5,<1 pixel valid (V5: <1 pixel valid)
1462,3,Mangrove,tidak valid,V6,overlap lintas kelas > 0.05
1463,3,Mangrove,valid tidak terpilih (kuota),KUOTA,valid tetapi tidak terambil acak 50/kelas
1464,3,Mangrove,valid tidak terpilih (kuota),KUOTA,valid tetapi tidak terambil acak 50/kelas
1465,3,Mangrove,tidak valid,V5,<1 pixel valid (V5: <1 pixel valid)
1467,3,Mangrove,tidak valid,V5,<1 pixel valid (V5: <1 pixel valid)
1468,3,Mangrove,valid tidak terpilih (kuota),KUOTA,valid tetapi tidak terambil acak 50/kelas
1469,3,Mangrove,valid tidak terpilih (kuota),KUOTA,valid tetapi tidak terambil acak 50/kelas
1470,3,Mangrove,tidak valid,V5,<1 pixel valid (gagal baca: ValueError)
1471,3,Mangrove,tidak valid,V5,<1 pixel valid (V5: <1 pixel valid)
1472,3,Mangrove,tidak valid,V5,<1 pixel valid (V5: <1 pixel valid)
1473,3,Mangrove,tidak valid,V5,<1 pixel valid (V5: <1 pixel valid)
1474,3,Mangrove,tidak valid,V5,<1 pixel valid (V5: <1 pixel valid)
1475,3,Mangrove,tidak valid,V5,<1 pixel valid (V5: <1 pixel valid)
1476,3,Mangrove,tidak valid,V5,<1 pixel valid (V5: <1 pixel valid)
1477,3,Mangrove,tidak valid,V5,<1 pixel valid (V5: <1 pixel valid)
1479,3,Mangrove,tidak valid,V5,<1 pixel valid (V5: <1 pixel valid)
1480,3,Mangrove,tidak valid,V5,<1 pixel valid (gagal baca: ValueError)
1481,3,Mangrove,tidak valid,V5,<1 pixel valid (V5: <1 pixel valid)
1482,3,Mangrove,tidak valid,V5,<1 pixel valid (V5: <1 pixel valid)
1483,3,Mangrove,tidak valid,V5,<1 pixel valid (V5: <1 pixel valid)
1484,3,Mangrove,tidak valid,V5,<1 pixel valid (V5: <1 pixel valid)
1485,3,Mangrove,tidak valid,V6,overlap lintas kelas > 0.05
1486,3,Mangrove,tidak valid,V5,<1 pixel valid (V5: <1 pixel valid)
1487,3,Mangrove,tidak valid,V5,<1 pixel valid (V5: <1 pixel valid)
1488,3,Mangrove,valid tidak terpilih (kuota),KUOTA,valid tetapi tidak terambil acak 50/kelas
1489,3,Mangrove,valid tidak terpilih (kuota),KUOTA,valid tetapi tidak terambil acak 50/kelas
1490,3,Mangrove,tidak valid,V6,overlap lintas kelas > 0.05
1492,3,Mangrove,tidak valid,V6,overlap lintas kelas > 0.05
1493,3,Mangrove,tidak valid,V5,<1 pixel valid (V5: <1 pixel valid)
1494,3,Mangrove,tidak valid,V5,<1 pixel valid (gagal baca: ValueError)
1495,3,Mangrove,tidak valid,V6,overlap lintas kelas > 0.05
1496,3,Mangrove,tidak valid,V5,<1 pixel valid (V5: <1 pixel valid)
1497,3,Mangrove,tidak valid,V5,<1 pixel valid (V5: <1 pixel valid)
1498,3,Mangrove,tidak valid,V5,<1 pixel valid (V5: <1 pixel valid)
1501,4,Lahan hijau,tidak valid,V5,<1 pixel valid (V5: <1 pixel valid)
1502,4,Lahan hijau,valid tidak terpilih (kuota),KUOTA,valid tetapi tidak terambil acak 50/kelas
1503,4,Lahan hijau,tidak valid,V5,<1 pixel valid (V5: <1 pixel valid)
1504,4,Lahan hijau,valid tidak terpilih (kuota),KUOTA,valid tetapi tidak terambil acak 50/kelas
1505,4,Lahan hijau,tidak valid,V5,<1 pixel valid (V5: <1 pixel valid)
1506,4,Lahan hijau,valid tidak terpilih (kuota),KUOTA,valid tetapi tidak terambil acak 50/kelas
1507,4,Lahan hijau,tidak valid,V5,<1 pixel valid (V5: <1 pixel valid)
1508,4,Lahan hijau,tidak valid,V5,<1 pixel valid (V5: <1 pixel valid)
1509,4,Lahan hijau,tidak valid,V5,<1 pixel valid (V5: <1 pixel valid)
1510,4,Lahan hijau,tidak valid,V5,<1 pixel valid (V5: <1 pixel valid)
1511,4,Lahan hijau,tidak valid,V5,<1 pixel valid (V5: <1 pixel valid)
1512,4,Lahan hijau,tidak valid,V5,<1 pixel valid (V5: <1 pixel valid)
1513,4,Lahan hijau,tidak valid,V5,<1 pixel valid (V5: <1 pixel valid)
1514,4,Lahan hijau,tidak valid,V5,<1 pixel valid (V5: <1 pixel valid)
1515,4,Lahan hijau,tidak valid,V5,<1 pixel valid (V5: <1 pixel valid)
1516,4,Lahan hijau,tidak valid,V5,<1 pixel valid (V5: <1 pixel valid)
1518,4,Lahan hijau,tidak valid,V5,<1 pixel valid (V5: <1 pixel valid)
1519,4,Lahan hijau,tidak valid,V5,<1 pixel valid (V5: <1 pixel valid)
1520,4,Lahan hijau,tidak valid,V5,<1 pixel valid (V5: <1 pixel valid)
1521,4,Lahan hijau,tidak valid,V5,<1 pixel valid (V5: <1 pixel valid)
1522,4,Lahan hijau,tidak valid,V5,<1 pixel valid (V5: <1 pixel valid)
1523,4,Lahan hijau,tidak valid,V5,<1 pixel valid (V5: <1 pixel valid)
1525,4,Lahan hijau,tidak valid,V5,<1 pixel valid (V5: <1 pixel valid)
1526,4,Lahan hijau,tidak valid,V5,<1 pixel valid (V5: <1 pixel valid)
1527,4,Lahan hijau,tidak valid,V5,<1 pixel valid (V5: <1 pixel valid)
1528,4,Lahan hijau,valid tidak terpilih (kuota),KUOTA,valid tetapi tidak terambil acak 50/kelas
1529,4,Lahan hijau,tidak valid,V5,<1 pixel valid (V5: <1 pixel valid)
1530,4,Lahan hijau,tidak valid,V5,<1 pixel valid (V5: <1 pixel valid)
1531,4,Lahan hijau,tidak valid,V5,<1 pixel valid (V5: <1 pixel valid)
1533,4,Lahan hijau,tidak valid,V5,<1 pixel valid (V5: <1 pixel valid)
1534,4,Lahan hijau,tidak valid,V5,<1 pixel valid (V5: <1 pixel valid)
1535,4,Lahan hijau,tidak valid,V5,<1 pixel valid (V5: <1 pixel valid)
1536,4,Lahan hijau,tidak valid,V5,<1 pixel valid (V5: <1 pixel valid)
1537,4,Lahan hijau,tidak valid,V5,<1 pixel valid (V5: <1 pixel valid)
1538,4,Lahan hijau,tidak valid,V5,<1 pixel valid (V5: <1 pixel valid)
1539,4,Lahan hijau,tidak valid,V5,<1 pixel valid (V5: <1 pixel valid)
1540,4,Lahan hijau,tidak valid,V5,<1 pixel valid (V5: <1 pixel valid)
1541,4,Lahan hijau,valid tidak terpilih (kuota),KUOTA,valid tetapi tidak terambil acak 50/kelas
1542,4,Lahan hijau,tidak valid,V5,<1 pixel valid (V5: <1 pixel valid)
1543,4,Lahan hijau,tidak valid,V5,<1 pixel valid (V5: <1 pixel valid)
1544,4,Lahan hijau,tidak valid,V5,<1 pixel valid (V5: <1 pixel valid)
1545,4,Lahan hijau,tidak valid,V5,<1 pixel valid (V5: <1 pixel valid)
1546,4,Lahan hijau,tidak valid,V5,<1 pixel valid (V5: <1 pixel valid)
1547,4,Lahan hijau,tidak valid,V5,<1 pixel valid (V5: <1 pixel valid)
1548,4,Lahan hijau,tidak valid,V5,<1 pixel valid (V5: <1 pixel valid)
1549,4,Lahan hijau,tidak valid,V5,<1 pixel valid (V5: <1 pixel valid)
1550,4,Lahan hijau,tidak valid,V5,<1 pixel valid (V5: <1 pixel valid)
1551,4,Lahan hijau,tidak valid,V5,<1 pixel valid (V5: <1 pixel valid)
1552,4,Lahan hijau,tidak valid,V5,<1 pixel valid (gagal baca: ValueError)
1553,4,Lahan hijau,tidak valid,V5,<1 pixel valid (gagal baca: ValueError)
1555,4,Lahan hijau,tidak valid,V5,<1 pixel valid (V5: <1 pixel valid)
1556,4,Lahan hijau,tidak valid,V5,<1 pixel valid (V5: <1 pixel valid)
1557,4,Lahan hijau,tidak valid,V5,<1 pixel valid (V5: <1 pixel valid)
1558,4,Lahan hijau,tidak valid,V5,<1 pixel valid (V5: <1 pixel valid)
1561,4,Lahan hijau,tidak valid,V5,<1 pixel valid (V5: <1 pixel valid)
1562,4,Lahan hijau,tidak valid,V5,<1 pixel valid (V5: <1 pixel valid)
1563,4,Lahan hijau,tidak valid,V5,<1 pixel valid (V5: <1 pixel valid)
1564,4,Lahan hijau,tidak valid,V5,<1 pixel valid (V5: <1 pixel valid)
1565,4,Lahan hijau,tidak valid,V5,<1 pixel valid (V5: <1 pixel valid)
1567,4,Lahan hijau,tidak valid,V5,<1 pixel valid (V5: <1 pixel valid)
1568,4,Lahan hijau,tidak valid,V5,<1 pixel valid (V5: <1 pixel valid)
1569,4,Lahan hijau,tidak valid,V5,<1 pixel valid (V5: <1 pixel valid)
1570,4,Lahan hijau,tidak valid,V5,<1 pixel valid (V5: <1 pixel valid)
1571,4,Lahan hijau,valid tidak terpilih (kuota),KUOTA,valid tetapi tidak terambil acak 50/kelas
1572,4,Lahan hijau,tidak valid,V5,<1 pixel valid (V5: <1 pixel valid)
1573,4,Lahan hijau,tidak valid,V5,<1 pixel valid (V5: <1 pixel valid)
1574,4,Lahan hijau,tidak valid,V5,<1 pixel valid (V5: <1 pixel valid)
1575,4,Lahan hijau,valid tidak terpilih (kuota),KUOTA,valid tetapi tidak terambil acak 50/kelas
1576,4,Lahan hijau,tidak valid,V5,<1 pixel valid (V5: <1 pixel valid)
1577,4,Lahan hijau,tidak valid,V6,overlap lintas kelas > 0.05
1579,4,Lahan hijau,tidak valid,V5,<1 pixel valid (V5: <1 pixel valid)
1580,4,Lahan hijau,tidak valid,V5,<1 pixel valid (V5: <1 pixel valid)
1581,4,Lahan hijau,tidak valid,V5,<1 pixel valid (V5: <1 pixel valid)
1582,4,Lahan hijau,tidak valid,V5,<1 pixel valid (V5: <1 pixel valid)
1583,4,Lahan hijau,tidak valid,V5,<1 pixel valid (V5: <1 pixel valid)
1584,4,Lahan hijau,tidak valid,V5,<1 pixel valid (V5: <1 pixel valid)
1585,4,Lahan hijau,tidak valid,V5,<1 pixel valid (V5: <1 pixel valid)
1586,4,Lahan hijau,tidak valid,V5,<1 pixel valid (V5: <1 pixel valid)
1587,4,Lahan hijau,tidak valid,V5,<1 pixel valid (V5: <1 pixel valid)
1588,4,Lahan hijau,tidak valid,V5,<1 pixel valid (V5: <1 pixel valid)
1589,4,Lahan hijau,tidak valid,V5,<1 pixel valid (V5: <1 pixel valid)
1590,4,Lahan hijau,tidak valid,V5,<1 pixel valid (V5: <1 pixel valid)
1592,4,Lahan hijau,tidak valid,V5,<1 pixel valid (V5: <1 pixel valid)
1593,4,Lahan hijau,tidak valid,V5,<1 pixel valid (V5: <1 pixel valid)
1594,4,Lahan hijau,tidak valid,V5,<1 pixel valid (V5: <1 pixel valid)
1595,4,Lahan hijau,tidak valid,V5,<1 pixel valid (V5: <1 pixel valid)
1596,4,Lahan hijau,tidak valid,V5,<1 pixel valid (V5: <1 pixel valid)
1597,4,Lahan hijau,tidak valid,V5,<1 pixel valid (V5: <1 pixel valid)
1598,4,Lahan hijau,tidak valid,V5,<1 pixel valid (V5: <1 pixel valid)
1599,4,Lahan hijau,tidak valid,V5,<1 pixel valid (V5: <1 pixel valid)
1600,4,Lahan hijau,tidak valid,V5,<1 pixel valid (V5: <1 pixel valid)
1601,4,Lahan hijau,tidak valid,V6,overlap lintas kelas > 0.05
1602,4,Lahan hijau,tidak valid,V5,<1 pixel valid (V5: <1 pixel valid)
1603,4,Lahan hijau,tidak valid,V6,overlap lintas kelas > 0.05
1604,4,Lahan hijau,tidak valid,V5,<1 pixel valid (V5: <1 pixel valid)
1605,4,Lahan hijau,tidak valid,V5,<1 pixel valid (V5: <1 pixel valid)
1606,4,Lahan hijau,tidak valid,V5,<1 pixel valid (V5: <1 pixel valid)
1607,4,Lahan hijau,tidak valid,V5,<1 pixel valid (V5: <1 pixel valid)
1608,4,Lahan hijau,valid tidak terpilih (kuota),KUOTA,valid tetapi tidak terambil acak 50/kelas
1609,4,Lahan hijau,tidak valid,V5,<1 pixel valid (V5: <1 pixel valid)
1610,4,Lahan hijau,tidak valid,V5,<1 pixel valid (gagal baca: ValueError)
1611,4,Lahan hijau,tidak valid,V5,<1 pixel valid (gagal baca: ValueError)
1612,4,Lahan hijau,tidak valid,V5,<1 pixel valid (V5: <1 pixel valid)
1613,4,Lahan hijau,tidak valid,V5,<1 pixel valid (V5: <1 pixel valid)
1614,4,Lahan hijau,tidak valid,V5,<1 pixel valid (V5: <1 pixel valid)
1615,4,Lahan hijau,tidak valid,V5,<1 pixel valid (gagal baca: ValueError)
1616,4,Lahan hijau,tidak valid,V5,<1 pixel valid (V5: <1 pixel valid)
1617,4,Lahan hijau,tidak valid,V5,<1 pixel valid (V5: <1 pixel valid)
1618,4,Lahan hijau,tidak valid,V5,<1 pixel valid (V5: <1 pixel valid)
1620,4,Lahan hijau,tidak valid,V5,<1 pixel valid (V5: <1 pixel valid)
1621,4,Lahan hijau,tidak valid,V5,<1 pixel valid (V5: <1 pixel valid)
1622,4,Lahan hijau,tidak valid,V5,<1 pixel valid (V5: <1 pixel valid)
1624,4,Lahan hijau,tidak valid,V5,<1 pixel valid (V5: <1 pixel valid)
1625,4,Lahan hijau,tidak valid,V5,<1 pixel valid (V5: <1 pixel valid)
1626,4,Lahan hijau,tidak valid,V5,<1 pixel valid (V5: <1 pixel valid)
1627,4,Lahan hijau,tidak valid,V5,<1 pixel valid (V5: <1 pixel valid)
1628,4,Lahan hijau,valid tidak terpilih (kuota),KUOTA,valid tetapi tidak terambil acak 50/kelas
1629,4,Lahan hijau,valid tidak terpilih (kuota),KUOTA,valid tetapi tidak terambil acak 50/kelas
1630,4,Lahan hijau,tidak valid,V5,<1 pixel valid (V5: <1 pixel valid)
1631,4,Lahan hijau,tidak valid,V5,<1 pixel valid (V5: <1 pixel valid)
1632,4,Lahan hijau,tidak valid,V5,<1 pixel valid (V5: <1 pixel valid)
1633,4,Lahan hijau,tidak valid,V5,<1 pixel valid (V5: <1 pixel valid)
1634,4,Lahan hijau,tidak valid,V5,<1 pixel valid (V5: <1 pixel valid)
1635,4,Lahan hijau,tidak valid,V5,<1 pixel valid (V5: <1 pixel valid)
1636,4,Lahan hijau,tidak valid,V5,<1 pixel valid (V5: <1 pixel valid)
1637,4,Lahan hijau,tidak valid,V5,<1 pixel valid (V5: <1 pixel valid)
1638,4,Lahan hijau,tidak valid,V5,<1 pixel valid (V5: <1 pixel valid)
1639,4,Lahan hijau,tidak valid,V5,<1 pixel valid (V5: <1 pixel valid)
1640,4,Lahan hijau,tidak valid,V5,<1 pixel valid (V5: <1 pixel valid)
1642,4,Lahan hijau,tidak valid,V5,<1 pixel valid (V5: <1 pixel valid)
1643,4,Lahan hijau,tidak valid,V5,<1 pixel valid (V5: <1 pixel valid)
1644,4,Lahan hijau,tidak valid,V5,<1 pixel valid (V5: <1 pixel valid)
1645,4,Lahan hijau,tidak valid,V5,<1 pixel valid (V5: <1 pixel valid)
1646,4,Lahan hijau,tidak valid,V5,<1 pixel valid (V5: <1 pixel valid)
1647,4,Lahan hijau,tidak valid,V5,<1 pixel valid (V5: <1 pixel valid)
1648,4,Lahan hijau,tidak valid,V5,<1 pixel valid (V5: <1 pixel valid)
1649,4,Lahan hijau,tidak valid,V5,<1 pixel valid (V5: <1 pixel valid)
1650,4,Lahan hijau,tidak valid,V5,<1 pixel valid (V5: <1 pixel valid)
1651,4,Lahan hijau,tidak valid,V5,<1 pixel valid (V5: <1 pixel valid)
1652,4,Lahan hijau,tidak valid,V5,<1 pixel valid (V5: <1 pixel valid)
1653,4,Lahan hijau,tidak valid,V5,<1 pixel valid (V5: <1 pixel valid)
1654,4,Lahan hijau,tidak valid,V5,<1 pixel valid (V5: <1 pixel valid)
1655,4,Lahan hijau,tidak valid,V5,<1 pixel valid (V5: <1 pixel valid)
1656,4,Lahan hijau,valid tidak terpilih (kuota),KUOTA,valid tetapi tidak terambil acak 50/kelas
1657,4,Lahan hijau,tidak valid,V5,<1 pixel valid (gagal baca: ValueError)
1658,4,Lahan hijau,tidak valid,V5,<1 pixel valid (V5: <1 pixel valid)
1659,4,Lahan hijau,valid tidak terpilih (kuota),KUOTA,valid tetapi tidak terambil acak 50/kelas
1660,4,Lahan hijau,tidak valid,V5,<1 pixel valid (V5: <1 pixel valid)
1661,4,Lahan hijau,tidak valid,V5,<1 pixel valid (V5: <1 pixel valid)
1662,4,Lahan hijau,tidak valid,V5,<1 pixel valid (V5: <1 pixel valid)
1663,4,Lahan hijau,tidak valid,V5,<1 pixel valid (V5: <1 pixel valid)
1664,4,Lahan hijau,tidak valid,V5,<1 pixel valid (V5: <1 pixel valid)
1665,4,Lahan hijau,tidak valid,V5,<1 pixel valid (V5: <1 pixel valid)
1666,4,Lahan hijau,tidak valid,V5,<1 pixel valid (V5: <1 pixel valid)
1667,4,Lahan hijau,tidak valid,V5,<1 pixel valid (V5: <1 pixel valid)
1669,4,Lahan hijau,tidak valid,V5,<1 pixel valid (V5: <1 pixel valid)
1670,4,Lahan hijau,tidak valid,V5,<1 pixel valid (V5: <1 pixel valid)
1671,4,Lahan hijau,tidak valid,V5,<1 pixel valid (V5: <1 pixel valid)
1672,4,Lahan hijau,tidak valid,V5,<1 pixel valid (V5: <1 pixel valid)
1673,4,Lahan hijau,tidak valid,V5,<1 pixel valid (V5: <1 pixel valid)
1675,4,Lahan hijau,tidak valid,V5,<1 pixel valid (V5: <1 pixel valid)
1676,4,Lahan hijau,tidak valid,V5,<1 pixel valid (V5: <1 pixel valid)
1678,4,Lahan hijau,tidak valid,V5,<1 pixel valid (V5: <1 pixel valid)
1680,4,Lahan hijau,tidak valid,V5,<1 pixel valid (V5: <1 pixel valid)
1681,4,Lahan hijau,tidak valid,V5,<1 pixel valid (V5: <1 pixel valid)
1682,4,Lahan hijau,valid tidak terpilih (kuota),KUOTA,valid tetapi tidak terambil acak 50/kelas
1685,4,Lahan hijau,tidak valid,V5,<1 pixel valid (gagal baca: ValueError)
1686,4,Lahan hijau,valid tidak terpilih (kuota),KUOTA,valid tetapi tidak terambil acak 50/kelas
1687,4,Lahan hijau,tidak valid,V5,<1 pixel valid (V5: <1 pixel valid)
1690,4,Lahan hijau,tidak valid,V5,<1 pixel valid (V5: <1 pixel valid)
1691,4,Lahan hijau,tidak valid,V5,<1 pixel valid (V5: <1 pixel valid)
1692,4,Lahan hijau,tidak valid,V5,<1 pixel valid (V5: <1 pixel valid)
1693,4,Lahan hijau,tidak valid,V5,<1 pixel valid (V5: <1 pixel valid)
1694,4,Lahan hijau,tidak valid,V5,<1 pixel valid (V5: <1 pixel valid)
1695,4,Lahan hijau,tidak valid,V5,<1 pixel valid (V5: <1 pixel valid)
1696,4,Lahan hijau,tidak valid,V5,<1 pixel valid (V5: <1 pixel valid)
1697,4,Lahan hijau,tidak valid,V5,<1 pixel valid (V5: <1 pixel valid)
1698,4,Lahan hijau,tidak valid,V5,<1 pixel valid (V5: <1 pixel valid)
1700,4,Lahan hijau,tidak valid,V5,<1 pixel valid (V5: <1 pixel valid)
1701,4,Lahan hijau,tidak valid,V5,<1 pixel valid (V5: <1 pixel valid)
1702,4,Lahan hijau,tidak valid,V5,<1 pixel valid (V5: <1 pixel valid)
1703,4,Lahan hijau,tidak valid,V5,<1 pixel valid (V5: <1 pixel valid)
1704,4,Lahan hijau,tidak valid,V5,<1 pixel valid (V5: <1 pixel valid)
1705,4,Lahan hijau,valid tidak terpilih (kuota),KUOTA,valid tetapi tidak terambil acak 50/kelas
1706,4,Lahan hijau,tidak valid,V5,<1 pixel valid (V5: <1 pixel valid)
1707,4,Lahan hijau,valid tidak terpilih (kuota),KUOTA,valid tetapi tidak terambil acak 50/kelas
1708,4,Lahan hijau,valid tidak terpilih (kuota),KUOTA,valid tetapi tidak terambil acak 50/kelas
1709,4,Lahan hijau,tidak valid,V5,<1 pixel valid (V5: <1 pixel valid)
1710,4,Lahan hijau,tidak valid,V5,<1 pixel valid (V5: <1 pixel valid)
1711,4,Lahan hijau,tidak valid,V5,<1 pixel valid (V5: <1 pixel valid)
1712,4,Lahan hijau,tidak valid,V5,<1 pixel valid (V5: <1 pixel valid)
1713,4,Lahan hijau,tidak valid,V5,<1 pixel valid (V5: <1 pixel valid)
1714,4,Lahan hijau,tidak valid,V5,<1 pixel valid (V5: <1 pixel valid)
1715,4,Lahan hijau,tidak valid,V5,<1 pixel valid (V5: <1 pixel valid)
1716,4,Lahan hijau,tidak valid,V5,<1 pixel valid (V5: <1 pixel valid)
1717,4,Lahan hijau,tidak valid,V5,<1 pixel valid (V5: <1 pixel valid)
1718,4,Lahan hijau,tidak valid,V5,<1 pixel valid (V5: <1 pixel valid)
1719,4,Lahan hijau,tidak valid,V5,<1 pixel valid (V5: <1 pixel valid)
1720,4,Lahan hijau,tidak valid,V5,<1 pixel valid (V5: <1 pixel valid)
1721,4,Lahan hijau,tidak valid,V5,<1 pixel valid (V5: <1 pixel valid)
1722,4,Lahan hijau,tidak valid,V5,<1 pixel valid (V5: <1 pixel valid)
1723,4,Lahan hijau,tidak valid,V5,<1 pixel valid (V5: <1 pixel valid)
1724,4,Lahan hijau,tidak valid,V5,<1 pixel valid (V5: <1 pixel valid)
1725,4,Lahan hijau,tidak valid,V5,<1 pixel valid (V5: <1 pixel valid)
1726,4,Lahan hijau,tidak valid,V5,<1 pixel valid (V5: <1 pixel valid)
1727,4,Lahan hijau,tidak valid,V5,<1 pixel valid (V5: <1 pixel valid)
1728,4,Lahan hijau,tidak valid,V5,<1 pixel valid (V5: <1 pixel valid)
1729,4,Lahan hijau,tidak valid,V5,<1 pixel valid (V5: <1 pixel valid)
1730,4,Lahan hijau,tidak valid,V5,<1 pixel valid (V5: <1 pixel valid)
1731,4,Lahan hijau,tidak valid,V5,<1 pixel valid (gagal baca: ValueError)
1732,4,Lahan hijau,tidak valid,V5,<1 pixel valid (V5: <1 pixel valid)
1735,4,Lahan hijau,valid tidak terpilih (kuota),KUOTA,valid tetapi tidak terambil acak 50/kelas
1737,4,Lahan hijau,tidak valid,V5,<1 pixel valid (V5: <1 pixel valid)
1738,4,Lahan hijau,tidak valid,V5,<1 pixel valid (V5: <1 pixel valid)
1739,4,Lahan hijau,tidak valid,V5,<1 pixel valid (V5: <1 pixel valid)
1740,4,Lahan hijau,tidak valid,V5,<1 pixel valid (V5: <1 pixel valid)
1741,4,Lahan hijau,tidak valid,V5,<1 pixel valid (V5: <1 pixel valid)
1742,4,Lahan hijau,tidak valid,V5,<1 pixel valid (V5: <1 pixel valid)
1743,4,Lahan hijau,tidak valid,V5,<1 pixel valid (V5: <1 pixel valid)
1745,4,Lahan hijau,tidak valid,V5,<1 pixel valid (V5: <1 pixel valid)
1746,4,Lahan hijau,tidak valid,V5,<1 pixel valid (V5: <1 pixel valid)
1747,4,Lahan hijau,tidak valid,V5,<1 pixel valid (V5: <1 pixel valid)
1748,4,Lahan hijau,tidak valid,V5,<1 pixel valid (V5: <1 pixel valid)
1749,4,Lahan hijau,tidak valid,V5,<1 pixel valid (V5: <1 pixel valid)
1751,4,Lahan hijau,tidak valid,V5,<1 pixel valid (V5: <1 pixel valid)
1752,4,Lahan hijau,tidak valid,V5,<1 pixel valid (V5: <1 pixel valid)
1753,4,Lahan hijau,tidak valid,V5,<1 pixel valid (V5: <1 pixel valid)
1754,4,Lahan hijau,tidak valid,V5,<1 pixel valid (V5: <1 pixel valid)
1755,4,Lahan hijau,tidak valid,V5,<1 pixel valid (V5: <1 pixel valid)
1756,4,Lahan hijau,tidak valid,V5,<1 pixel valid (V5: <1 pixel valid)
1757,4,Lahan hijau,tidak valid,V5,<1 pixel valid (V5: <1 pixel valid)
1758,4,Lahan hijau,tidak valid,V5,<1 pixel valid (V5: <1 pixel valid)
1759,4,Lahan hijau,tidak valid,V5,<1 pixel valid (V5: <1 pixel valid)
1761,4,Lahan hijau,tidak valid,V5,<1 pixel valid (V5: <1 pixel valid)
1762,4,Lahan hijau,tidak valid,V5,<1 pixel valid (V5: <1 pixel valid)
1763,4,Lahan hijau,tidak valid,V5,<1 pixel valid (V5: <1 pixel valid)
1764,4,Lahan hijau,tidak valid,V5,<1 pixel valid (V5: <1 pixel valid)
1765,4,Lahan hijau,valid tidak terpilih (kuota),KUOTA,valid tetapi tidak terambil acak 50/kelas
1767,4,Lahan hijau,tidak valid,V5,<1 pixel valid (V5: <1 pixel valid)
1768,4,Lahan hijau,valid tidak terpilih (kuota),KUOTA,valid tetapi tidak terambil acak 50/kelas
1769,4,Lahan hijau,valid tidak terpilih (kuota),KUOTA,valid tetapi tidak terambil acak 50/kelas
1770,4,Lahan hijau,tidak valid,V5,<1 pixel valid (V5: <1 pixel valid)
1771,4,Lahan hijau,tidak valid,V5,<1 pixel valid (V5: <1 pixel valid)
1772,4,Lahan hijau,tidak valid,V5,<1 pixel valid (gagal baca: ValueError)
1773,4,Lahan hijau,valid tidak terpilih (kuota),KUOTA,valid tetapi tidak terambil acak 50/kelas
1774,4,Lahan hijau,valid tidak terpilih (kuota),KUOTA,valid tetapi tidak terambil acak 50/kelas
1775,4,Lahan hijau,tidak valid,V5,<1 pixel valid (gagal baca: ValueError)
1776,4,Lahan hijau,valid tidak terpilih (kuota),KUOTA,valid tetapi tidak terambil acak 50/kelas
1777,4,Lahan hijau,tidak valid,V5,<1 pixel valid (V5: <1 pixel valid)
1778,4,Lahan hijau,tidak valid,V5,<1 pixel valid (V5: <1 pixel valid)
1779,4,Lahan hijau,tidak valid,V5,<1 pixel valid (V5: <1 pixel valid)
1780,4,Lahan hijau,tidak valid,V5,<1 pixel valid (gagal baca: ValueError)
1781,4,Lahan hijau,tidak valid,V5,<1 pixel valid (V5: <1 pixel valid)
1783,4,Lahan hijau,tidak valid,V5,<1 pixel valid (V5: <1 pixel valid)
1784,4,Lahan hijau,tidak valid,V5,<1 pixel valid (V5: <1 pixel valid)
1785,4,Lahan hijau,tidak valid,V5,<1 pixel valid (V5: <1 pixel valid)
1786,4,Lahan hijau,tidak valid,V5,<1 pixel valid (V5: <1 pixel valid)
1787,4,Lahan hijau,tidak valid,V5,<1 pixel valid (V5: <1 pixel valid)
1788,4,Lahan hijau,tidak valid,V5,<1 pixel valid (V5: <1 pixel valid)
1789,4,Lahan hijau,valid tidak terpilih (kuota),KUOTA,valid tetapi tidak terambil acak 50/kelas
1790,4,Lahan hijau,tidak valid,V5,<1 pixel valid (V5: <1 pixel valid)
1791,4,Lahan hijau,tidak valid,V5,<1 pixel valid (V5: <1 pixel valid)
1792,4,Lahan hijau,tidak valid,V5,<1 pixel valid (V5: <1 pixel valid)
1793,4,Lahan hijau,tidak valid,V5,<1 pixel valid (V5: <1 pixel valid)
1794,4,Lahan hijau,tidak valid,V5,<1 pixel valid (V5: <1 pixel valid)
1796,4,Lahan hijau,valid tidak terpilih (kuota),KUOTA,valid tetapi tidak terambil acak 50/kelas
1797,4,Lahan hijau,tidak valid,V5,<1 pixel valid (V5: <1 pixel valid)
1798,4,Lahan hijau,tidak valid,V5,<1 pixel valid (gagal baca: ValueError)
1799,4,Lahan hijau,tidak valid,V5,<1 pixel valid (V5: <1 pixel valid)
1800,4,Lahan hijau,valid tidak terpilih (kuota),KUOTA,valid tetapi tidak terambil acak 50/kelas
1801,4,Lahan hijau,tidak valid,V5,<1 pixel valid (V5: <1 pixel valid)
1802,4,Lahan hijau,tidak valid,V5,<1 pixel valid (V5: <1 pixel valid)
1803,4,Lahan hijau,tidak valid,V5,<1 pixel valid (V5: <1 pixel valid)
1804,4,Lahan hijau,tidak valid,V5,<1 pixel valid (V5: <1 pixel valid)
1805,4,Lahan hijau,tidak valid,V5,<1 pixel valid (V5: <1 pixel valid)
1806,4,Lahan hijau,tidak valid,V5,<1 pixel valid (V5: <1 pixel valid)
1807,4,Lahan hijau,valid tidak terpilih (kuota),KUOTA,valid tetapi tidak terambil acak 50/kelas
1808,4,Lahan hijau,valid tidak terpilih (kuota),KUOTA,valid tetapi tidak terambil acak 50/kelas
1809,4,Lahan hijau,tidak valid,V5,<1 pixel valid (V5: <1 pixel valid)
1810,4,Lahan hijau,tidak valid,V5,<1 pixel valid (V5: <1 pixel valid)
1811,4,Lahan hijau,tidak valid,V5,<1 pixel valid (V5: <1 pixel valid)
1812,4,Lahan hijau,tidak valid,V5,<1 pixel valid (V5: <1 pixel valid)
1813,4,Lahan hijau,tidak valid,V5,<1 pixel valid (gagal baca: ValueError)
1814,4,Lahan hijau,valid tidak terpilih (kuota),KUOTA,valid tetapi tidak terambil acak 50/kelas
1815,4,Lahan hijau,tidak valid,V5,<1 pixel valid (V5: <1 pixel valid)
1816,4,Lahan hijau,tidak valid,V5,<1 pixel valid (V5: <1 pixel valid)
1817,4,Lahan hijau,tidak valid,V5,<1 pixel valid (V5: <1 pixel valid)
1818,4,Lahan hijau,tidak valid,V5,<1 pixel valid (V5: <1 pixel valid)
1819,4,Lahan hijau,tidak valid,V5,<1 pixel valid (V5: <1 pixel valid)
1820,4,Lahan hijau,tidak valid,V5,<1 pixel valid (V5: <1 pixel valid)
1821,4,Lahan hijau,tidak valid,V5,<1 pixel valid (V5: <1 pixel valid)
1822,4,Lahan hijau,valid tidak terpilih (kuota),KUOTA,valid tetapi tidak terambil acak 50/kelas
1823,4,Lahan hijau,tidak valid,V5,<1 pixel valid (V5: <1 pixel valid)
1825,4,Lahan hijau,tidak valid,V5,<1 pixel valid (V5: <1 pixel valid)
1826,4,Lahan hijau,valid tidak terpilih (kuota),KUOTA,valid tetapi tidak terambil acak 50/kelas
1827,4,Lahan hijau,tidak valid,V5,<1 pixel valid (V5: <1 pixel valid)
1828,4,Lahan hijau,tidak valid,V5,<1 pixel valid (V5: <1 pixel valid)
1829,4,Lahan hijau,tidak valid,V5,<1 pixel valid (V5: <1 pixel valid)
1830,4,Lahan hijau,tidak valid,V5,<1 pixel valid (V5: <1 pixel valid)
1831,4,Lahan hijau,tidak valid,V5,<1 pixel valid (V5: <1 pixel valid)
1832,4,Lahan hijau,tidak valid,V5,<1 pixel valid (V5: <1 pixel valid)
1833,4,Lahan hijau,tidak valid,V5,<1 pixel valid (V5: <1 pixel valid)
1834,4,Lahan hijau,tidak valid,V5,<1 pixel valid (V5: <1 pixel valid)
1835,4,Lahan hijau,tidak valid,V5,<1 pixel valid (V5: <1 pixel valid)
1837,4,Lahan hijau,valid tidak terpilih (kuota),KUOTA,valid tetapi tidak terambil acak 50/kelas
1838,4,Lahan hijau,tidak valid,V5,<1 pixel valid (V5: <1 pixel valid)
1839,4,Lahan hijau,tidak valid,V6,overlap lintas kelas > 0.05
1840,4,Lahan hijau,tidak valid,V5,<1 pixel valid (V5: <1 pixel valid)
1841,4,Lahan hijau,tidak valid,V5,<1 pixel valid (V5: <1 pixel valid)
1842,4,Lahan hijau,tidak valid,V5,<1 pixel valid (V5: <1 pixel valid)
1843,4,Lahan hijau,tidak valid,V5,<1 pixel valid (V5: <1 pixel valid)
1844,4,Lahan hijau,tidak valid,V5,<1 pixel valid (V5: <1 pixel valid)
1846,4,Lahan hijau,tidak valid,V5,<1 pixel valid (V5: <1 pixel valid)
1848,4,Lahan hijau,tidak valid,V5,<1 pixel valid (V5: <1 pixel valid)
1849,4,Lahan hijau,tidak valid,V5,<1 pixel valid (V5: <1 pixel valid)
1850,4,Lahan hijau,tidak valid,V5,<1 pixel valid (V5: <1 pixel valid)
1851,4,Lahan hijau,tidak valid,V5,<1 pixel valid (V5: <1 pixel valid)
1852,4,Lahan hijau,tidak valid,V5,<1 pixel valid (V5: <1 pixel valid)
1853,4,Lahan hijau,tidak valid,V5,<1 pixel valid (V5: <1 pixel valid)
1854,4,Lahan hijau,tidak valid,V5,<1 pixel valid (V5: <1 pixel valid)
1855,4,Lahan hijau,tidak valid,V5,<1 pixel valid (V5: <1 pixel valid)
1856,4,Lahan hijau,tidak valid,V5,<1 pixel valid (V5: <1 pixel valid)
1857,4,Lahan hijau,tidak valid,V5,<1 pixel valid (V5: <1 pixel valid)
1858,4,Lahan hijau,valid tidak terpilih (kuota),KUOTA,valid tetapi tidak terambil acak 50/kelas
1859,4,Lahan hijau,tidak valid,V5,<1 pixel valid (V5: <1 pixel valid)
1860,4,Lahan hijau,valid tidak terpilih (kuota),KUOTA,valid tetapi tidak terambil acak 50/kelas
1861,4,Lahan hijau,tidak valid,V5,<1 pixel valid (V5: <1 pixel valid)
1862,4,Lahan hijau,tidak valid,V5,<1 pixel valid (V5: <1 pixel valid)
1863,4,Lahan hijau,tidak valid,V5,<1 pixel valid (V5: <1 pixel valid)
1865,4,Lahan hijau,valid tidak terpilih (kuota),KUOTA,valid tetapi tidak terambil acak 50/kelas
1866,4,Lahan hijau,tidak valid,V5,<1 pixel valid (V5: <1 pixel valid)
1867,4,Lahan hijau,tidak valid,V6,overlap lintas kelas > 0.05
1868,4,Lahan hijau,tidak valid,V5,<1 pixel valid (V5: <1 pixel valid)
1870,4,Lahan hijau,tidak valid,V5,<1 pixel valid (V5: <1 pixel valid)
1871,4,Lahan hijau,tidak valid,V5,<1 pixel valid (V5: <1 pixel valid)
1872,4,Lahan hijau,tidak valid,V5,<1 pixel valid (V5: <1 pixel valid)
1874,4,Lahan hijau,tidak valid,V5,<1 pixel valid (V5: <1 pixel valid)
1875,4,Lahan hijau,tidak valid,V5,<1 pixel valid (V5: <1 pixel valid)
1876,4,Lahan hijau,tidak valid,V5,<1 pixel valid (V5: <1 pixel valid)
1877,4,Lahan hijau,tidak valid,V5,<1 pixel valid (V5: <1 pixel valid)
1878,4,Lahan hijau,tidak valid,V5,<1 pixel valid (V5: <1 pixel valid)
1879,4,Lahan hijau,valid tidak terpilih (kuota),KUOTA,valid tetapi tidak terambil acak 50/kelas
1880,4,Lahan hijau,tidak valid,V5,<1 pixel valid (V5: <1 pixel valid)
1881,4,Lahan hijau,tidak valid,V5,<1 pixel valid (V5: <1 pixel valid)
1882,4,Lahan hijau,tidak valid,V5,<1 pixel valid (V5: <1 pixel valid)
1883,4,Lahan hijau,tidak valid,V5,<1 pixel valid (V5: <1 pixel valid)
1884,4,Lahan hijau,valid tidak terpilih (kuota),KUOTA,valid tetapi tidak terambil acak 50/kelas
1885,4,Lahan hijau,tidak valid,V5,<1 pixel valid (V5: <1 pixel valid)
1886,4,Lahan hijau,tidak valid,V5,<1 pixel valid (V5: <1 pixel valid)
1888,4,Lahan hijau,tidak valid,V5,<1 pixel valid (V5: <1 pixel valid)
1890,4,Lahan hijau,tidak valid,V5,<1 pixel valid (V5: <1 pixel valid)
1891,4,Lahan hijau,tidak valid,V5,<1 pixel valid (V5: <1 pixel valid)
1892,4,Lahan hijau,tidak valid,V5,<1 pixel valid (V5: <1 pixel valid)
1894,4,Lahan hijau,tidak valid,V5,<1 pixel valid (V5: <1 pixel valid)
1895,4,Lahan hijau,tidak valid,V5,<1 pixel valid (V5: <1 pixel valid)
1896,4,Lahan hijau,tidak valid,V5,<1 pixel valid (V5: <1 pixel valid)
1897,4,Lahan hijau,tidak valid,V5,<1 pixel valid (V5: <1 pixel valid)
1898,4,Lahan hijau,tidak valid,V5,<1 pixel valid (V5: <1 pixel valid)
1899,4,Lahan hijau,tidak valid,V5,<1 pixel valid (V5: <1 pixel valid)
1900,4,Lahan hijau,tidak valid,V5,<1 pixel valid (V5: <1 pixel valid)
1901,4,Lahan hijau,tidak valid,V5,<1 pixel valid (V5: <1 pixel valid)
1902,4,Lahan hijau,tidak valid,V5,<1 pixel valid (V5: <1 pixel valid)
1903,4,Lahan hijau,tidak valid,V5,<1 pixel valid (V5: <1 pixel valid)
1904,4,Lahan hijau,valid tidak terpilih (kuota),KUOTA,valid tetapi tidak terambil acak 50/kelas
1905,4,Lahan hijau,tidak valid,V5,<1 pixel valid (V5: <1 pixel valid)
1906,4,Lahan hijau,tidak valid,V5,<1 pixel valid (V5: <1 pixel valid)
1907,4,Lahan hijau,valid tidak terpilih (kuota),KUOTA,valid tetapi tidak terambil acak 50/kelas
1908,4,Lahan hijau,tidak valid,V5,<1 pixel valid (V5: <1 pixel valid)
1909,4,Lahan hijau,tidak valid,V5,<1 pixel valid (V5: <1 pixel valid)
1910,4,Lahan hijau,tidak valid,V5,<1 pixel valid (V5: <1 pixel valid)
1912,4,Lahan hijau,tidak valid,V5,<1 pixel valid (V5: <1 pixel valid)
1913,4,Lahan hijau,tidak valid,V5,<1 pixel valid (V5: <1 pixel valid)
1914,4,Lahan hijau,valid tidak terpilih (kuota),KUOTA,valid tetapi tidak terambil acak 50/kelas
1915,4,Lahan hijau,tidak valid,V5,<1 pixel valid (V5: <1 pixel valid)
1916,4,Lahan hijau,tidak valid,V5,<1 pixel valid (V5: <1 pixel valid)
1919,4,Lahan hijau,tidak valid,V5,<1 pixel valid (V5: <1 pixel valid)
1920,4,Lahan hijau,tidak valid,V5,<1 pixel valid (V5: <1 pixel valid)
1921,4,Lahan hijau,tidak valid,V5,<1 pixel valid (V5: <1 pixel valid)
1922,4,Lahan hijau,tidak valid,V5,<1 pixel valid (V5: <1 pixel valid)
1923,4,Lahan hijau,tidak valid,V5,<1 pixel valid (V5: <1 pixel valid)
1924,4,Lahan hijau,tidak valid,V5,<1 pixel valid (V5: <1 pixel valid)
1925,4,Lahan hijau,valid tidak terpilih (kuota),KUOTA,valid tetapi tidak terambil acak 50/kelas
1926,4,Lahan hijau,tidak valid,V5,<1 pixel valid (gagal baca: ValueError)
1927,4,Lahan hijau,tidak valid,V5,<1 pixel valid (V5: <1 pixel valid)
1928,4,Lahan hijau,tidak valid,V5,<1 pixel valid (V5: <1 pixel valid)
1929,4,Lahan hijau,tidak valid,V5,<1 pixel valid (V5: <1 pixel valid)
1930,4,Lahan hijau,tidak valid,V5,<1 pixel valid (V5: <1 pixel valid)
1931,4,Lahan hijau,valid tidak terpilih (kuota),KUOTA,valid tetapi tidak terambil acak 50/kelas
1932,4,Lahan hijau,tidak valid,V5,<1 pixel valid (V5: <1 pixel valid)
1933,4,Lahan hijau,tidak valid,V5,<1 pixel valid (V5: <1 pixel valid)
1934,4,Lahan hijau,tidak valid,V5,<1 pixel valid (V5: <1 pixel valid)
1935,4,Lahan hijau,tidak valid,V5,<1 pixel valid (V5: <1 pixel valid)
1936,4,Lahan hijau,tidak valid,V5,<1 pixel valid (V5: <1 pixel valid)
1937,4,Lahan hijau,tidak valid,V5,<1 pixel valid (V5: <1 pixel valid)
1938,4,Lahan hijau,tidak valid,V5,<1 pixel valid (V5: <1 pixel valid)
1939,4,Lahan hijau,tidak valid,V5,<1 pixel valid (V5: <1 pixel valid)
1940,4,Lahan hijau,valid tidak terpilih (kuota),KUOTA,valid tetapi tidak terambil acak 50/kelas
1941,4,Lahan hijau,tidak valid,V5,<1 pixel valid (V5: <1 pixel valid)
1942,4,Lahan hijau,tidak valid,V5,<1 pixel valid (V5: <1 pixel valid)
1943,4,Lahan hijau,tidak valid,V5,<1 pixel valid (V5: <1 pixel valid)
1944,4,Lahan hijau,tidak valid,V5,<1 pixel valid (V5: <1 pixel valid)
1945,4,Lahan hijau,tidak valid,V5,<1 pixel valid (V5: <1 pixel valid)
1946,4,Lahan hijau,tidak valid,V5,<1 pixel valid (V5: <1 pixel valid)
1947,4,Lahan hijau,tidak valid,V5,<1 pixel valid (V5: <1 pixel valid)
1948,4,Lahan hijau,tidak valid,V5,<1 pixel valid (V5: <1 pixel valid)
1949,4,Lahan hijau,tidak valid,V5,<1 pixel valid (V5: <1 pixel valid)
1950,4,Lahan hijau,tidak valid,V5,<1 pixel valid (V5: <1 pixel valid)
1951,4,Lahan hijau,valid tidak terpilih (kuota),KUOTA,valid tetapi tidak terambil acak 50/kelas
1952,4,Lahan hijau,tidak valid,V5,<1 pixel valid (V5: <1 pixel valid)
1953,4,Lahan hijau,tidak valid,V5,<1 pixel valid (V5: <1 pixel valid)
1955,4,Lahan hijau,tidak valid,V5,<1 pixel valid (V5: <1 pixel valid)
1956,4,Lahan hijau,tidak valid,V5,<1 pixel valid (V5: <1 pixel valid)
1957,4,Lahan hijau,tidak valid,V5,<1 pixel valid (V5: <1 pixel valid)
1958,4,Lahan hijau,valid tidak terpilih (kuota),KUOTA,valid tetapi tidak terambil acak 50/kelas
1959,4,Lahan hijau,tidak valid,V5,<1 pixel valid (V5: <1 pixel valid)
1960,4,Lahan hijau,tidak valid,V5,<1 pixel valid (V5: <1 pixel valid)
1961,4,Lahan hijau,tidak valid,V5,<1 pixel valid (V5: <1 pixel valid)
1962,4,Lahan hijau,tidak valid,V5,<1 pixel valid (gagal baca: ValueError)
1963,4,Lahan hijau,tidak valid,V5,<1 pixel valid (V5: <1 pixel valid)
1965,4,Lahan hijau,tidak valid,V5,<1 pixel valid (V5: <1 pixel valid)
1966,4,Lahan hijau,tidak valid,V5,<1 pixel valid (V5: <1 pixel valid)
1967,4,Lahan hijau,valid tidak terpilih (kuota),KUOTA,valid tetapi tidak terambil acak 50/kelas
1969,4,Lahan hijau,tidak valid,V5,<1 pixel valid (gagal baca: ValueError)
1970,4,Lahan hijau,tidak valid,V5,<1 pixel valid (V5: <1 pixel valid)
1971,4,Lahan hijau,tidak valid,V5,<1 pixel valid (V5: <1 pixel valid)
1973,4,Lahan hijau,tidak valid,V5,<1 pixel valid (V5: <1 pixel valid)
1974,4,Lahan hijau,tidak valid,V5,<1 pixel valid (V5: <1 pixel valid)
1975,4,Lahan hijau,tidak valid,V5,<1 pixel valid (V5: <1 pixel valid)
1976,4,Lahan hijau,tidak valid,V5,<1 pixel valid (V5: <1 pixel valid)
1977,4,Lahan hijau,tidak valid,V5,<1 pixel valid (V5: <1 pixel valid)
1978,4,Lahan hijau,tidak valid,V5,<1 pixel valid (V5: <1 pixel valid)
1979,4,Lahan hijau,tidak valid,V5,<1 pixel valid (V5: <1 pixel valid)
1980,4,Lahan hijau,tidak valid,V5,<1 pixel valid (V5: <1 pixel valid)
1981,4,Lahan hijau,valid tidak terpilih (kuota),KUOTA,valid tetapi tidak terambil acak 50/kelas
1982,4,Lahan hijau,tidak valid,V5,<1 pixel valid (V5: <1 pixel valid)
1983,4,Lahan hijau,tidak valid,V5,<1 pixel valid (V5: <1 pixel valid)
1984,4,Lahan hijau,tidak valid,V5,<1 pixel valid (V5: <1 pixel valid)
1985,4,Lahan hijau,tidak valid,V5,<1 pixel valid (V5: <1 pixel valid)
1986,4,Lahan hijau,tidak valid,V5,<1 pixel valid (V5: <1 pixel valid)
1987,4,Lahan hijau,tidak valid,V5,<1 pixel valid (V5: <1 pixel valid)
1988,4,Lahan hijau,tidak valid,V5,<1 pixel valid (V5: <1 pixel valid)
1990,4,Lahan hijau,tidak valid,V5,<1 pixel valid (gagal baca: ValueError)
1992,4,Lahan hijau,tidak valid,V5,<1 pixel valid (V5: <1 pixel valid)
1993,4,Lahan hijau,tidak valid,V5,<1 pixel valid (V5: <1 pixel valid)
1994,4,Lahan hijau,valid tidak terpilih (kuota),KUOTA,valid tetapi tidak terambil acak 50/kelas
1995,4,Lahan hijau,tidak valid,V5,<1 pixel valid (V5: <1 pixel valid)
1996,4,Lahan hijau,valid tidak terpilih (kuota),KUOTA,valid tetapi tidak terambil acak 50/kelas
1997,4,Lahan hijau,tidak valid,V5,<1 pixel valid (V5: <1 pixel valid)
1998,4,Lahan hijau,tidak valid,V5,<1 pixel valid (V5: <1 pixel valid)
1999,4,Lahan hijau,valid tidak terpilih (kuota),KUOTA,valid tetapi tidak terambil acak 50/kelas
2000,5,Laut,tidak valid,V5,<1 pixel valid (gagal baca: ValueError)
2001,5,Laut,tidak valid,V5,<1 pixel valid (gagal baca: ValueError)
2002,5,Laut,tidak valid,V5,<1 pixel valid (gagal baca: ValueError)
2003,5,Laut,tidak valid,V5,<1 pixel valid (V5: <1 pixel valid)
2004,5,Laut,tidak valid,V5,<1 pixel valid (V5: <1 pixel valid)
2005,5,Laut,tidak valid,V5,<1 pixel valid (V5: <1 pixel valid)
2006,5,Laut,tidak valid,V5,<1 pixel valid (V5: <1 pixel valid)
2007,5,Laut,tidak valid,V5,<1 pixel valid (V5: <1 pixel valid)
2008,5,Laut,tidak valid,V5,<1 pixel valid (V5: <1 pixel valid)
2009,5,Laut,tidak valid,V5,<1 pixel valid (V5: <1 pixel valid)
2010,5,Laut,tidak valid,V5,<1 pixel valid (gagal baca: ValueError)
2011,5,Laut,tidak valid,V5,<1 pixel valid (gagal baca: ValueError)
2012,5,Laut,tidak valid,V5,<1 pixel valid (gagal baca: ValueError)
2013,5,Laut,tidak valid,V5,<1 pixel valid (gagal baca: ValueError)
2014,5,Laut,tidak valid,V5,<1 pixel valid (V5: <1 pixel valid)
2015,5,Laut,tidak valid,V5,<1 pixel valid (V5: <1 pixel valid)
2016,5,Laut,tidak valid,V5,<1 pixel valid (V5: <1 pixel valid)
2017,5,Laut,tidak valid,V5,<1 pixel valid (V5: <1 pixel valid)
2018,5,Laut,tidak valid,V5,<1 pixel valid (V5: <1 pixel valid)
2019,5,Laut,tidak valid,V5,<1 pixel valid (V5: <1 pixel valid)
2020,5,Laut,tidak valid,V5,<1 pixel valid (gagal baca: ValueError)
2021,5,Laut,tidak valid,V5,<1 pixel valid (gagal baca: ValueError)
2022,5,Laut,tidak valid,V5,<1 pixel valid (gagal baca: ValueError)
2023,5,Laut,tidak valid,V5,<1 pixel valid (V5: <1 pixel valid)
2024,5,Laut,tidak valid,V5,<1 pixel valid (V5: <1 pixel valid)
2026,5,Laut,tidak valid,V5,<1 pixel valid (V5: <1 pixel valid)
2027,5,Laut,tidak valid,V5,<1 pixel valid (V5: <1 pixel valid)
2028,5,Laut,tidak valid,V5,<1 pixel valid (V5: <1 pixel valid)
2029,5,Laut,tidak valid,V5,<1 pixel valid (V5: <1 pixel valid)
2030,5,Laut,tidak valid,V5,<1 pixel valid (V5: <1 pixel valid)
2031,5,Laut,tidak valid,V5,<1 pixel valid (V5: <1 pixel valid)
2032,5,Laut,tidak valid,V5,<1 pixel valid (V5: <1 pixel valid)
2033,5,Laut,tidak valid,V5,<1 pixel valid (V5: <1 pixel valid)
2034,5,Laut,tidak valid,V5,<1 pixel valid (V5: <1 pixel valid)
2035,5,Laut,tidak valid,V5,<1 pixel valid (V5: <1 pixel valid)
2036,5,Laut,tidak valid,V5,<1 pixel valid (V5: <1 pixel valid)
2037,5,Laut,tidak valid,V5,<1 pixel valid (V5: <1 pixel valid)
2038,5,Laut,tidak valid,V5,<1 pixel valid (V5: <1 pixel valid)
2039,5,Laut,tidak valid,V5,<1 pixel valid (V5: <1 pixel valid)
2040,5,Laut,tidak valid,V5,<1 pixel valid (V5: <1 pixel valid)
2041,5,Laut,tidak valid,V5,<1 pixel valid (V5: <1 pixel valid)
2042,5,Laut,tidak valid,V5,<1 pixel valid (V5: <1 pixel valid)
2043,5,Laut,tidak valid,V5,<1 pixel valid (V5: <1 pixel valid)
2045,5,Laut,tidak valid,V5,<1 pixel valid (V5: <1 pixel valid)
2046,5,Laut,tidak valid,V5,<1 pixel valid (V5: <1 pixel valid)
2047,5,Laut,tidak valid,V5,<1 pixel valid (V5: <1 pixel valid)
2048,5,Laut,tidak valid,V5,<1 pixel valid (V5: <1 pixel valid)
2049,5,Laut,tidak valid,V5,<1 pixel valid (V5: <1 pixel valid)
2050,5,Laut,tidak valid,V5,<1 pixel valid (V5: <1 pixel valid)
2051,5,Laut,tidak valid,V5,<1 pixel valid (V5: <1 pixel valid)
2052,5,Laut,tidak valid,V5,<1 pixel valid (V5: <1 pixel valid)
2054,5,Laut,tidak valid,V5,<1 pixel valid (V5: <1 pixel valid)
2055,5,Laut,tidak valid,V5,<1 pixel valid (V5: <1 pixel valid)
2056,5,Laut,tidak valid,V5,<1 pixel valid (V5: <1 pixel valid)
2057,5,Laut,tidak valid,V5,<1 pixel valid (V5: <1 pixel valid)
2058,5,Laut,tidak valid,V5,<1 pixel valid (V5: <1 pixel valid)
2059,5,Laut,tidak valid,V5,<1 pixel valid (V5: <1 pixel valid)
2060,5,Laut,tidak valid,V5,<1 pixel valid (V5: <1 pixel valid)
2061,5,Laut,tidak valid,V5,<1 pixel valid (V5: <1 pixel valid)
2062,5,Laut,tidak valid,V5,<1 pixel valid (V5: <1 pixel valid)
2063,5,Laut,tidak valid,V5,<1 pixel valid (V5: <1 pixel valid)
2064,5,Laut,tidak valid,V5,<1 pixel valid (V5: <1 pixel valid)
2065,5,Laut,tidak valid,V5,<1 pixel valid (V5: <1 pixel valid)
2066,5,Laut,tidak valid,V5,<1 pixel valid (V5: <1 pixel valid)
2067,5,Laut,tidak valid,V5,<1 pixel valid (V5: <1 pixel valid)
2068,5,Laut,tidak valid,V5,<1 pixel valid (V5: <1 pixel valid)
2069,5,Laut,tidak valid,V5,<1 pixel valid (V5: <1 pixel valid)
2070,5,Laut,tidak valid,V5,<1 pixel valid (V5: <1 pixel valid)
2071,5,Laut,tidak valid,V5,<1 pixel valid (V5: <1 pixel valid)
2072,5,Laut,tidak valid,V5,<1 pixel valid (V5: <1 pixel valid)
2073,5,Laut,tidak valid,V5,<1 pixel valid (V5: <1 pixel valid)
2074,5,Laut,tidak valid,V5,<1 pixel valid (V5: <1 pixel valid)
2075,5,Laut,tidak valid,V5,<1 pixel valid (V5: <1 pixel valid)
2076,5,Laut,tidak valid,V5,<1 pixel valid (V5: <1 pixel valid)
2077,5,Laut,tidak valid,V5,<1 pixel valid (V5: <1 pixel valid)
2078,5,Laut,tidak valid,V5,<1 pixel valid (V5: <1 pixel valid)
2079,5,Laut,tidak valid,V5,<1 pixel valid (V5: <1 pixel valid)
2080,5,Laut,tidak valid,V5,<1 pixel valid (V5: <1 pixel valid)
2081,5,Laut,tidak valid,V5,<1 pixel valid (V5: <1 pixel valid)
2082,5,Laut,tidak valid,V5,<1 pixel valid (V5: <1 pixel valid)
2083,5,Laut,tidak valid,V5,<1 pixel valid (V5: <1 pixel valid)
2084,5,Laut,tidak valid,V5,<1 pixel valid (V5: <1 pixel valid)
2085,5,Laut,tidak valid,V5,<1 pixel valid (V5: <1 pixel valid)
2086,5,Laut,tidak valid,V5,<1 pixel valid (V5: <1 pixel valid)
2087,5,Laut,tidak valid,V5,<1 pixel valid (V5: <1 pixel valid)
2088,5,Laut,tidak valid,V5,<1 pixel valid (V5: <1 pixel valid)
2089,5,Laut,tidak valid,V5,<1 pixel valid (V5: <1 pixel valid)
2090,5,Laut,tidak valid,V5,<1 pixel valid (V5: <1 pixel valid)
2091,5,Laut,tidak valid,V5,<1 pixel valid (V5: <1 pixel valid)
2092,5,Laut,tidak valid,V5,<1 pixel valid (V5: <1 pixel valid)
2093,5,Laut,tidak valid,V5,<1 pixel valid (V5: <1 pixel valid)
2094,5,Laut,tidak valid,V5,<1 pixel valid (V5: <1 pixel valid)
2095,5,Laut,tidak valid,V5,<1 pixel valid (V5: <1 pixel valid)
2096,5,Laut,tidak valid,V5,<1 pixel valid (V5: <1 pixel valid)
2097,5,Laut,tidak valid,V5,<1 pixel valid (V5: <1 pixel valid)
2098,5,Laut,tidak valid,V5,<1 pixel valid (V5: <1 pixel valid)
2099,5,Laut,tidak valid,V5,<1 pixel valid (V5: <1 pixel valid)
2100,5,Laut,tidak valid,V5,<1 pixel valid (V5: <1 pixel valid)
2101,5,Laut,tidak valid,V5,<1 pixel valid (V5: <1 pixel valid)
2102,5,Laut,tidak valid,V5,<1 pixel valid (V5: <1 pixel valid)
2103,5,Laut,tidak valid,V5,<1 pixel valid (V5: <1 pixel valid)
2104,5,Laut,tidak valid,V5,<1 pixel valid (V5: <1 pixel valid)
2105,5,Laut,tidak valid,V5,<1 pixel valid (V5: <1 pixel valid)
2106,5,Laut,tidak valid,V5,<1 pixel valid (V5: <1 pixel valid)
2107,5,Laut,tidak valid,V5,<1 pixel valid (V5: <1 pixel valid)
2108,5,Laut,tidak valid,V5,<1 pixel valid (V5: <1 pixel valid)
2109,5,Laut,tidak valid,V5,<1 pixel valid (V5: <1 pixel valid)
2110,5,Laut,tidak valid,V5,<1 pixel valid (gagal baca: ValueError)
2111,5,Laut,tidak valid,V5,<1 pixel valid (gagal baca: ValueError)
2112,5,Laut,tidak valid,V5,<1 pixel valid (V5: <1 pixel valid)
2113,5,Laut,tidak valid,V5,<1 pixel valid (V5: <1 pixel valid)
2114,5,Laut,tidak valid,V5,<1 pixel valid (V5: <1 pixel valid)
2115,5,Laut,tidak valid,V5,<1 pixel valid (V5: <1 pixel valid)
2116,5,Laut,tidak valid,V5,<1 pixel valid (V5: <1 pixel valid)
2117,5,Laut,tidak valid,V5,<1 pixel valid (V5: <1 pixel valid)
2118,5,Laut,tidak valid,V5,<1 pixel valid (V5: <1 pixel valid)
2119,5,Laut,tidak valid,V5,<1 pixel valid (V5: <1 pixel valid)
2120,5,Laut,tidak valid,V5,<1 pixel valid (V5: <1 pixel valid)
2121,5,Laut,tidak valid,V5,<1 pixel valid (V5: <1 pixel valid)
2122,5,Laut,tidak valid,V5,<1 pixel valid (V5: <1 pixel valid)
2123,5,Laut,tidak valid,V5,<1 pixel valid (V5: <1 pixel valid)
2124,5,Laut,tidak valid,V5,<1 pixel valid (V5: <1 pixel valid)
2125,5,Laut,tidak valid,V5,<1 pixel valid (V5: <1 pixel valid)
2126,5,Laut,tidak valid,V5,<1 pixel valid (V5: <1 pixel valid)
2127,5,Laut,tidak valid,V5,<1 pixel valid (V5: <1 pixel valid)
2128,5,Laut,tidak valid,V5,<1 pixel valid (V5: <1 pixel valid)
2129,5,Laut,tidak valid,V5,<1 pixel valid (V5: <1 pixel valid)
2130,5,Laut,tidak valid,V5,<1 pixel valid (V5: <1 pixel valid)
2131,5,Laut,tidak valid,V5,<1 pixel valid (V5: <1 pixel valid)
2132,5,Laut,tidak valid,V5,<1 pixel valid (V5: <1 pixel valid)
2133,5,Laut,tidak valid,V5,<1 pixel valid (V5: <1 pixel valid)
2134,5,Laut,tidak valid,V5,<1 pixel valid (V5: <1 pixel valid)
2135,5,Laut,tidak valid,V5,<1 pixel valid (V5: <1 pixel valid)
2136,5,Laut,tidak valid,V5,<1 pixel valid (V5: <1 pixel valid)
2137,5,Laut,tidak valid,V5,<1 pixel valid (V5: <1 pixel valid)
2138,5,Laut,tidak valid,V5,<1 pixel valid (V5: <1 pixel valid)
2139,5,Laut,tidak valid,V5,<1 pixel valid (V5: <1 pixel valid)
2140,5,Laut,tidak valid,V5,<1 pixel valid (V5: <1 pixel valid)
2141,5,Laut,tidak valid,V5,<1 pixel valid (V5: <1 pixel valid)
2142,5,Laut,tidak valid,V5,<1 pixel valid (V5: <1 pixel valid)
2143,5,Laut,tidak valid,V5,<1 pixel valid (V5: <1 pixel valid)
2144,5,Laut,tidak valid,V5,<1 pixel valid (V5: <1 pixel valid)
2145,5,Laut,tidak valid,V5,<1 pixel valid (V5: <1 pixel valid)
2146,5,Laut,tidak valid,V5,<1 pixel valid (V5: <1 pixel valid)
2147,5,Laut,tidak valid,V5,<1 pixel valid (V5: <1 pixel valid)
2148,5,Laut,tidak valid,V5,<1 pixel valid (gagal baca: ValueError)
2149,5,Laut,tidak valid,V5,<1 pixel valid (V5: <1 pixel valid)
2150,5,Laut,tidak valid,V5,<1 pixel valid (V5: <1 pixel valid)
2151,5,Laut,tidak valid,V5,<1 pixel valid (V5: <1 pixel valid)
2152,5,Laut,tidak valid,V5,<1 pixel valid (V5: <1 pixel valid)
2153,5,Laut,tidak valid,V5,<1 pixel valid (V5: <1 pixel valid)
2154,5,Laut,tidak valid,V5,<1 pixel valid (V5: <1 pixel valid)
2155,5,Laut,tidak valid,V5,<1 pixel valid (V5: <1 pixel valid)
2156,5,Laut,tidak valid,V5,<1 pixel valid (V5: <1 pixel valid)
2157,5,Laut,tidak valid,V5,<1 pixel valid (V5: <1 pixel valid)
2158,5,Laut,tidak valid,V5,<1 pixel valid (V5: <1 pixel valid)
2159,5,Laut,tidak valid,V5,<1 pixel valid (V5: <1 pixel valid)
2160,5,Laut,tidak valid,V5,<1 pixel valid (V5: <1 pixel valid)
2161,5,Laut,tidak valid,V5,<1 pixel valid (V5: <1 pixel valid)
2162,5,Laut,tidak valid,V5,<1 pixel valid (V5: <1 pixel valid)
2163,5,Laut,tidak valid,V5,<1 pixel valid (V5: <1 pixel valid)
2164,5,Laut,tidak valid,V5,<1 pixel valid (V5: <1 pixel valid)
2165,5,Laut,tidak valid,V5,<1 pixel valid (V5: <1 pixel valid)
2166,5,Laut,tidak valid,V5,<1 pixel valid (V5: <1 pixel valid)
2167,5,Laut,tidak valid,V5,<1 pixel valid (V5: <1 pixel valid)
2168,5,Laut,tidak valid,V5,<1 pixel valid (V5: <1 pixel valid)
2169,5,Laut,tidak valid,V5,<1 pixel valid (V5: <1 pixel valid)
2170,5,Laut,tidak valid,V5,<1 pixel valid (V5: <1 pixel valid)
2171,5,Laut,tidak valid,V5,<1 pixel valid (gagal baca: ValueError)
2172,5,Laut,tidak valid,V5,<1 pixel valid (V5: <1 pixel valid)
2173,5,Laut,tidak valid,V5,<1 pixel valid (V5: <1 pixel valid)
2174,5,Laut,tidak valid,V5,<1 pixel valid (gagal baca: ValueError)
2175,5,Laut,tidak valid,V5,<1 pixel valid (gagal baca: ValueError)
2176,5,Laut,tidak valid,V5,<1 pixel valid (V5: <1 pixel valid)
2177,5,Laut,tidak valid,V5,<1 pixel valid (V5: <1 pixel valid)
2178,5,Laut,tidak valid,V5,<1 pixel valid (V5: <1 pixel valid)
2179,5,Laut,tidak valid,V5,<1 pixel valid (V5: <1 pixel valid)
2180,5,Laut,tidak valid,V5,<1 pixel valid (V5: <1 pixel valid)
2181,5,Laut,tidak valid,V5,<1 pixel valid (V5: <1 pixel valid)
2182,5,Laut,tidak valid,V5,<1 pixel valid (V5: <1 pixel valid)
2183,5,Laut,tidak valid,V5,<1 pixel valid (V5: <1 pixel valid)
2184,5,Laut,tidak valid,V5,<1 pixel valid (V5: <1 pixel valid)
2185,5,Laut,tidak valid,V5,<1 pixel valid (V5: <1 pixel valid)
2186,5,Laut,tidak valid,V5,<1 pixel valid (V5: <1 pixel valid)
2187,5,Laut,tidak valid,V5,<1 pixel valid (V5: <1 pixel valid)
2188,5,Laut,tidak valid,V5,<1 pixel valid (V5: <1 pixel valid)
2189,5,Laut,tidak valid,V5,<1 pixel valid (V5: <1 pixel valid)
2190,5,Laut,tidak valid,V5,<1 pixel valid (V5: <1 pixel valid)
2191,5,Laut,tidak valid,V5,<1 pixel valid (V5: <1 pixel valid)
2192,5,Laut,tidak valid,V5,<1 pixel valid (V5: <1 pixel valid)
2193,5,Laut,tidak valid,V5,<1 pixel valid (V5: <1 pixel valid)
2194,5,Laut,tidak valid,V5,<1 pixel valid (V5: <1 pixel valid)
2195,5,Laut,tidak valid,V5,<1 pixel valid (V5: <1 pixel valid)
2196,5,Laut,tidak valid,V5,<1 pixel valid (V5: <1 pixel valid)
2197,5,Laut,tidak valid,V5,<1 pixel valid (V5: <1 pixel valid)
2198,5,Laut,tidak valid,V5,<1 pixel valid (V5: <1 pixel valid)
2199,5,Laut,tidak valid,V5,<1 pixel valid (V5: <1 pixel valid)
2200,5,Laut,tidak valid,V5,<1 pixel valid (V5: <1 pixel valid)
2201,5,Laut,tidak valid,V5,<1 pixel valid (V5: <1 pixel valid)
2202,5,Laut,tidak valid,V5,<1 pixel valid (V5: <1 pixel valid)
2203,5,Laut,tidak valid,V5,<1 pixel valid (V5: <1 pixel valid)
2204,5,Laut,tidak valid,V5,<1 pixel valid (V5: <1 pixel valid)
2205,5,Laut,tidak valid,V5,<1 pixel valid (V5: <1 pixel valid)
2206,5,Laut,tidak valid,V5,<1 pixel valid (V5: <1 pixel valid)
2207,5,Laut,tidak valid,V5,<1 pixel valid (V5: <1 pixel valid)
2208,5,Laut,tidak valid,V5,<1 pixel valid (V5: <1 pixel valid)
2209,5,Laut,tidak valid,V5,<1 pixel valid (V5: <1 pixel valid)
2210,5,Laut,tidak valid,V5,<1 pixel valid (V5: <1 pixel valid)
2211,5,Laut,tidak valid,V5,<1 pixel valid (V5: <1 pixel valid)
2212,5,Laut,tidak valid,V5,<1 pixel valid (V5: <1 pixel valid)
2213,5,Laut,tidak valid,V5,<1 pixel valid (V5: <1 pixel valid)
2214,5,Laut,tidak valid,V5,<1 pixel valid (V5: <1 pixel valid)
2215,5,Laut,tidak valid,V5,<1 pixel valid (V5: <1 pixel valid)
2216,5,Laut,tidak valid,V5,<1 pixel valid (V5: <1 pixel valid)
2217,5,Laut,tidak valid,V5,<1 pixel valid (V5: <1 pixel valid)
2218,5,Laut,tidak valid,V5,<1 pixel valid (V5: <1 pixel valid)
2219,5,Laut,tidak valid,V5,<1 pixel valid (V5: <1 pixel valid)
2220,5,Laut,tidak valid,V5,<1 pixel valid (V5: <1 pixel valid)
2221,5,Laut,tidak valid,V5,<1 pixel valid (V5: <1 pixel valid)
2222,5,Laut,tidak valid,V5,<1 pixel valid (V5: <1 pixel valid)
2223,5,Laut,tidak valid,V5,<1 pixel valid (V5: <1 pixel valid)
2224,5,Laut,tidak valid,V5,<1 pixel valid (V5: <1 pixel valid)
2225,5,Laut,tidak valid,V5,<1 pixel valid (V5: <1 pixel valid)
2226,5,Laut,tidak valid,V5,<1 pixel valid (V5: <1 pixel valid)
2227,5,Laut,tidak valid,V5,<1 pixel valid (V5: <1 pixel valid)
2228,5,Laut,tidak valid,V5,<1 pixel valid (V5: <1 pixel valid)
2229,5,Laut,tidak valid,V5,<1 pixel valid (V5: <1 pixel valid)
2230,5,Laut,tidak valid,V5,<1 pixel valid (V5: <1 pixel valid)
2231,5,Laut,tidak valid,V5,<1 pixel valid (V5: <1 pixel valid)
2232,5,Laut,tidak valid,V5,<1 pixel valid (V5: <1 pixel valid)
2233,5,Laut,tidak valid,V5,<1 pixel valid (V5: <1 pixel valid)
2234,5,Laut,tidak valid,V5,<1 pixel valid (V5: <1 pixel valid)
2235,5,Laut,tidak valid,V5,<1 pixel valid (V5: <1 pixel valid)
2236,5,Laut,tidak valid,V5,<1 pixel valid (V5: <1 pixel valid)
2237,5,Laut,tidak valid,V5,<1 pixel valid (V5: <1 pixel valid)
2238,5,Laut,tidak valid,V5,<1 pixel valid (V5: <1 pixel valid)
2239,5,Laut,tidak valid,V5,<1 pixel valid (V5: <1 pixel valid)
2240,5,Laut,tidak valid,V5,<1 pixel valid (V5: <1 pixel valid)
2241,5,Laut,tidak valid,V5,<1 pixel valid (V5: <1 pixel valid)
2242,5,Laut,tidak valid,V5,<1 pixel valid (V5: <1 pixel valid)
2243,5,Laut,tidak valid,V5,<1 pixel valid (V5: <1 pixel valid)
2244,5,Laut,tidak valid,V5,<1 pixel valid (V5: <1 pixel valid)
2245,5,Laut,tidak valid,V5,<1 pixel valid (V5: <1 pixel valid)
2246,5,Laut,tidak valid,V5,<1 pixel valid (V5: <1 pixel valid)
2247,5,Laut,tidak valid,V5,<1 pixel valid (V5: <1 pixel valid)
2248,5,Laut,tidak valid,V5,<1 pixel valid (V5: <1 pixel valid)
2249,5,Laut,tidak valid,V5,<1 pixel valid (V5: <1 pixel valid)
2250,5,Laut,tidak valid,V5,<1 pixel valid (V5: <1 pixel valid)
2251,5,Laut,tidak valid,V5,<1 pixel valid (V5: <1 pixel valid)
2252,5,Laut,tidak valid,V5,<1 pixel valid (V5: <1 pixel valid)
2253,5,Laut,tidak valid,V5,<1 pixel valid (V5: <1 pixel valid)
2254,5,Laut,tidak valid,V5,<1 pixel valid (V5: <1 pixel valid)
2255,5,Laut,tidak valid,V5,<1 pixel valid (V5: <1 pixel valid)
2256,5,Laut,tidak valid,V5,<1 pixel valid (V5: <1 pixel valid)
2257,5,Laut,tidak valid,V5,<1 pixel valid (V5: <1 pixel valid)
2258,5,Laut,tidak valid,V5,<1 pixel valid (V5: <1 pixel valid)
2259,5,Laut,tidak valid,V5,<1 pixel valid (V5: <1 pixel valid)
2260,5,Laut,tidak valid,V5,<1 pixel valid (V5: <1 pixel valid)
2261,5,Laut,tidak valid,V5,<1 pixel valid (V5: <1 pixel valid)
2262,5,Laut,tidak valid,V5,<1 pixel valid (V5: <1 pixel valid)
2264,5,Laut,tidak valid,V5,<1 pixel valid (V5: <1 pixel valid)
2267,5,Laut,tidak valid,V5,<1 pixel valid (V5: <1 pixel valid)
2268,5,Laut,tidak valid,V5,<1 pixel valid (V5: <1 pixel valid)
2269,5,Laut,tidak valid,V5,<1 pixel valid (V5: <1 pixel valid)
2270,5,Laut,tidak valid,V5,<1 pixel valid (V5: <1 pixel valid)
2271,5,Laut,tidak valid,V5,<1 pixel valid (V5: <1 pixel valid)
2272,5,Laut,tidak valid,V5,<1 pixel valid (V5: <1 pixel valid)
2273,5,Laut,tidak valid,V5,<1 pixel valid (V5: <1 pixel valid)
2274,5,Laut,tidak valid,V5,<1 pixel valid (V5: <1 pixel valid)
2275,5,Laut,tidak valid,V5,<1 pixel valid (V5: <1 pixel valid)
2276,5,Laut,tidak valid,V5,<1 pixel valid (V5: <1 pixel valid)
2277,5,Laut,tidak valid,V5,<1 pixel valid (V5: <1 pixel valid)
2278,5,Laut,tidak valid,V5,<1 pixel valid (V5: <1 pixel valid)
2279,5,Laut,tidak valid,V5,<1 pixel valid (V5: <1 pixel valid)
2280,5,Laut,tidak valid,V5,<1 pixel valid (V5: <1 pixel valid)
2281,5,Laut,tidak valid,V5,<1 pixel valid (V5: <1 pixel valid)
2282,5,Laut,tidak valid,V5,<1 pixel valid (V5: <1 pixel valid)
2283,5,Laut,tidak valid,V5,<1 pixel valid (V5: <1 pixel valid)
2284,5,Laut,tidak valid,V5,<1 pixel valid (V5: <1 pixel valid)
2285,5,Laut,tidak valid,V5,<1 pixel valid (V5: <1 pixel valid)
2286,5,Laut,tidak valid,V5,<1 pixel valid (V5: <1 pixel valid)
2287,5,Laut,tidak valid,V5,<1 pixel valid (V5: <1 pixel valid)
2288,5,Laut,tidak valid,V5,<1 pixel valid (V5: <1 pixel valid)
2289,5,Laut,tidak valid,V5,<1 pixel valid (V5: <1 pixel valid)
2290,5,Laut,tidak valid,V5,<1 pixel valid (V5: <1 pixel valid)
2291,5,Laut,tidak valid,V5,<1 pixel valid (V5: <1 pixel valid)
2292,5,Laut,tidak valid,V5,<1 pixel valid (V5: <1 pixel valid)
2293,5,Laut,tidak valid,V5,<1 pixel valid (V5: <1 pixel valid)
2294,5,Laut,tidak valid,V5,<1 pixel valid (V5: <1 pixel valid)
2295,5,Laut,tidak valid,V5,<1 pixel valid (V5: <1 pixel valid)
2296,5,Laut,tidak valid,V5,<1 pixel valid (V5: <1 pixel valid)
2297,5,Laut,tidak valid,V5,<1 pixel valid (V5: <1 pixel valid)
2298,5,Laut,tidak valid,V5,<1 pixel valid (V5: <1 pixel valid)
2299,5,Laut,tidak valid,V5,<1 pixel valid (V5: <1 pixel valid)
2300,5,Laut,tidak valid,V5,<1 pixel valid (V5: <1 pixel valid)
2301,5,Laut,tidak valid,V5,<1 pixel valid (V5: <1 pixel valid)
2302,5,Laut,tidak valid,V5,<1 pixel valid (V5: <1 pixel valid)
2303,5,Laut,tidak valid,V5,<1 pixel valid (V5: <1 pixel valid)
2304,5,Laut,tidak valid,V5,<1 pixel valid (V5: <1 pixel valid)
2305,5,Laut,tidak valid,V5,<1 pixel valid (V5: <1 pixel valid)
2306,5,Laut,tidak valid,V5,<1 pixel valid (V5: <1 pixel valid)
2307,5,Laut,tidak valid,V5,<1 pixel valid (V5: <1 pixel valid)
2308,5,Laut,tidak valid,V5,<1 pixel valid (V5: <1 pixel valid)
2309,5,Laut,tidak valid,V5,<1 pixel valid (V5: <1 pixel valid)
2310,5,Laut,tidak valid,V5,<1 pixel valid (V5: <1 pixel valid)
2311,5,Laut,tidak valid,V5,<1 pixel valid (V5: <1 pixel valid)
2312,5,Laut,tidak valid,V5,<1 pixel valid (V5: <1 pixel valid)
2313,5,Laut,tidak valid,V5,<1 pixel valid (V5: <1 pixel valid)
2314,5,Laut,tidak valid,V5,<1 pixel valid (V5: <1 pixel valid)
2315,5,Laut,tidak valid,V5,<1 pixel valid (V5: <1 pixel valid)
2316,5,Laut,tidak valid,V5,<1 pixel valid (V5: <1 pixel valid)
2317,5,Laut,tidak valid,V5,<1 pixel valid (V5: <1 pixel valid)
2318,5,Laut,tidak valid,V5,<1 pixel valid (V5: <1 pixel valid)
2319,5,Laut,tidak valid,V5,<1 pixel valid (V5: <1 pixel valid)
2320,5,Laut,tidak valid,V5,<1 pixel valid (V5: <1 pixel valid)
2321,5,Laut,tidak valid,V5,<1 pixel valid (V5: <1 pixel valid)
2322,5,Laut,tidak valid,V5,<1 pixel valid (V5: <1 pixel valid)
2323,5,Laut,tidak valid,V5,<1 pixel valid (V5: <1 pixel valid)
2324,5,Laut,tidak valid,V5,<1 pixel valid (V5: <1 pixel valid)
2325,5,Laut,tidak valid,V5,<1 pixel valid (V5: <1 pixel valid)
2326,5,Laut,tidak valid,V5,<1 pixel valid (V5: <1 pixel valid)
2327,5,Laut,tidak valid,V5,<1 pixel valid (V5: <1 pixel valid)
2328,5,Laut,tidak valid,V5,<1 pixel valid (V5: <1 pixel valid)
2329,5,Laut,tidak valid,V5,<1 pixel valid (V5: <1 pixel valid)
2330,5,Laut,tidak valid,V5,<1 pixel valid (V5: <1 pixel valid)
2331,5,Laut,tidak valid,V5,<1 pixel valid (V5: <1 pixel valid)
2332,5,Laut,tidak valid,V5,<1 pixel valid (V5: <1 pixel valid)
2333,5,Laut,tidak valid,V5,<1 pixel valid (V5: <1 pixel valid)
2334,5,Laut,tidak valid,V5,<1 pixel valid (V5: <1 pixel valid)
2335,5,Laut,tidak valid,V5,<1 pixel valid (V5: <1 pixel valid)
2336,5,Laut,tidak valid,V5,<1 pixel valid (V5: <1 pixel valid)
2337,5,Laut,tidak valid,V5,<1 pixel valid (V5: <1 pixel valid)
2338,5,Laut,tidak valid,V5,<1 pixel valid (V5: <1 pixel valid)
2339,5,Laut,tidak valid,V5,<1 pixel valid (V5: <1 pixel valid)
2340,5,Laut,tidak valid,V5,<1 pixel valid (V5: <1 pixel valid)
2341,5,Laut,tidak valid,V5,<1 pixel valid (V5: <1 pixel valid)
2342,5,Laut,tidak valid,V5,<1 pixel valid (V5: <1 pixel valid)
2343,5,Laut,tidak valid,V5,<1 pixel valid (V5: <1 pixel valid)
2344,5,Laut,tidak valid,V5,<1 pixel valid (V5: <1 pixel valid)
2345,5,Laut,tidak valid,V5,<1 pixel valid (V5: <1 pixel valid)
2346,5,Laut,tidak valid,V5,<1 pixel valid (V5: <1 pixel valid)
2347,5,Laut,tidak valid,V5,<1 pixel valid (V5: <1 pixel valid)
2348,5,Laut,tidak valid,V5,<1 pixel valid (V5: <1 pixel valid)
2349,5,Laut,tidak valid,V5,<1 pixel valid (V5: <1 pixel valid)
2350,5,Laut,tidak valid,V5,<1 pixel valid (V5: <1 pixel valid)
2351,5,Laut,tidak valid,V5,<1 pixel valid (V5: <1 pixel valid)
2352,5,Laut,tidak valid,V5,<1 pixel valid (V5: <1 pixel valid)
2353,5,Laut,tidak valid,V5,<1 pixel valid (V5: <1 pixel valid)
2354,5,Laut,tidak valid,V5,<1 pixel valid (V5: <1 pixel valid)
2355,5,Laut,tidak valid,V5,<1 pixel valid (V5: <1 pixel valid)
2356,5,Laut,tidak valid,V5,<1 pixel valid (V5: <1 pixel valid)
2357,5,Laut,tidak valid,V5,<1 pixel valid (V5: <1 pixel valid)
2358,5,Laut,tidak valid,V5,<1 pixel valid (V5: <1 pixel valid)
2359,5,Laut,tidak valid,V5,<1 pixel valid (V5: <1 pixel valid)
2360,5,Laut,tidak valid,V5,<1 pixel valid (V5: <1 pixel valid)
2361,5,Laut,tidak valid,V5,<1 pixel valid (V5: <1 pixel valid)
2362,5,Laut,tidak valid,V5,<1 pixel valid (V5: <1 pixel valid)
2363,5,Laut,tidak valid,V5,<1 pixel valid (V5: <1 pixel valid)
2364,5,Laut,tidak valid,V5,<1 pixel valid (V5: <1 pixel valid)
2365,5,Laut,tidak valid,V5,<1 pixel valid (V5: <1 pixel valid)
2366,5,Laut,tidak valid,V5,<1 pixel valid (V5: <1 pixel valid)
2367,5,Laut,tidak valid,V5,<1 pixel valid (V5: <1 pixel valid)
2368,5,Laut,tidak valid,V5,<1 pixel valid (V5: <1 pixel valid)
2369,5,Laut,tidak valid,V5,<1 pixel valid (V5: <1 pixel valid)
2370,5,Laut,tidak valid,V5,<1 pixel valid (V5: <1 pixel valid)
2371,5,Laut,tidak valid,V5,<1 pixel valid (V5: <1 pixel valid)
2372,5,Laut,tidak valid,V5,<1 pixel valid (V5: <1 pixel valid)
2373,5,Laut,tidak valid,V5,<1 pixel valid (V5: <1 pixel valid)
2374,5,Laut,tidak valid,V5,<1 pixel valid (V5: <1 pixel valid)
2375,5,Laut,tidak valid,V5,<1 pixel valid (V5: <1 pixel valid)
2376,5,Laut,tidak valid,V5,<1 pixel valid (V5: <1 pixel valid)
2377,5,Laut,tidak valid,V5,<1 pixel valid (V5: <1 pixel valid)
2378,5,Laut,tidak valid,V5,<1 pixel valid (V5: <1 pixel valid)
2379,5,Laut,tidak valid,V5,<1 pixel valid (V5: <1 pixel valid)
2380,5,Laut,tidak valid,V5,<1 pixel valid (V5: <1 pixel valid)
2381,5,Laut,tidak valid,V5,<1 pixel valid (V5: <1 pixel valid)
2382,5,Laut,tidak valid,V5,<1 pixel valid (V5: <1 pixel valid)
2383,5,Laut,tidak valid,V5,<1 pixel valid (V5: <1 pixel valid)
2384,5,Laut,tidak valid,V5,<1 pixel valid (V5: <1 pixel valid)
2385,5,Laut,tidak valid,V5,<1 pixel valid (V5: <1 pixel valid)
2386,5,Laut,tidak valid,V5,<1 pixel valid (V5: <1 pixel valid)
2387,5,Laut,tidak valid,V5,<1 pixel valid (V5: <1 pixel valid)
2388,5,Laut,tidak valid,V5,<1 pixel valid (V5: <1 pixel valid)
2389,5,Laut,tidak valid,V5,<1 pixel valid (V5: <1 pixel valid)
2390,5,Laut,tidak valid,V5,<1 pixel valid (V5: <1 pixel valid)
2391,5,Laut,tidak valid,V5,<1 pixel valid (V5: <1 pixel valid)
2392,5,Laut,tidak valid,V5,<1 pixel valid (V5: <1 pixel valid)
2393,5,Laut,tidak valid,V5,<1 pixel valid (V5: <1 pixel valid)
2394,5,Laut,tidak valid,V5,<1 pixel valid (V5: <1 pixel valid)
2395,5,Laut,tidak valid,V5,<1 pixel valid (V5: <1 pixel valid)
2396,5,Laut,tidak valid,V5,<1 pixel valid (V5: <1 pixel valid)
2397,5,Laut,tidak valid,V5,<1 pixel valid (V5: <1 pixel valid)
2398,5,Laut,tidak valid,V5,<1 pixel valid (V5: <1 pixel valid)
2399,5,Laut,tidak valid,V5,<1 pixel valid (V5: <1 pixel valid)
2400,5,Laut,tidak valid,V5,<1 pixel valid (V5: <1 pixel valid)
2401,5,Laut,tidak valid,V5,<1 pixel valid (V5: <1 pixel valid)
2402,5,Laut,tidak valid,V5,<1 pixel valid (V5: <1 pixel valid)
2403,5,Laut,tidak valid,V5,<1 pixel valid (V5: <1 pixel valid)
2404,5,Laut,tidak valid,V5,<1 pixel valid (V5: <1 pixel valid)
2405,5,Laut,tidak valid,V5,<1 pixel valid (V5: <1 pixel valid)
2406,5,Laut,tidak valid,V5,<1 pixel valid (V5: <1 pixel valid)
2407,5,Laut,tidak valid,V5,<1 pixel valid (V5: <1 pixel valid)
2408,5,Laut,tidak valid,V5,<1 pixel valid (V5: <1 pixel valid)
2409,5,Laut,tidak valid,V5,<1 pixel valid (V5: <1 pixel valid)
2410,5,Laut,tidak valid,V5,<1 pixel valid (V5: <1 pixel valid)
2411,5,Laut,tidak valid,V5,<1 pixel valid (V5: <1 pixel valid)
2412,5,Laut,tidak valid,V5,<1 pixel valid (V5: <1 pixel valid)
2413,5,Laut,tidak valid,V5,<1 pixel valid (V5: <1 pixel valid)
2414,5,Laut,tidak valid,V5,<1 pixel valid (V5: <1 pixel valid)
2415,5,Laut,tidak valid,V5,<1 pixel valid (V5: <1 pixel valid)
2416,5,Laut,tidak valid,V5,<1 pixel valid (V5: <1 pixel valid)
2417,5,Laut,tidak valid,V5,<1 pixel valid (V5: <1 pixel valid)
2418,5,Laut,tidak valid,V5,<1 pixel valid (V5: <1 pixel valid)
2419,5,Laut,tidak valid,V5,<1 pixel valid (V5: <1 pixel valid)
2420,5,Laut,tidak valid,V5,<1 pixel valid (V5: <1 pixel valid)
2421,5,Laut,tidak valid,V5,<1 pixel valid (V5: <1 pixel valid)
2422,5,Laut,tidak valid,V5,<1 pixel valid (V5: <1 pixel valid)
2423,5,Laut,tidak valid,V5,<1 pixel valid (V5: <1 pixel valid)
2424,5,Laut,tidak valid,V5,<1 pixel valid (V5: <1 pixel valid)
2425,5,Laut,tidak valid,V5,<1 pixel valid (V5: <1 pixel valid)
2426,5,Laut,tidak valid,V5,<1 pixel valid (V5: <1 pixel valid)
2427,5,Laut,tidak valid,V5,<1 pixel valid (V5: <1 pixel valid)
2428,5,Laut,tidak valid,V5,<1 pixel valid (V5: <1 pixel valid)
2429,5,Laut,tidak valid,V5,<1 pixel valid (V5: <1 pixel valid)
2430,5,Laut,tidak valid,V5,<1 pixel valid (V5: <1 pixel valid)
2431,5,Laut,tidak valid,V5,<1 pixel valid (V5: <1 pixel valid)
2432,5,Laut,tidak valid,V5,<1 pixel valid (V5: <1 pixel valid)
2433,5,Laut,tidak valid,V5,<1 pixel valid (V5: <1 pixel valid)
2434,5,Laut,tidak valid,V5,<1 pixel valid (V5: <1 pixel valid)
2435,5,Laut,tidak valid,V5,<1 pixel valid (V5: <1 pixel valid)
2436,5,Laut,tidak valid,V5,<1 pixel valid (V5: <1 pixel valid)
2437,5,Laut,tidak valid,V5,<1 pixel valid (V5: <1 pixel valid)
2438,5,Laut,tidak valid,V5,<1 pixel valid (V5: <1 pixel valid)
2439,5,Laut,tidak valid,V5,<1 pixel valid (V5: <1 pixel valid)
2440,5,Laut,tidak valid,V5,<1 pixel valid (gagal baca: ValueError)
2441,5,Laut,tidak valid,V5,<1 pixel valid (gagal baca: ValueError)
2442,5,Laut,tidak valid,V5,<1 pixel valid (gagal baca: ValueError)
2443,5,Laut,tidak valid,V5,<1 pixel valid (gagal baca: ValueError)
2444,5,Laut,tidak valid,V5,<1 pixel valid (gagal baca: ValueError)
2445,5,Laut,tidak valid,V5,<1 pixel valid (V5: <1 pixel valid)
2446,5,Laut,tidak valid,V5,<1 pixel valid (V5: <1 pixel valid)
2447,5,Laut,tidak valid,V5,<1 pixel valid (V5: <1 pixel valid)
2448,5,Laut,tidak valid,V5,<1 pixel valid (V5: <1 pixel valid)
2449,5,Laut,tidak valid,V5,<1 pixel valid (V5: <1 pixel valid)
2450,5,Laut,tidak valid,V5,<1 pixel valid (V5: <1 pixel valid)
2451,5,Laut,tidak valid,V5,<1 pixel valid (V5: <1 pixel valid)
2452,5,Laut,tidak valid,V5,<1 pixel valid (V5: <1 pixel valid)
2453,5,Laut,tidak valid,V5,<1 pixel valid (V5: <1 pixel valid)
2454,5,Laut,tidak valid,V5,<1 pixel valid (V5: <1 pixel valid)
2455,5,Laut,tidak valid,V5,<1 pixel valid (V5: <1 pixel valid)
2456,5,Laut,tidak valid,V5,<1 pixel valid (V5: <1 pixel valid)
2457,5,Laut,tidak valid,V5,<1 pixel valid (V5: <1 pixel valid)
2458,5,Laut,tidak valid,V5,<1 pixel valid (V5: <1 pixel valid)
2459,5,Laut,tidak valid,V5,<1 pixel valid (V5: <1 pixel valid)
2460,5,Laut,tidak valid,V5,<1 pixel valid (V5: <1 pixel valid)
2461,5,Laut,tidak valid,V5,<1 pixel valid (V5: <1 pixel valid)
2462,5,Laut,tidak valid,V5,<1 pixel valid (V5: <1 pixel valid)
2463,5,Laut,tidak valid,V5,<1 pixel valid (V5: <1 pixel valid)
2464,5,Laut,tidak valid,V5,<1 pixel valid (V5: <1 pixel valid)
2465,5,Laut,tidak valid,V5,<1 pixel valid (V5: <1 pixel valid)
2466,5,Laut,tidak valid,V5,<1 pixel valid (V5: <1 pixel valid)
2467,5,Laut,tidak valid,V5,<1 pixel valid (V5: <1 pixel valid)
2468,5,Laut,tidak valid,V5,<1 pixel valid (V5: <1 pixel valid)
2469,5,Laut,tidak valid,V5,<1 pixel valid (V5: <1 pixel valid)
2470,5,Laut,tidak valid,V5,<1 pixel valid (V5: <1 pixel valid)
2471,5,Laut,tidak valid,V5,<1 pixel valid (V5: <1 pixel valid)
2472,5,Laut,tidak valid,V5,<1 pixel valid (V5: <1 pixel valid)
2473,5,Laut,tidak valid,V5,<1 pixel valid (V5: <1 pixel valid)
2474,5,Laut,tidak valid,V5,<1 pixel valid (V5: <1 pixel valid)
2475,5,Laut,tidak valid,V5,<1 pixel valid (V5: <1 pixel valid)
2476,5,Laut,tidak valid,V5,<1 pixel valid (V5: <1 pixel valid)
2477,5,Laut,tidak valid,V5,<1 pixel valid (V5: <1 pixel valid)
2478,5,Laut,tidak valid,V5,<1 pixel valid (V5: <1 pixel valid)
2479,5,Laut,tidak valid,V5,<1 pixel valid (V5: <1 pixel valid)
2480,5,Laut,tidak valid,V5,<1 pixel valid (V5: <1 pixel valid)
2481,5,Laut,tidak valid,V5,<1 pixel valid (V5: <1 pixel valid)
2482,5,Laut,tidak valid,V5,<1 pixel valid (V5: <1 pixel valid)
2483,5,Laut,tidak valid,V5,<1 pixel valid (V5: <1 pixel valid)
2484,5,Laut,tidak valid,V5,<1 pixel valid (V5: <1 pixel valid)
2485,5,Laut,tidak valid,V5,<1 pixel valid (V5: <1 pixel valid)
2486,5,Laut,tidak valid,V5,<1 pixel valid (V5: <1 pixel valid)
2487,5,Laut,tidak valid,V5,<1 pixel valid (V5: <1 pixel valid)
2488,5,Laut,tidak valid,V5,<1 pixel valid (V5: <1 pixel valid)
2489,5,Laut,tidak valid,V5,<1 pixel valid (V5: <1 pixel valid)
2490,5,Laut,tidak valid,V5,<1 pixel valid (V5: <1 pixel valid)
2491,5,Laut,tidak valid,V5,<1 pixel valid (V5: <1 pixel valid)
2492,5,Laut,tidak valid,V5,<1 pixel valid (V5: <1 pixel valid)
2493,5,Laut,tidak valid,V5,<1 pixel valid (V5: <1 pixel valid)
2494,5,Laut,tidak valid,V5,<1 pixel valid (V5: <1 pixel valid)
2495,5,Laut,tidak valid,V5,<1 pixel valid (gagal baca: ValueError)
2496,5,Laut,tidak valid,V5,<1 pixel valid (gagal baca: ValueError)
2497,5,Laut,tidak valid,V5,<1 pixel valid (gagal baca: ValueError)
2498,5,Laut,tidak valid,V5,<1 pixel valid (gagal baca: ValueError)
2499,5,Laut,tidak valid,V5,<1 pixel valid (gagal baca: ValueError)
2500,6,Danau,tidak valid,V5,<1 pixel valid (V5: <1 pixel valid)
2501,6,Danau,tidak valid,V5,<1 pixel valid (V5: <1 pixel valid)
2502,6,Danau,tidak valid,V5,<1 pixel valid (V5: <1 pixel valid)
2503,6,Danau,tidak valid,V5,<1 pixel valid (V5: <1 pixel valid)
2504,6,Danau,tidak valid,V5,<1 pixel valid (V5: <1 pixel valid)
2505,6,Danau,tidak valid,V5,<1 pixel valid (V5: <1 pixel valid)
2506,6,Danau,tidak valid,V5,<1 pixel valid (V5: <1 pixel valid)
2507,6,Danau,tidak valid,V5,<1 pixel valid (V5: <1 pixel valid)
2508,6,Danau,tidak valid,V5,<1 pixel valid (V5: <1 pixel valid)
2509,6,Danau,tidak valid,V5,<1 pixel valid (V5: <1 pixel valid)
2510,6,Danau,tidak valid,V5,<1 pixel valid (V5: <1 pixel valid)
2511,6,Danau,tidak valid,V5,<1 pixel valid (V5: <1 pixel valid)
2512,6,Danau,tidak valid,V5,<1 pixel valid (V5: <1 pixel valid)
2513,6,Danau,tidak valid,V5,<1 pixel valid (V5: <1 pixel valid)
2514,6,Danau,tidak valid,V5,<1 pixel valid (V5: <1 pixel valid)
2515,6,Danau,tidak valid,V5,<1 pixel valid (V5: <1 pixel valid)
2516,6,Danau,tidak valid,V5,<1 pixel valid (V5: <1 pixel valid)
2517,6,Danau,tidak valid,V5,<1 pixel valid (V5: <1 pixel valid)
2518,6,Danau,tidak valid,V5,<1 pixel valid (V5: <1 pixel valid)
2519,6,Danau,tidak valid,V5,<1 pixel valid (V5: <1 pixel valid)
2520,6,Danau,tidak valid,V5,<1 pixel valid (V5: <1 pixel valid)
2521,6,Danau,tidak valid,V5,<1 pixel valid (V5: <1 pixel valid)
2522,6,Danau,tidak valid,V5,<1 pixel valid (V5: <1 pixel valid)
2523,6,Danau,tidak valid,V5,<1 pixel valid (V5: <1 pixel valid)
2524,6,Danau,tidak valid,V5,<1 pixel valid (V5: <1 pixel valid)
2525,6,Danau,tidak valid,V5,<1 pixel valid (V5: <1 pixel valid)
2526,6,Danau,tidak valid,V5,<1 pixel valid (V5: <1 pixel valid)
2527,6,Danau,tidak valid,V5,<1 pixel valid (V5: <1 pixel valid)
2528,6,Danau,tidak valid,V5,<1 pixel valid (V5: <1 pixel valid)
2529,6,Danau,tidak valid,V5,<1 pixel valid (V5: <1 pixel valid)
2530,6,Danau,tidak valid,V5,<1 pixel valid (gagal baca: ValueError)
2531,6,Danau,tidak valid,V5,<1 pixel valid (V5: <1 pixel valid)
2532,6,Danau,tidak valid,V5,<1 pixel valid (V5: <1 pixel valid)
2533,6,Danau,tidak valid,V5,<1 pixel valid (V5: <1 pixel valid)
2534,6,Danau,tidak valid,V5,<1 pixel valid (V5: <1 pixel valid)
2535,6,Danau,tidak valid,V5,<1 pixel valid (V5: <1 pixel valid)
2536,6,Danau,tidak valid,V5,<1 pixel valid (V5: <1 pixel valid)
2537,6,Danau,tidak valid,V5,<1 pixel valid (V5: <1 pixel valid)
2538,6,Danau,tidak valid,V5,<1 pixel valid (V5: <1 pixel valid)
2539,6,Danau,tidak valid,V5,<1 pixel valid (V5: <1 pixel valid)
2540,6,Danau,tidak valid,V5,<1 pixel valid (V5: <1 pixel valid)
2541,6,Danau,tidak valid,V5,<1 pixel valid (V5: <1 pixel valid)
2542,6,Danau,tidak valid,V5,<1 pixel valid (V5: <1 pixel valid)
2543,6,Danau,tidak valid,V5,<1 pixel valid (V5: <1 pixel valid)
2544,6,Danau,tidak valid,V5,<1 pixel valid (V5: <1 pixel valid)
2545,6,Danau,tidak valid,V5,<1 pixel valid (V5: <1 pixel valid)
2546,6,Danau,tidak valid,V5,<1 pixel valid (V5: <1 pixel valid)
2547,6,Danau,tidak valid,V5,<1 pixel valid (V5: <1 pixel valid)
2548,6,Danau,tidak valid,V5,<1 pixel valid (V5: <1 pixel valid)
2549,6,Danau,tidak valid,V5,<1 pixel valid (V5: <1 pixel valid)
2550,6,Danau,tidak valid,V5,<1 pixel valid (V5: <1 pixel valid)
2551,6,Danau,tidak valid,V5,<1 pixel valid (V5: <1 pixel valid)
2552,6,Danau,valid tidak terpilih (kuota),KUOTA,valid tetapi tidak terambil acak 50/kelas
2553,6,Danau,valid tidak terpilih (kuota),KUOTA,valid tetapi tidak terambil acak 50/kelas
2554,6,Danau,valid tidak terpilih (kuota),KUOTA,valid tetapi tidak terambil acak 50/kelas
2555,6,Danau,valid tidak terpilih (kuota),KUOTA,valid tetapi tidak terambil acak 50/kelas
2556,6,Danau,valid tidak terpilih (kuota),KUOTA,valid tetapi tidak terambil acak 50/kelas
2557,6,Danau,valid tidak terpilih (kuota),KUOTA,valid tetapi tidak terambil acak 50/kelas
2558,6,Danau,valid tidak terpilih (kuota),KUOTA,valid tetapi tidak terambil acak 50/kelas
2559,6,Danau,valid tidak terpilih (kuota),KUOTA,valid tetapi tidak terambil acak 50/kelas
2560,6,Danau,valid tidak terpilih (kuota),KUOTA,valid tetapi tidak terambil acak 50/kelas
2562,6,Danau,valid tidak terpilih (kuota),KUOTA,valid tetapi tidak terambil acak 50/kelas
2563,6,Danau,valid tidak terpilih (kuota),KUOTA,valid tetapi tidak terambil acak 50/kelas
2564,6,Danau,valid tidak terpilih (kuota),KUOTA,valid tetapi tidak terambil acak 50/kelas
2565,6,Danau,valid tidak terpilih (kuota),KUOTA,valid tetapi tidak terambil acak 50/kelas
2566,6,Danau,valid tidak terpilih (kuota),KUOTA,valid tetapi tidak terambil acak 50/kelas
2568,6,Danau,tidak valid,V5,<1 pixel valid (V5: <1 pixel valid)
2569,6,Danau,tidak valid,V5,<1 pixel valid (V5: <1 pixel valid)
2570,6,Danau,tidak valid,V5,<1 pixel valid (V5: <1 pixel valid)
2572,6,Danau,tidak valid,V5,<1 pixel valid (V5: <1 pixel valid)
2573,6,Danau,tidak valid,V5,<1 pixel valid (V5: <1 pixel valid)
2574,6,Danau,tidak valid,V5,<1 pixel valid (V5: <1 pixel valid)
2575,6,Danau,tidak valid,V5,<1 pixel valid (V5: <1 pixel valid)
2576,6,Danau,tidak valid,V5,<1 pixel valid (V5: <1 pixel valid)
2577,6,Danau,valid tidak terpilih (kuota),KUOTA,valid tetapi tidak terambil acak 50/kelas
2579,6,Danau,valid tidak terpilih (kuota),KUOTA,valid tetapi tidak terambil acak 50/kelas
2580,6,Danau,tidak valid,V5,<1 pixel valid (V5: <1 pixel valid)
2581,6,Danau,valid tidak terpilih (kuota),KUOTA,valid tetapi tidak terambil acak 50/kelas
2582,6,Danau,valid tidak terpilih (kuota),KUOTA,valid tetapi tidak terambil acak 50/kelas
2583,6,Danau,valid tidak terpilih (kuota),KUOTA,valid tetapi tidak terambil acak 50/kelas
2584,6,Danau,valid tidak terpilih (kuota),KUOTA,valid tetapi tidak terambil acak 50/kelas
2585,6,Danau,valid tidak terpilih (kuota),KUOTA,valid tetapi tidak terambil acak 50/kelas
2587,6,Danau,valid tidak terpilih (kuota),KUOTA,valid tetapi tidak terambil acak 50/kelas
2588,6,Danau,valid tidak terpilih (kuota),KUOTA,valid tetapi tidak terambil acak 50/kelas
2589,6,Danau,valid tidak terpilih (kuota),KUOTA,valid tetapi tidak terambil acak 50/kelas
2590,6,Danau,valid tidak terpilih (kuota),KUOTA,valid tetapi tidak terambil acak 50/kelas
2592,6,Danau,valid tidak terpilih (kuota),KUOTA,valid tetapi tidak terambil acak 50/kelas
2593,6,Danau,valid tidak terpilih (kuota),KUOTA,valid tetapi tidak terambil acak 50/kelas
2594,6,Danau,valid tidak terpilih (kuota),KUOTA,valid tetapi tidak terambil acak 50/kelas
2595,6,Danau,valid tidak terpilih (kuota),KUOTA,valid tetapi tidak terambil acak 50/kelas
2596,6,Danau,valid tidak terpilih (kuota),KUOTA,valid tetapi tidak terambil acak 50/kelas
2597,6,Danau,valid tidak terpilih (kuota),KUOTA,valid tetapi tidak terambil acak 50/kelas
2598,6,Danau,valid tidak terpilih (kuota),KUOTA,valid tetapi tidak terambil acak 50/kelas
2599,6,Danau,valid tidak terpilih (kuota),KUOTA,valid tetapi tidak terambil acak 50/kelas
2600,6,Danau,valid tidak terpilih (kuota),KUOTA,valid tetapi tidak terambil acak 50/kelas
2601,6,Danau,valid tidak terpilih (kuota),KUOTA,valid tetapi tidak terambil acak 50/kelas
2602,6,Danau,valid tidak terpilih (kuota),KUOTA,valid tetapi tidak terambil acak 50/kelas
2603,6,Danau,valid tidak terpilih (kuota),KUOTA,valid tetapi tidak terambil acak 50/kelas
2604,6,Danau,valid tidak terpilih (kuota),KUOTA,valid tetapi tidak terambil acak 50/kelas
2605,6,Danau,valid tidak terpilih (kuota),KUOTA,valid tetapi tidak terambil acak 50/kelas
2607,6,Danau,valid tidak terpilih (kuota),KUOTA,valid tetapi tidak terambil acak 50/kelas
2608,6,Danau,valid tidak terpilih (kuota),KUOTA,valid tetapi tidak terambil acak 50/kelas
2609,6,Danau,valid tidak terpilih (kuota),KUOTA,valid tetapi tidak terambil acak 50/kelas
2610,6,Danau,valid tidak terpilih (kuota),KUOTA,valid tetapi tidak terambil acak 50/kelas
2611,6,Danau,valid tidak terpilih (kuota),KUOTA,valid tetapi tidak terambil acak 50/kelas
2612,6,Danau,valid tidak terpilih (kuota),KUOTA,valid tetapi tidak terambil acak 50/kelas
2613,6,Danau,valid tidak terpilih (kuota),KUOTA,valid tetapi tidak terambil acak 50/kelas
2614,6,Danau,valid tidak terpilih (kuota),KUOTA,valid tetapi tidak terambil acak 50/kelas
2615,6,Danau,valid tidak terpilih (kuota),KUOTA,valid tetapi tidak terambil acak 50/kelas
2617,6,Danau,valid tidak terpilih (kuota),KUOTA,valid tetapi tidak terambil acak 50/kelas
2618,6,Danau,valid tidak terpilih (kuota),KUOTA,valid tetapi tidak terambil acak 50/kelas
2619,6,Danau,valid tidak terpilih (kuota),KUOTA,valid tetapi tidak terambil acak 50/kelas
2620,6,Danau,valid tidak terpilih (kuota),KUOTA,valid tetapi tidak terambil acak 50/kelas
2622,6,Danau,valid tidak terpilih (kuota),KUOTA,valid tetapi tidak terambil acak 50/kelas
2623,6,Danau,valid tidak terpilih (kuota),KUOTA,valid tetapi tidak terambil acak 50/kelas
2624,6,Danau,valid tidak terpilih (kuota),KUOTA,valid tetapi tidak terambil acak 50/kelas
2625,6,Danau,valid tidak terpilih (kuota),KUOTA,valid tetapi tidak terambil acak 50/kelas
2626,6,Danau,valid tidak terpilih (kuota),KUOTA,valid tetapi tidak terambil acak 50/kelas
2628,6,Danau,valid tidak terpilih (kuota),KUOTA,valid tetapi tidak terambil acak 50/kelas
2629,6,Danau,valid tidak terpilih (kuota),KUOTA,valid tetapi tidak terambil acak 50/kelas
2631,6,Danau,valid tidak terpilih (kuota),KUOTA,valid tetapi tidak terambil acak 50/kelas
2632,6,Danau,valid tidak terpilih (kuota),KUOTA,valid tetapi tidak terambil acak 50/kelas
2633,6,Danau,valid tidak terpilih (kuota),KUOTA,valid tetapi tidak terambil acak 50/kelas
2635,6,Danau,valid tidak terpilih (kuota),KUOTA,valid tetapi tidak terambil acak 50/kelas
2637,6,Danau,valid tidak terpilih (kuota),KUOTA,valid tetapi tidak terambil acak 50/kelas
2638,6,Danau,valid tidak terpilih (kuota),KUOTA,valid tetapi tidak terambil acak 50/kelas
2639,6,Danau,valid tidak terpilih (kuota),KUOTA,valid tetapi tidak terambil acak 50/kelas
2641,6,Danau,valid tidak terpilih (kuota),KUOTA,valid tetapi tidak terambil acak 50/kelas
2642,6,Danau,valid tidak terpilih (kuota),KUOTA,valid tetapi tidak terambil acak 50/kelas
2643,6,Danau,valid tidak terpilih (kuota),KUOTA,valid tetapi tidak terambil acak 50/kelas
2644,6,Danau,valid tidak terpilih (kuota),KUOTA,valid tetapi tidak terambil acak 50/kelas
2646,6,Danau,valid tidak terpilih (kuota),KUOTA,valid tetapi tidak terambil acak 50/kelas
2648,6,Danau,valid tidak terpilih (kuota),KUOTA,valid tetapi tidak terambil acak 50/kelas
2649,6,Danau,valid tidak terpilih (kuota),KUOTA,valid tetapi tidak terambil acak 50/kelas
2650,6,Danau,valid tidak terpilih (kuota),KUOTA,valid tetapi tidak terambil acak 50/kelas
2651,6,Danau,valid tidak terpilih (kuota),KUOTA,valid tetapi tidak terambil acak 50/kelas
2652,6,Danau,valid tidak terpilih (kuota),KUOTA,valid tetapi tidak terambil acak 50/kelas
2653,6,Danau,valid tidak terpilih (kuota),KUOTA,valid tetapi tidak terambil acak 50/kelas
2655,6,Danau,valid tidak terpilih (kuota),KUOTA,valid tetapi tidak terambil acak 50/kelas
2657,6,Danau,valid tidak terpilih (kuota),KUOTA,valid tetapi tidak terambil acak 50/kelas
2660,6,Danau,valid tidak terpilih (kuota),KUOTA,valid tetapi tidak terambil acak 50/kelas
2661,6,Danau,valid tidak terpilih (kuota),KUOTA,valid tetapi tidak terambil acak 50/kelas
2663,6,Danau,valid tidak terpilih (kuota),KUOTA,valid tetapi tidak terambil acak 50/kelas
2664,6,Danau,valid tidak terpilih (kuota),KUOTA,valid tetapi tidak terambil acak 50/kelas
2666,6,Danau,valid tidak terpilih (kuota),KUOTA,valid tetapi tidak terambil acak 50/kelas
2667,6,Danau,valid tidak terpilih (kuota),KUOTA,valid tetapi tidak terambil acak 50/kelas
2668,6,Danau,valid tidak terpilih (kuota),KUOTA,valid tetapi tidak terambil acak 50/kelas
2669,6,Danau,valid tidak terpilih (kuota),KUOTA,valid tetapi tidak terambil acak 50/kelas
2671,6,Danau,valid tidak terpilih (kuota),KUOTA,valid tetapi tidak terambil acak 50/kelas
2673,6,Danau,valid tidak terpilih (kuota),KUOTA,valid tetapi tidak terambil acak 50/kelas
2674,6,Danau,valid tidak terpilih (kuota),KUOTA,valid tetapi tidak terambil acak 50/kelas
2675,6,Danau,valid tidak terpilih (kuota),KUOTA,valid tetapi tidak terambil acak 50/kelas
2676,6,Danau,valid tidak terpilih (kuota),KUOTA,valid tetapi tidak terambil acak 50/kelas
2677,6,Danau,valid tidak terpilih (kuota),KUOTA,valid tetapi tidak terambil acak 50/kelas
2679,6,Danau,valid tidak terpilih (kuota),KUOTA,valid tetapi tidak terambil acak 50/kelas
2680,6,Danau,valid tidak terpilih (kuota),KUOTA,valid tetapi tidak terambil acak 50/kelas
2681,6,Danau,valid tidak terpilih (kuota),KUOTA,valid tetapi tidak terambil acak 50/kelas
2682,6,Danau,valid tidak terpilih (kuota),KUOTA,valid tetapi tidak terambil acak 50/kelas
2683,6,Danau,valid tidak terpilih (kuota),KUOTA,valid tetapi tidak terambil acak 50/kelas
2684,6,Danau,valid tidak terpilih (kuota),KUOTA,valid tetapi tidak terambil acak 50/kelas
2685,6,Danau,valid tidak terpilih (kuota),KUOTA,valid tetapi tidak terambil acak 50/kelas
2686,6,Danau,valid tidak terpilih (kuota),KUOTA,valid tetapi tidak terambil acak 50/kelas
2687,6,Danau,valid tidak terpilih (kuota),KUOTA,valid tetapi tidak terambil acak 50/kelas
2690,6,Danau,valid tidak terpilih (kuota),KUOTA,valid tetapi tidak terambil acak 50/kelas
2691,6,Danau,valid tidak terpilih (kuota),KUOTA,valid tetapi tidak terambil acak 50/kelas
2692,6,Danau,valid tidak terpilih (kuota),KUOTA,valid tetapi tidak terambil acak 50/kelas
2693,6,Danau,valid tidak terpilih (kuota),KUOTA,valid tetapi tidak terambil acak 50/kelas
2694,6,Danau,valid tidak terpilih (kuota),KUOTA,valid tetapi tidak terambil acak 50/kelas
2695,6,Danau,valid tidak terpilih (kuota),KUOTA,valid tetapi tidak terambil acak 50/kelas
2696,6,Danau,valid tidak terpilih (kuota),KUOTA,valid tetapi tidak terambil acak 50/kelas
2698,6,Danau,valid tidak terpilih (kuota),KUOTA,valid tetapi tidak terambil acak 50/kelas
2700,6,Danau,valid tidak terpilih (kuota),KUOTA,valid tetapi tidak terambil acak 50/kelas
2701,6,Danau,valid tidak terpilih (kuota),KUOTA,valid tetapi tidak terambil acak 50/kelas
2703,6,Danau,valid tidak terpilih (kuota),KUOTA,valid tetapi tidak terambil acak 50/kelas
2704,6,Danau,valid tidak terpilih (kuota),KUOTA,valid tetapi tidak terambil acak 50/kelas
2705,6,Danau,tidak valid,V5,<1 pixel valid (V5: <1 pixel valid)
2706,6,Danau,tidak valid,V5,<1 pixel valid (gagal baca: ValueError)
2707,6,Danau,tidak valid,V5,<1 pixel valid (V5: <1 pixel valid)
2708,6,Danau,tidak valid,V5,<1 pixel valid (V5: <1 pixel valid)
2709,6,Danau,tidak valid,V5,<1 pixel valid (V5: <1 pixel valid)
2711,6,Danau,valid tidak terpilih (kuota),KUOTA,valid tetapi tidak terambil acak 50/kelas
2712,6,Danau,valid tidak terpilih (kuota),KUOTA,valid tetapi tidak terambil acak 50/kelas
2713,6,Danau,tidak valid,V5,<1 pixel valid (gagal baca: ValueError)
2714,6,Danau,valid tidak terpilih (kuota),KUOTA,valid tetapi tidak terambil acak 50/kelas
2716,6,Danau,valid tidak terpilih (kuota),KUOTA,valid tetapi tidak terambil acak 50/kelas
2717,6,Danau,tidak valid,V5,<1 pixel valid (gagal baca: ValueError)
2718,6,Danau,tidak valid,V5,<1 pixel valid (V5: <1 pixel valid)
2719,6,Danau,tidak valid,V5,<1 pixel valid (V5: <1 pixel valid)
2720,6,Danau,tidak valid,V5,<1 pixel valid (gagal baca: ValueError)
2721,6,Danau,tidak valid,V5,<1 pixel valid (gagal baca: ValueError)
2722,6,Danau,tidak valid,V5,<1 pixel valid (gagal baca: ValueError)
2723,6,Danau,tidak valid,V5,<1 pixel valid (gagal baca: ValueError)
2724,6,Danau,tidak valid,V5,<1 pixel valid (gagal baca: ValueError)
2725,6,Danau,tidak valid,V5,<1 pixel valid (gagal baca: ValueError)
2726,6,Danau,valid tidak terpilih (kuota),KUOTA,valid tetapi tidak terambil acak 50/kelas
2727,6,Danau,valid tidak terpilih (kuota),KUOTA,valid tetapi tidak terambil acak 50/kelas
2729,6,Danau,valid tidak terpilih (kuota),KUOTA,valid tetapi tidak terambil acak 50/kelas
2730,6,Danau,valid tidak terpilih (kuota),KUOTA,valid tetapi tidak terambil acak 50/kelas
2731,6,Danau,valid tidak terpilih (kuota),KUOTA,valid tetapi tidak terambil acak 50/kelas
2732,6,Danau,valid tidak terpilih (kuota),KUOTA,valid tetapi tidak terambil acak 50/kelas
2733,6,Danau,valid tidak terpilih (kuota),KUOTA,valid tetapi tidak terambil acak 50/kelas
2735,6,Danau,valid tidak terpilih (kuota),KUOTA,valid tetapi tidak terambil acak 50/kelas
2736,6,Danau,valid tidak terpilih (kuota),KUOTA,valid tetapi tidak terambil acak 50/kelas
2738,6,Danau,valid tidak terpilih (kuota),KUOTA,valid tetapi tidak terambil acak 50/kelas
2739,6,Danau,valid tidak terpilih (kuota),KUOTA,valid tetapi tidak terambil acak 50/kelas
2740,6,Danau,valid tidak terpilih (kuota),KUOTA,valid tetapi tidak terambil acak 50/kelas
2741,6,Danau,valid tidak terpilih (kuota),KUOTA,valid tetapi tidak terambil acak 50/kelas
2742,6,Danau,valid tidak terpilih (kuota),KUOTA,valid tetapi tidak terambil acak 50/kelas
2744,6,Danau,valid tidak terpilih (kuota),KUOTA,valid tetapi tidak terambil acak 50/kelas
2745,6,Danau,valid tidak terpilih (kuota),KUOTA,valid tetapi tidak terambil acak 50/kelas
2748,6,Danau,valid tidak terpilih (kuota),KUOTA,valid tetapi tidak terambil acak 50/kelas
2749,6,Danau,valid tidak terpilih (kuota),KUOTA,valid tetapi tidak terambil acak 50/kelas
2750,6,Danau,valid tidak terpilih (kuota),KUOTA,valid tetapi tidak terambil acak 50/kelas
2752,6,Danau,valid tidak terpilih (kuota),KUOTA,valid tetapi tidak terambil acak 50/kelas
2753,6,Danau,valid tidak terpilih (kuota),KUOTA,valid tetapi tidak terambil acak 50/kelas
2755,6,Danau,valid tidak terpilih (kuota),KUOTA,valid tetapi tidak terambil acak 50/kelas
2756,6,Danau,valid tidak terpilih (kuota),KUOTA,valid tetapi tidak terambil acak 50/kelas
2757,6,Danau,valid tidak terpilih (kuota),KUOTA,valid tetapi tidak terambil acak 50/kelas
2759,6,Danau,valid tidak terpilih (kuota),KUOTA,valid tetapi tidak terambil acak 50/kelas
2761,6,Danau,valid tidak terpilih (kuota),KUOTA,valid tetapi tidak terambil acak 50/kelas
2762,6,Danau,valid tidak terpilih (kuota),KUOTA,valid tetapi tidak terambil acak 50/kelas
2763,6,Danau,valid tidak terpilih (kuota),KUOTA,valid tetapi tidak terambil acak 50/kelas
2764,6,Danau,valid tidak terpilih (kuota),KUOTA,valid tetapi tidak terambil acak 50/kelas
2765,6,Danau,valid tidak terpilih (kuota),KUOTA,valid tetapi tidak terambil acak 50/kelas
2768,6,Danau,valid tidak terpilih (kuota),KUOTA,valid tetapi tidak terambil acak 50/kelas
2769,6,Danau,valid tidak terpilih (kuota),KUOTA,valid tetapi tidak terambil acak 50/kelas
2770,6,Danau,valid tidak terpilih (kuota),KUOTA,valid tetapi tidak terambil acak 50/kelas
2772,6,Danau,valid tidak terpilih (kuota),KUOTA,valid tetapi tidak terambil acak 50/kelas
2774,6,Danau,valid tidak terpilih (kuota),KUOTA,valid tetapi tidak terambil acak 50/kelas
2775,6,Danau,valid tidak terpilih (kuota),KUOTA,valid tetapi tidak terambil acak 50/kelas
2777,6,Danau,valid tidak terpilih (kuota),KUOTA,valid tetapi tidak terambil acak 50/kelas
2779,6,Danau,valid tidak terpilih (kuota),KUOTA,valid tetapi tidak terambil acak 50/kelas
2780,6,Danau,valid tidak terpilih (kuota),KUOTA,valid tetapi tidak terambil acak 50/kelas
2781,6,Danau,valid tidak terpilih (kuota),KUOTA,valid tetapi tidak terambil acak 50/kelas
2782,6,Danau,valid tidak terpilih (kuota),KUOTA,valid tetapi tidak terambil acak 50/kelas
2783,6,Danau,tidak valid,V5,<1 pixel valid (V5: <1 pixel valid)
2784,6,Danau,valid tidak terpilih (kuota),KUOTA,valid tetapi tidak terambil acak 50/kelas
2786,6,Danau,tidak valid,V5,<1 pixel valid (V5: <1 pixel valid)
2787,6,Danau,tidak valid,V5,<1 pixel valid (V5: <1 pixel valid)
2788,6,Danau,valid tidak terpilih (kuota),KUOTA,valid tetapi tidak terambil acak 50/kelas
2789,6,Danau,tidak valid,V5,<1 pixel valid (gagal baca: ValueError)
2791,6,Danau,valid tidak terpilih (kuota),KUOTA,valid tetapi tidak terambil acak 50/kelas
2792,6,Danau,tidak valid,V5,<1 pixel valid (gagal baca: ValueError)
2793,6,Danau,tidak valid,V5,<1 pixel valid (gagal baca: ValueError)
2794,6,Danau,tidak valid,V5,<1 pixel valid (gagal baca: ValueError)
2795,6,Danau,tidak valid,V5,<1 pixel valid (gagal baca: ValueError)
2796,6,Danau,tidak valid,V5,<1 pixel valid (V5: <1 pixel valid)
2797,6,Danau,tidak valid,V5,<1 pixel valid (gagal baca: ValueError)
2798,6,Danau,tidak valid,V5,<1 pixel valid (gagal baca: ValueError)
2799,6,Danau,tidak valid,V5,<1 pixel valid (V5: <1 pixel valid)
2800,6,Danau,valid tidak terpilih (kuota),KUOTA,valid tetapi tidak terambil acak 50/kelas
2801,6,Danau,tidak valid,V5,<1 pixel valid (V5: <1 pixel valid)
2802,6,Danau,tidak valid,V5,<1 pixel valid (V5: <1 pixel valid)
2803,6,Danau,tidak valid,V5,<1 pixel valid (V5: <1 pixel valid)
2804,6,Danau,tidak valid,V5,<1 pixel valid (V5: <1 pixel valid)
2805,6,Danau,tidak valid,V5,<1 pixel valid (V5: <1 pixel valid)
2806,6,Danau,tidak valid,V5,<1 pixel valid (V5: <1 pixel valid)
2807,6,Danau,tidak valid,V5,<1 pixel valid (V5: <1 pixel valid)
2808,6,Danau,tidak valid,V5,<1 pixel valid (V5: <1 pixel valid)
2809,6,Danau,tidak valid,V5,<1 pixel valid (V5: <1 pixel valid)
2810,6,Danau,tidak valid,V5,<1 pixel valid (V5: <1 pixel valid)
2811,6,Danau,tidak valid,V5,<1 pixel valid (V5: <1 pixel valid)
2812,6,Danau,tidak valid,V5,<1 pixel valid (V5: <1 pixel valid)
2813,6,Danau,tidak valid,V5,<1 pixel valid (V5: <1 pixel valid)
2814,6,Danau,tidak valid,V5,<1 pixel valid (V5: <1 pixel valid)
2815,6,Danau,tidak valid,V5,<1 pixel valid (V5: <1 pixel valid)
2816,6,Danau,tidak valid,V5,<1 pixel valid (V5: <1 pixel valid)
2817,6,Danau,tidak valid,V5,<1 pixel valid (V5: <1 pixel valid)
2818,6,Danau,tidak valid,V5,<1 pixel valid (V5: <1 pixel valid)
2819,6,Danau,tidak valid,V5,<1 pixel valid (V5: <1 pixel valid)
2820,6,Danau,tidak valid,V5,<1 pixel valid (V5: <1 pixel valid)
2821,6,Danau,tidak valid,V5,<1 pixel valid (V5: <1 pixel valid)
2822,6,Danau,tidak valid,V5,<1 pixel valid (V5: <1 pixel valid)
